experiment_id	dataset_family	figure_panel	manuscript_result_section	spatial_input_record_id	reference_input_record_id	evaluation_resource_record_id	profile_mask_target	reference_dropout_target	project_derivative	formal_status	status_basis	unresolved_issue_id	notes	experiment_record_id	dataset_record_id	experiment_family	formal_experiment_name	internal_experiment_id	spatial_input_record	reference_input_record	reference_condition	decoy_population	stage3a_enabled	stage3b_enabled	stage4_enabled	mapping_backend	mapping_capacity	shared_gene_rule	random_seed	formal_config_path	formal_config_sha1	formal_input_paths	formal_input_sha1s	formal_output_paths	formal_output_sha1s	source_value_paths	source_value_sha1s	redistribution_class	provenance_status	evidence_paths	candidate_status
adult_mouse_kidney_real_profile_mask_endo	low-resolution profile masking	Fig. 2A-B/E	Low-resolution profile masking	LR01_KIDNEY	LR01_KIDNEY		Endo		project-generated masked profile	CONFIRMED	Inherited from Task 4A experiment crosswalk; unresolved/partial records retained.			adult_mouse_kidney_real_profile_mask_endo	LR01_KIDNEY	low-resolution profile masking	Low-resolution profile masking: adult_mouse_kidney_real_profile_mask_endo	adult_mouse_kidney_real_profile_mask_endo	LR01_KIDNEY	LR01_KIDNEY	profile masking: Endo		true	NOT_RECORDED	NOT_RECORDED	NOT_RECORDED	NOT_RECORDED	min_cells_sc=0;min_cells_st=0	NOT_RECORDED	configs/datasets/adult_mouse_kidney_real_profile_mask_endo.yaml	b4329a8ff2880f61fd7c8180dfb23e7467487768	data/raw/low_resolution/Adult Mouse Kidney/Visium_FFPE_Mouse_Kidney_filtered_feature_bc_matrix.h5;data/raw/low_resolution/Adult Mouse Kidney/adata.h5ad	data/raw/low_resolution/Adult Mouse Kidney/Visium_FFPE_Mouse_Kidney_filtered_feature_bc_matrix.h5=020f67a4885cb0553de3e3233f647b2140dacd1b;data/raw/low_resolution/Adult Mouse Kidney/adata.h5ad=bbd810fe55a848b63000c8d14f2746bbf5a7d60b	result/low_resolution_experiments/adult_mouse_kidney_real_profile_mask_endo/stage1_preprocess/stage1_summary.json;result/low_resolution_experiments/adult_mouse_kidney_real_profile_mask_endo/stage3_typematch/stage3_summary.json	result/low_resolution_experiments/adult_mouse_kidney_real_profile_mask_endo/stage1_preprocess/stage1_summary.json=5a32a2e440af7c8f86644c8c3a8368aeff1c9eb8;result/low_resolution_experiments/adult_mouse_kidney_real_profile_mask_endo/stage3_typematch/stage3_summary.json=51d684f3689a0002506798241fb1ce6bcdacce3f	result/real_profile_mask_foundation/adult_mouse_kidney_real_profile_mask_endo/spot_foundation.csv	result/real_profile_mask_foundation/adult_mouse_kidney_real_profile_mask_endo/spot_foundation.csv=11296a7bbf947165d53da420f9c3ff4c1d2a12c2	REDISTRIBUTABLE_DERIVATIVE_ONLY	CONFIRMED	visualizations/manuscript_audits/dataset_provenance_major_evidence_recovery/experiment_manifest_draft_v0_2.tsv;visualizations/manuscript_audits/dataset_provenance_major_evidence_recovery/dataset_manifest_draft_v0_2.tsv;configs/datasets/adult_mouse_kidney_real_profile_mask_endo.yaml	PENDING_HUMAN_APPROVAL
bioapp_BCSA2TumB1_CTA_immune_endpoint	CTA biological application	Fig. 5A-I	CTA biological application	CTA01_BCSA2TUMB1	CTA01_BCSA2TUMB1				4,014-cell balanced reference subset and frozen CTA immune endpoint	PARTIAL	Sample, slide, and capture area are confirmed; exact Visium chemistry version remains unresolved.	U008		bioapp_BCSA2TumB1_CTA_immune_endpoint	CTA01_BCSA2TUMB1	CTA biological application	CTA biological application: bioapp_BCSA2TumB1_CTA_immune_endpoint	bioapp_BCSA2TumB1_CTA_immune_endpoint	CTA01_BCSA2TUMB1	CTA01_BCSA2TUMB1	4,014-cell balanced reference subset and frozen CTA immune endpoint		NOT_RECORDED	NOT_RECORDED	NOT_RECORDED	CytoSPACE	NOT_RECORDED	NOT_RECORDED	NOT_RECORDED			visualizations/bioapp_experiment/bioapp_phase3r_review_resolution_for_cta_endpoint_baseline_feasibility/st_expression_full_2248_counts.csv.gz;data/processed/cytospace_fig2d_tme/cytospace_fig2d_tme_brca_her2_ffpe/stage1_preprocess/exported/sc_metadata.csv	visualizations/bioapp_experiment/bioapp_phase3r_review_resolution_for_cta_endpoint_baseline_feasibility/st_expression_full_2248_counts.csv.gz=a6887dbbd2e9b948bdc69c599f2e709052b986ad;data/processed/cytospace_fig2d_tme/cytospace_fig2d_tme_brca_her2_ffpe/stage1_preprocess/exported/sc_metadata.csv=a4239b96146c692e13603da67b176e7bc53ac076					REDISTRIBUTABLE_DERIVATIVE_ONLY	PARTIAL	visualizations/manuscript_audits/dataset_provenance_major_evidence_recovery/experiment_manifest_draft_v0_2.tsv;visualizations/manuscript_audits/dataset_provenance_major_evidence_recovery/cta_metadata_recovery.tsv	PENDING_HUMAN_APPROVAL
cell2location_ST8059051_thalamic_excitatory_reference_missing	detailed Thalamic case	Fig. 4A-E/H	Detailed thalamic-excitatory case	THAL01_ST8059051	THAL01_ST8059051			thalamic excitatory states	reference-dropout copy and marker-region proxy	CONFIRMED	Inherited from Task 4A experiment crosswalk; unresolved/partial records retained.			cell2location_ST8059051_thalamic_excitatory_reference_missing	THAL01_ST8059051	detailed Thalamic case	Detailed thalamic-excitatory case: cell2location_ST8059051_thalamic_excitatory_reference_missing	cell2location_ST8059051_thalamic_excitatory_reference_missing	THAL01_ST8059051	THAL01_ST8059051	reference dropout: thalamic excitatory states		NOT_RECORDED	true	NOT_RECORDED	NOT_RECORDED	NOT_RECORDED	min_cells_sc=0;min_cells_st=0	42	configs/datasets/cell2loc_scan_st8059051_sc_missing_thalamic_excitatory.yaml	f43e61539da799eff0725f7d3f2a6494688b0a76	data/processed/cell2location_mouse_brain/cell2loc_scan_st8059051_sc_missing_thalamic_excitatory/stage1_preprocess/exported/st_expression_normalized.csv;data/processed/cell2location_mouse_brain/cell2loc_scan_st8059051_sc_missing_thalamic_excitatory/stage1_preprocess/exported/sc_expression_normalized.csv	data/processed/cell2location_mouse_brain/cell2loc_scan_st8059051_sc_missing_thalamic_excitatory/stage1_preprocess/exported/st_expression_normalized.csv=2b011deea754b84b7f469cd7d39d28125220e5e9;data/processed/cell2location_mouse_brain/cell2loc_scan_st8059051_sc_missing_thalamic_excitatory/stage1_preprocess/exported/sc_expression_normalized.csv=87a279157c8223c696d2b2e5d93d9686142df171					REDISTRIBUTABLE_DERIVATIVE_ONLY	CONFIRMED	visualizations/manuscript_audits/dataset_provenance_major_evidence_recovery/experiment_manifest_draft_v0_2.tsv;visualizations/manuscript_audits/dataset_provenance_major_evidence_recovery/dataset_manifest_draft_v0_2.tsv;configs/datasets/cell2loc_scan_st8059051_sc_missing_thalamic_excitatory.yaml	PENDING_HUMAN_APPROVAL
cytospace_fig2c_melanoma_mel1_rep2_profile_mask_endothelial_cells	downstream external tumour pairings	Fig. 2C/F	External tumour state-enrichment pairings	EXT01_MEL1	EXT01_MEL1	RES01_ECOTYPER	Endothelial cells			CONFIRMED	Inherited from Task 4A experiment crosswalk; unresolved/partial records retained.			cytospace_fig2c_melanoma_mel1_rep2_profile_mask_endothelial_cells	EXT01_MEL1	downstream external tumour pairings	External tumour state-enrichment pairings: cytospace_fig2c_melanoma_mel1_rep2_profile_mask_endothelial_cells	cytospace_fig2c_melanoma_mel1_rep2_profile_mask_endothelial_cells	EXT01_MEL1	EXT01_MEL1	profile masking: Endothelial cells		true	NOT_RECORDED	NOT_RECORDED	NOT_RECORDED	NOT_RECORDED	min_cells_sc=0;min_cells_st=0	NOT_RECORDED	configs/datasets/cytospace_fig2c_melanoma_mel1_rep2_profile_mask_endothelial_cells.yaml	932f3ff13f134c28d6cbc8ea974578a6bf9aefd6	data/raw/cytospace_fig2c_melanoma/berglund2018spatial_ST_mel1_rep2.h5ad;data/raw/cytospace_fig2c_melanoma/GSE72056_melanoma_single_cell_revised_v2.txt	data/raw/cytospace_fig2c_melanoma/berglund2018spatial_ST_mel1_rep2.h5ad=a35437d6cb6ee914700016d42b92235b7b1f190f;data/raw/cytospace_fig2c_melanoma/GSE72056_melanoma_single_cell_revised_v2.txt=a6a07de0baf39dbcb37abaa0c02250b0c157a62d	result/cytospace_fig2d_profile_mask/cytospace_fig2c_melanoma_mel1_rep2_profile_mask_endothelial_cells/stage3_typematch/stage3_summary.json	result/cytospace_fig2d_profile_mask/cytospace_fig2c_melanoma_mel1_rep2_profile_mask_endothelial_cells/stage3_typematch/stage3_summary.json=b220e019685c173e32ae281ff8a638f53deed3a6	visualizations/cytospace_fig2d_profile_mask_benchmark/fig2d_profile_mask_benchmark_source_values.csv;result/cytospace_fig2e_stage3_profile_mask/fig2e_stage3_profile_mask_metrics.csv	visualizations/cytospace_fig2d_profile_mask_benchmark/fig2d_profile_mask_benchmark_source_values.csv=77aaf34b35dde53837b0c47b8ed313bb566a3a85;result/cytospace_fig2e_stage3_profile_mask/fig2e_stage3_profile_mask_metrics.csv=29bd3bc3fcb152ea4022ca8abe38648f206e3085	REDISTRIBUTABLE_DERIVATIVE_ONLY	CONFIRMED	visualizations/manuscript_audits/dataset_provenance_major_evidence_recovery/experiment_manifest_draft_v0_2.tsv;visualizations/manuscript_audits/dataset_provenance_major_evidence_recovery/dataset_manifest_draft_v0_2.tsv;configs/datasets/cytospace_fig2c_melanoma_mel1_rep2_profile_mask_endothelial_cells.yaml	PENDING_HUMAN_APPROVAL
cytospace_fig2c_melanoma_mel2_rep1_profile_mask_nk_cells	downstream external tumour pairings	Fig. 2C/F	External tumour state-enrichment pairings	EXT02_MEL2	EXT02_MEL2	RES01_ECOTYPER	NK cells			CONFIRMED	Inherited from Task 4A experiment crosswalk; unresolved/partial records retained.			cytospace_fig2c_melanoma_mel2_rep1_profile_mask_nk_cells	EXT02_MEL2	downstream external tumour pairings	External tumour state-enrichment pairings: cytospace_fig2c_melanoma_mel2_rep1_profile_mask_nk_cells	cytospace_fig2c_melanoma_mel2_rep1_profile_mask_nk_cells	EXT02_MEL2	EXT02_MEL2	profile masking: NK cells		true	NOT_RECORDED	NOT_RECORDED	NOT_RECORDED	NOT_RECORDED	min_cells_sc=0;min_cells_st=0	NOT_RECORDED	configs/datasets/cytospace_fig2c_melanoma_mel2_rep1_profile_mask_nk_cells.yaml	3c4b840e391d63343a017509792050d93cd31161	data/raw/cytospace_fig2d_tme/melanoma_ST_Thrane_legacyST/berglund2018spatial_ST_mel2_rep1.h5ad;data/raw/cytospace_fig2c_melanoma/GSE72056_melanoma_single_cell_revised_v2.txt	data/raw/cytospace_fig2d_tme/melanoma_ST_Thrane_legacyST/berglund2018spatial_ST_mel2_rep1.h5ad=bd08abf67937533982307c7bdfe36fa786b14630;data/raw/cytospace_fig2c_melanoma/GSE72056_melanoma_single_cell_revised_v2.txt=a6a07de0baf39dbcb37abaa0c02250b0c157a62d	result/cytospace_fig2d_profile_mask/cytospace_fig2c_melanoma_mel2_rep1_profile_mask_nk_cells/stage3_typematch/stage3_summary.json	result/cytospace_fig2d_profile_mask/cytospace_fig2c_melanoma_mel2_rep1_profile_mask_nk_cells/stage3_typematch/stage3_summary.json=e8223799412b1967678eabd645d7972bc2b8d68b	visualizations/cytospace_fig2d_profile_mask_benchmark/fig2d_profile_mask_benchmark_source_values.csv;result/cytospace_fig2e_stage3_profile_mask/fig2e_stage3_profile_mask_metrics.csv	visualizations/cytospace_fig2d_profile_mask_benchmark/fig2d_profile_mask_benchmark_source_values.csv=77aaf34b35dde53837b0c47b8ed313bb566a3a85;result/cytospace_fig2e_stage3_profile_mask/fig2e_stage3_profile_mask_metrics.csv=29bd3bc3fcb152ea4022ca8abe38648f206e3085	REDISTRIBUTABLE_DERIVATIVE_ONLY	CONFIRMED	visualizations/manuscript_audits/dataset_provenance_major_evidence_recovery/experiment_manifest_draft_v0_2.tsv;visualizations/manuscript_audits/dataset_provenance_major_evidence_recovery/dataset_manifest_draft_v0_2.tsv;configs/datasets/cytospace_fig2c_melanoma_mel2_rep1_profile_mask_nk_cells.yaml	PENDING_HUMAN_APPROVAL
cytospace_fig2d_tme_brca_er_her2_fresh_frozen_profile_mask_t_cells	downstream external tumour pairings	Fig. 2C/F	External tumour state-enrichment pairings	EXT03_BRCA_V1	EXT03_BRCA_V1	RES01_ECOTYPER	T cells			CONFIRMED	Inherited from Task 4A experiment crosswalk; unresolved/partial records retained.			cytospace_fig2d_tme_brca_er_her2_fresh_frozen_profile_mask_t_cells	EXT03_BRCA_V1	downstream external tumour pairings	External tumour state-enrichment pairings: cytospace_fig2d_tme_brca_er_her2_fresh_frozen_profile_mask_t_cells	cytospace_fig2d_tme_brca_er_her2_fresh_frozen_profile_mask_t_cells	EXT03_BRCA_V1	EXT03_BRCA_V1	profile masking: T cells		true	NOT_RECORDED	NOT_RECORDED	NOT_RECORDED	NOT_RECORDED	min_cells_sc=0;min_cells_st=0	NOT_RECORDED	configs/datasets/cytospace_fig2d_tme_brca_er_her2_fresh_frozen_profile_mask_t_cells.yaml	bbeb5ddca85d1e3c9e5e45b02f37fa6228f06b12	data/processed/cytospace_fig2d_tme/cytospace_fig2d_tme_brca_er_her2_fresh_frozen/stage1_preprocess/exported/st_expression_normalized.csv	data/processed/cytospace_fig2d_tme/cytospace_fig2d_tme_brca_er_her2_fresh_frozen/stage1_preprocess/exported/st_expression_normalized.csv=edece96c9e4482013a2fa8692cf5c254757b5283	result/cytospace_fig2d_profile_mask/cytospace_fig2d_tme_brca_er_her2_fresh_frozen_profile_mask_t_cells/stage3_typematch/stage3_summary.json	result/cytospace_fig2d_profile_mask/cytospace_fig2d_tme_brca_er_her2_fresh_frozen_profile_mask_t_cells/stage3_typematch/stage3_summary.json=7e043c789f5878d21761b6a5f68a1537bde9dd28	visualizations/cytospace_fig2d_profile_mask_benchmark/fig2d_profile_mask_benchmark_source_values.csv;result/cytospace_fig2e_stage3_profile_mask/fig2e_stage3_profile_mask_metrics.csv	visualizations/cytospace_fig2d_profile_mask_benchmark/fig2d_profile_mask_benchmark_source_values.csv=77aaf34b35dde53837b0c47b8ed313bb566a3a85;result/cytospace_fig2e_stage3_profile_mask/fig2e_stage3_profile_mask_metrics.csv=29bd3bc3fcb152ea4022ca8abe38648f206e3085	REDISTRIBUTABLE_DERIVATIVE_ONLY	CONFIRMED	visualizations/manuscript_audits/dataset_provenance_major_evidence_recovery/experiment_manifest_draft_v0_2.tsv;visualizations/manuscript_audits/dataset_provenance_major_evidence_recovery/dataset_manifest_draft_v0_2.tsv;configs/datasets/cytospace_fig2d_tme_brca_er_her2_fresh_frozen_profile_mask_t_cells.yaml	PENDING_HUMAN_APPROVAL
cytospace_fig2d_tme_brca_her2_ffpe_profile_mask_t_cells	downstream external tumour pairings	Fig. 2C/F	External tumour state-enrichment pairings	EXT04_BRCA_FFPE	EXT04_BRCA_FFPE	RES01_ECOTYPER	T cells			CONFIRMED	Inherited from Task 4A experiment crosswalk; unresolved/partial records retained.			cytospace_fig2d_tme_brca_her2_ffpe_profile_mask_t_cells	EXT04_BRCA_FFPE	downstream external tumour pairings	External tumour state-enrichment pairings: cytospace_fig2d_tme_brca_her2_ffpe_profile_mask_t_cells	cytospace_fig2d_tme_brca_her2_ffpe_profile_mask_t_cells	EXT04_BRCA_FFPE	EXT04_BRCA_FFPE	profile masking: T cells		true	NOT_RECORDED	NOT_RECORDED	NOT_RECORDED	NOT_RECORDED	min_cells_sc=0;min_cells_st=0	NOT_RECORDED	configs/datasets/cytospace_fig2d_tme_brca_her2_ffpe_profile_mask_t_cells.yaml	9d10066eb8d3aa057b5e68a3e468af0ba9b8c14d	data/processed/cytospace_fig2d_tme/cytospace_fig2d_tme_brca_her2_ffpe/stage1_preprocess/exported/st_expression_normalized.csv	data/processed/cytospace_fig2d_tme/cytospace_fig2d_tme_brca_her2_ffpe/stage1_preprocess/exported/st_expression_normalized.csv=2e0cfcb126e68b743141cbb5888bb09c1e52920b	result/cytospace_fig2d_profile_mask/cytospace_fig2d_tme_brca_her2_ffpe_profile_mask_t_cells/stage3_typematch/stage3_summary.json	result/cytospace_fig2d_profile_mask/cytospace_fig2d_tme_brca_her2_ffpe_profile_mask_t_cells/stage3_typematch/stage3_summary.json=d502f1c217cd14b573a381e126ae2571a592cd36	visualizations/cytospace_fig2d_profile_mask_benchmark/fig2d_profile_mask_benchmark_source_values.csv;result/cytospace_fig2e_stage3_profile_mask/fig2e_stage3_profile_mask_metrics.csv	visualizations/cytospace_fig2d_profile_mask_benchmark/fig2d_profile_mask_benchmark_source_values.csv=77aaf34b35dde53837b0c47b8ed313bb566a3a85;result/cytospace_fig2e_stage3_profile_mask/fig2e_stage3_profile_mask_metrics.csv=29bd3bc3fcb152ea4022ca8abe38648f206e3085	REDISTRIBUTABLE_DERIVATIVE_ONLY	CONFIRMED	visualizations/manuscript_audits/dataset_provenance_major_evidence_recovery/experiment_manifest_draft_v0_2.tsv;visualizations/manuscript_audits/dataset_provenance_major_evidence_recovery/dataset_manifest_draft_v0_2.tsv;configs/datasets/cytospace_fig2d_tme_brca_her2_ffpe_profile_mask_t_cells.yaml	PENDING_HUMAN_APPROVAL
cytospace_fig2d_tme_brca_her2_ffpe_sc_missing_epithelial_cells	real reference dropout	Fig. 4F-G/I	Real reference dropout	RD06_BRCA_FFPE_EPITHELIAL	RD06_BRCA_FFPE_EPITHELIAL			Epithelial cells	project-generated reference-dropout copy	CONFIRMED	Inherited from Task 4A experiment crosswalk; unresolved/partial records retained.			cytospace_fig2d_tme_brca_her2_ffpe_sc_missing_epithelial_cells	RD06_BRCA_FFPE_EPITHELIAL	real reference dropout	Real reference dropout: cytospace_fig2d_tme_brca_her2_ffpe_sc_missing_epithelial_cells	cytospace_fig2d_tme_brca_her2_ffpe_sc_missing_epithelial_cells	RD06_BRCA_FFPE_EPITHELIAL	RD06_BRCA_FFPE_EPITHELIAL	reference dropout: Epithelial cells		NOT_RECORDED	true	NOT_RECORDED	NOT_RECORDED	NOT_RECORDED	min_cells_sc=0;min_cells_st=0	42	configs/datasets/cytospace_fig2d_tme_brca_her2_ffpe_sc_missing_epithelial_cells.yaml	4bc27a6e59f3b9e659a51113ceac8106206824c0	data/processed/cytospace_fig2d_tme/cytospace_fig2d_tme_brca_her2_ffpe/stage1_preprocess/exported/st_expression_normalized.csv;data/processed/cytospace_fig2d_tme/cytospace_fig2d_tme_brca_her2_ffpe/stage1_preprocess/exported/sc_expression_normalized.csv	data/processed/cytospace_fig2d_tme/cytospace_fig2d_tme_brca_her2_ffpe/stage1_preprocess/exported/st_expression_normalized.csv=2e0cfcb126e68b743141cbb5888bb09c1e52920b;data/processed/cytospace_fig2d_tme/cytospace_fig2d_tme_brca_her2_ffpe/stage1_preprocess/exported/sc_expression_normalized.csv=95034199642d448efb06c716d300a11e0c8ea3a7	result/stage3b_realdata_reference_dropout/cytospace_fig2d_tme_brca_her2_ffpe_sc_missing_epithelial_cells/stage3b_st_unsupported/stage3b_summary.json	result/stage3b_realdata_reference_dropout/cytospace_fig2d_tme_brca_her2_ffpe_sc_missing_epithelial_cells/stage3b_st_unsupported/stage3b_summary.json=30f61fabb74d61e51a56f159ee5ad6da98d69d8b			REDISTRIBUTABLE_DERIVATIVE_ONLY	CONFIRMED	visualizations/manuscript_audits/dataset_provenance_major_evidence_recovery/experiment_manifest_draft_v0_2.tsv;visualizations/manuscript_audits/dataset_provenance_major_evidence_recovery/dataset_manifest_draft_v0_2.tsv;configs/datasets/cytospace_fig2d_tme_brca_her2_ffpe_sc_missing_epithelial_cells.yaml	PENDING_HUMAN_APPROVAL
cytospace_fig2d_tme_brca_her2_ffpe_sc_missing_plasma_cells	real reference dropout	Fig. 4F-G/I	Real reference dropout	RD05_BRCA_FFPE_PLASMA	RD05_BRCA_FFPE_PLASMA	RES02_LIANA_OMNIPATH		Plasma cells	project-generated reference-dropout copy	CONFIRMED	Inherited from Task 4A experiment crosswalk; unresolved/partial records retained.			cytospace_fig2d_tme_brca_her2_ffpe_sc_missing_plasma_cells	RD05_BRCA_FFPE_PLASMA	real reference dropout	Real reference dropout: cytospace_fig2d_tme_brca_her2_ffpe_sc_missing_plasma_cells	cytospace_fig2d_tme_brca_her2_ffpe_sc_missing_plasma_cells	RD05_BRCA_FFPE_PLASMA	RD05_BRCA_FFPE_PLASMA	reference dropout: Plasma cells		NOT_RECORDED	true	NOT_RECORDED	NOT_RECORDED	NOT_RECORDED	min_cells_sc=0;min_cells_st=0	42	configs/datasets/cytospace_fig2d_tme_brca_her2_ffpe_sc_missing_plasma_cells.yaml	4bc27a6e59f3b9e659a51113ceac8106206824c0	data/processed/cytospace_fig2d_tme/cytospace_fig2d_tme_brca_her2_ffpe/stage1_preprocess/exported/st_expression_normalized.csv;data/processed/cytospace_fig2d_tme/cytospace_fig2d_tme_brca_her2_ffpe/stage1_preprocess/exported/sc_expression_normalized.csv	data/processed/cytospace_fig2d_tme/cytospace_fig2d_tme_brca_her2_ffpe/stage1_preprocess/exported/st_expression_normalized.csv=2e0cfcb126e68b743141cbb5888bb09c1e52920b;data/processed/cytospace_fig2d_tme/cytospace_fig2d_tme_brca_her2_ffpe/stage1_preprocess/exported/sc_expression_normalized.csv=95034199642d448efb06c716d300a11e0c8ea3a7	result/stage3b_realdata_reference_dropout/cytospace_fig2d_tme_brca_her2_ffpe_sc_missing_plasma_cells/stage3b_st_unsupported/stage3b_summary.json	result/stage3b_realdata_reference_dropout/cytospace_fig2d_tme_brca_her2_ffpe_sc_missing_plasma_cells/stage3b_st_unsupported/stage3b_summary.json=1f727d852a531ca426bb7c7a4db39f2fbb5dc167			REDISTRIBUTABLE_DERIVATIVE_ONLY	CONFIRMED	visualizations/manuscript_audits/dataset_provenance_major_evidence_recovery/experiment_manifest_draft_v0_2.tsv;visualizations/manuscript_audits/dataset_provenance_major_evidence_recovery/dataset_manifest_draft_v0_2.tsv;configs/datasets/cytospace_fig2d_tme_brca_her2_ffpe_sc_missing_plasma_cells.yaml	PENDING_HUMAN_APPROVAL
cytospace_fig2d_tme_brca_tnbc_fresh_frozen_profile_mask_fibroblasts	downstream external tumour pairings	Fig. 2C/F	External tumour state-enrichment pairings	EXT05_TNBC	EXT05_TNBC	RES01_ECOTYPER	Fibroblasts			CONFIRMED	Inherited from Task 4A experiment crosswalk; unresolved/partial records retained.			cytospace_fig2d_tme_brca_tnbc_fresh_frozen_profile_mask_fibroblasts	EXT05_TNBC	downstream external tumour pairings	External tumour state-enrichment pairings: cytospace_fig2d_tme_brca_tnbc_fresh_frozen_profile_mask_fibroblasts	cytospace_fig2d_tme_brca_tnbc_fresh_frozen_profile_mask_fibroblasts	EXT05_TNBC	EXT05_TNBC	profile masking: Fibroblasts		true	NOT_RECORDED	NOT_RECORDED	NOT_RECORDED	NOT_RECORDED	min_cells_sc=0;min_cells_st=0	NOT_RECORDED	configs/datasets/cytospace_fig2d_tme_brca_tnbc_fresh_frozen_profile_mask_fibroblasts.yaml	c78b49c26ca139530a95c6f83a40be99a9d134d9	data/processed/cytospace_fig2d_tme/cytospace_fig2d_tme_brca_tnbc_fresh_frozen/stage1_preprocess/exported/st_expression_normalized.csv	data/processed/cytospace_fig2d_tme/cytospace_fig2d_tme_brca_tnbc_fresh_frozen/stage1_preprocess/exported/st_expression_normalized.csv=a37d55e3de3bc39d07c55519dca2e29a0f7690cc	result/cytospace_fig2d_profile_mask/cytospace_fig2d_tme_brca_tnbc_fresh_frozen_profile_mask_fibroblasts/stage3_typematch/stage3_summary.json	result/cytospace_fig2d_profile_mask/cytospace_fig2d_tme_brca_tnbc_fresh_frozen_profile_mask_fibroblasts/stage3_typematch/stage3_summary.json=65276b868e7636246f49c3888081cb37da6d3226	visualizations/cytospace_fig2d_profile_mask_benchmark/fig2d_profile_mask_benchmark_source_values.csv;result/cytospace_fig2e_stage3_profile_mask/fig2e_stage3_profile_mask_metrics.csv	visualizations/cytospace_fig2d_profile_mask_benchmark/fig2d_profile_mask_benchmark_source_values.csv=77aaf34b35dde53837b0c47b8ed313bb566a3a85;result/cytospace_fig2e_stage3_profile_mask/fig2e_stage3_profile_mask_metrics.csv=29bd3bc3fcb152ea4022ca8abe38648f206e3085	REDISTRIBUTABLE_DERIVATIVE_ONLY	CONFIRMED	visualizations/manuscript_audits/dataset_provenance_major_evidence_recovery/experiment_manifest_draft_v0_2.tsv;visualizations/manuscript_audits/dataset_provenance_major_evidence_recovery/dataset_manifest_draft_v0_2.tsv;configs/datasets/cytospace_fig2d_tme_brca_tnbc_fresh_frozen_profile_mask_fibroblasts.yaml	PENDING_HUMAN_APPROVAL
cytospace_fig2d_tme_brca_tnbc_fresh_frozen_sc_missing_plasma_cells	real reference dropout	Fig. 4F-G/I	Real reference dropout	RD03_TNBC_PLASMA	RD03_TNBC_PLASMA			Plasma cells	project-generated reference-dropout copy	CONFIRMED	Inherited from Task 4A experiment crosswalk; unresolved/partial records retained.	U009		cytospace_fig2d_tme_brca_tnbc_fresh_frozen_sc_missing_plasma_cells	RD03_TNBC_PLASMA	real reference dropout	Real reference dropout: cytospace_fig2d_tme_brca_tnbc_fresh_frozen_sc_missing_plasma_cells	cytospace_fig2d_tme_brca_tnbc_fresh_frozen_sc_missing_plasma_cells	RD03_TNBC_PLASMA	RD03_TNBC_PLASMA	reference dropout: Plasma cells		NOT_RECORDED	true	NOT_RECORDED	NOT_RECORDED	NOT_RECORDED	min_cells_sc=0;min_cells_st=0	42	configs/datasets/cytospace_fig2d_tme_brca_tnbc_fresh_frozen_sc_missing_plasma_cells.yaml	4bc27a6e59f3b9e659a51113ceac8106206824c0	data/processed/cytospace_fig2d_tme/cytospace_fig2d_tme_brca_tnbc_fresh_frozen/stage1_preprocess/exported/st_expression_normalized.csv;data/processed/cytospace_fig2d_tme/cytospace_fig2d_tme_brca_tnbc_fresh_frozen/stage1_preprocess/exported/sc_expression_normalized.csv	data/processed/cytospace_fig2d_tme/cytospace_fig2d_tme_brca_tnbc_fresh_frozen/stage1_preprocess/exported/st_expression_normalized.csv=a37d55e3de3bc39d07c55519dca2e29a0f7690cc;data/processed/cytospace_fig2d_tme/cytospace_fig2d_tme_brca_tnbc_fresh_frozen/stage1_preprocess/exported/sc_expression_normalized.csv=56c6ad2a466932866f02f0585a09fcdb85f50ca7	result/stage3b_realdata_reference_dropout/cytospace_fig2d_tme_brca_tnbc_fresh_frozen_sc_missing_plasma_cells/stage3b_st_unsupported/stage3b_summary.json	result/stage3b_realdata_reference_dropout/cytospace_fig2d_tme_brca_tnbc_fresh_frozen_sc_missing_plasma_cells/stage3b_st_unsupported/stage3b_summary.json=22e31a827a5fa9371d671c80bdd6df6f7d2e775b			REDISTRIBUTABLE_DERIVATIVE_ONLY	CONFIRMED	visualizations/manuscript_audits/dataset_provenance_major_evidence_recovery/experiment_manifest_draft_v0_2.tsv;visualizations/manuscript_audits/dataset_provenance_major_evidence_recovery/minor_spatial_metadata_audit.tsv;configs/datasets/cytospace_fig2d_tme_brca_tnbc_fresh_frozen_sc_missing_plasma_cells.yaml	PENDING_HUMAN_APPROVAL
cytospace_fig2d_tme_crc_fresh_frozen_profile_mask_monocytes_and_macrophages	downstream external tumour pairings	Fig. 2C/F	External tumour state-enrichment pairings	EXT06_CRC	EXT06_CRC	RES01_ECOTYPER	Monocytes and Macrophages			CONFIRMED	Inherited from Task 4A experiment crosswalk; unresolved/partial records retained.			cytospace_fig2d_tme_crc_fresh_frozen_profile_mask_monocytes_and_macrophages	EXT06_CRC	downstream external tumour pairings	External tumour state-enrichment pairings: cytospace_fig2d_tme_crc_fresh_frozen_profile_mask_monocytes_and_macrophages	cytospace_fig2d_tme_crc_fresh_frozen_profile_mask_monocytes_and_macrophages	EXT06_CRC	EXT06_CRC	profile masking: Monocytes and Macrophages		true	NOT_RECORDED	NOT_RECORDED	NOT_RECORDED	NOT_RECORDED	min_cells_sc=0;min_cells_st=0	NOT_RECORDED	configs/datasets/cytospace_fig2d_tme_crc_fresh_frozen_profile_mask_monocytes_and_macrophages.yaml	9ef37364ed99d82d340996e00a74f16c058bbc2f	data/processed/cytospace_fig2d_tme/cytospace_fig2d_tme_crc_fresh_frozen/stage1_preprocess/exported/st_expression_normalized.csv	data/processed/cytospace_fig2d_tme/cytospace_fig2d_tme_crc_fresh_frozen/stage1_preprocess/exported/st_expression_normalized.csv=19a8313c07e4bdbc54d53bed0458b338551fadb5	result/cytospace_fig2d_profile_mask/cytospace_fig2d_tme_crc_fresh_frozen_profile_mask_monocytes_and_macrophages/stage3_typematch/stage3_summary.json	result/cytospace_fig2d_profile_mask/cytospace_fig2d_tme_crc_fresh_frozen_profile_mask_monocytes_and_macrophages/stage3_typematch/stage3_summary.json=615971f42a225c669c92bb24baf5fe698309ff94	visualizations/cytospace_fig2d_profile_mask_benchmark/fig2d_profile_mask_benchmark_source_values.csv;result/cytospace_fig2e_stage3_profile_mask/fig2e_stage3_profile_mask_metrics.csv	visualizations/cytospace_fig2d_profile_mask_benchmark/fig2d_profile_mask_benchmark_source_values.csv=77aaf34b35dde53837b0c47b8ed313bb566a3a85;result/cytospace_fig2e_stage3_profile_mask/fig2e_stage3_profile_mask_metrics.csv=29bd3bc3fcb152ea4022ca8abe38648f206e3085	REDISTRIBUTABLE_DERIVATIVE_ONLY	CONFIRMED	visualizations/manuscript_audits/dataset_provenance_major_evidence_recovery/experiment_manifest_draft_v0_2.tsv;visualizations/manuscript_audits/dataset_provenance_major_evidence_recovery/dataset_manifest_draft_v0_2.tsv;configs/datasets/cytospace_fig2d_tme_crc_fresh_frozen_profile_mask_monocytes_and_macrophages.yaml	PENDING_HUMAN_APPROVAL
cytospace_fig2d_tme_crc_fresh_frozen_sc_missing_b_cells	real reference dropout	Fig. 4F-G/I	Real reference dropout	RD04_CRC_B	RD04_CRC_B			B cells	project-generated reference-dropout copy	CONFIRMED	Official 10x web summary confirms sample, slide V10A13-206, capture C1, chemistry, and Space Ranger version.			cytospace_fig2d_tme_crc_fresh_frozen_sc_missing_b_cells	RD04_CRC_B	real reference dropout	Real reference dropout: cytospace_fig2d_tme_crc_fresh_frozen_sc_missing_b_cells	cytospace_fig2d_tme_crc_fresh_frozen_sc_missing_b_cells	RD04_CRC_B	RD04_CRC_B	reference dropout: B cells		NOT_RECORDED	true	NOT_RECORDED	NOT_RECORDED	NOT_RECORDED	min_cells_sc=0;min_cells_st=0	42	configs/datasets/cytospace_fig2d_tme_crc_fresh_frozen_sc_missing_b_cells.yaml	4bc27a6e59f3b9e659a51113ceac8106206824c0	data/processed/cytospace_fig2d_tme/cytospace_fig2d_tme_crc_fresh_frozen/stage1_preprocess/exported/st_expression_normalized.csv;data/processed/cytospace_fig2d_tme/cytospace_fig2d_tme_crc_fresh_frozen/stage1_preprocess/exported/sc_expression_normalized.csv	data/processed/cytospace_fig2d_tme/cytospace_fig2d_tme_crc_fresh_frozen/stage1_preprocess/exported/st_expression_normalized.csv=19a8313c07e4bdbc54d53bed0458b338551fadb5;data/processed/cytospace_fig2d_tme/cytospace_fig2d_tme_crc_fresh_frozen/stage1_preprocess/exported/sc_expression_normalized.csv=a6c8f5c2ea620f72d8e51d8377a8f03a86e25482	result/stage3b_realdata_reference_dropout/cytospace_fig2d_tme_crc_fresh_frozen_sc_missing_b_cells/stage3b_st_unsupported/stage3b_summary.json	result/stage3b_realdata_reference_dropout/cytospace_fig2d_tme_crc_fresh_frozen_sc_missing_b_cells/stage3b_st_unsupported/stage3b_summary.json=482ecbf17f8ce0766001917816314b1ad17388ac			REDISTRIBUTABLE_DERIVATIVE_ONLY	CONFIRMED	visualizations/manuscript_audits/dataset_provenance_major_evidence_recovery/experiment_manifest_draft_v0_2.tsv;visualizations/manuscript_audits/dataset_provenance_major_evidence_recovery/minor_spatial_metadata_audit.tsv;configs/datasets/cytospace_fig2d_tme_crc_fresh_frozen_sc_missing_b_cells.yaml	PENDING_HUMAN_APPROVAL
cytospace_fig2i_mouse_kidney_stage3_unsupported_decoy_n1000	state-decoy experiments	Fig. 3F	Kidney State32 decoy experiment	STATE02_KIDNEY_STATE32	STATE02_KIDNEY_STATE32	RES03_CYTOSPACE_SUPP_ORDERING			1,000 State32-like decoys	PROJECT_GENERATED	Inherited from Task 4A experiment crosswalk; unresolved/partial records retained.			cytospace_fig2i_mouse_kidney_stage3_unsupported_decoy_n1000	STATE02_KIDNEY_STATE32	state-decoy experiments	Kidney State32 decoy experiment: cytospace_fig2i_mouse_kidney_stage3_unsupported_decoy_n1000	cytospace_fig2i_mouse_kidney_stage3_unsupported_decoy_n1000	STATE02_KIDNEY_STATE32	STATE02_KIDNEY_STATE32	1,000 State32-like decoys	1,000 State32-like decoys	true	NOT_RECORDED	true	CytoSPACE	NOT_RECORDED	min_cells_sc=0;min_cells_st=0	NOT_RECORDED	configs/datasets/cytospace_fig2i_mouse_kidney_stage3_unsupported_decoy_n1000.yaml	d2387bda76c6af7bd33ff46e47cc0bcec9761a93	data/raw/cytospace_fig2i_mouse_kidney_strict/kidneycellexplorer-master/data/expr_data.rds;data/processed/cytospace_fig2i_mouse_kidney_stage3_unsupported_decoy_n1000/stage1_preprocess/exported/st_expression_normalized.csv	data/raw/cytospace_fig2i_mouse_kidney_strict/kidneycellexplorer-master/data/expr_data.rds=61896c0c9108597b49b16c54d36c03616828426f;data/processed/cytospace_fig2i_mouse_kidney_stage3_unsupported_decoy_n1000/stage1_preprocess/exported/st_expression_normalized.csv=35bb19f531b2d61a8046275eb478f1f4799b5af1	result/cytospace_fig2i_mouse_kidney_stage3_unsupported_decoy_n1000/stage3_typematch/stage3_summary.json;result/cytospace_fig2i_mouse_kidney_stage3_unsupported_decoy_n1000/stage4_cytospace_route2/cytospace_output/stage4_summary.json	result/cytospace_fig2i_mouse_kidney_stage3_unsupported_decoy_n1000/stage3_typematch/stage3_summary.json=a8bc2aef0a69b735f80dcac4dec3831888280631;result/cytospace_fig2i_mouse_kidney_stage3_unsupported_decoy_n1000/stage4_cytospace_route2/cytospace_output/stage4_summary.json=fbaa12c3fe48096b92b5effe2efbfd3c6b856aab			REDISTRIBUTABLE_DERIVATIVE_ONLY	PROJECT_GENERATED	visualizations/manuscript_audits/dataset_provenance_major_evidence_recovery/experiment_manifest_draft_v0_2.tsv;visualizations/manuscript_audits/dataset_provenance_major_evidence_recovery/dataset_manifest_draft_v0_2.tsv;configs/datasets/cytospace_fig2i_mouse_kidney_stage3_unsupported_decoy_n1000.yaml	PENDING_HUMAN_APPROVAL
cytospace_fig2k_breast_state_decoy_stage3_detected	state-decoy experiments	Fig. 3E	T-cell state-decoy experiment	STATE01_TCELL_DECOY	STATE01_TCELL_DECOY	RES03_CYTOSPACE_SUPP_ORDERING			engineered T-cell-state decoy	PROJECT_GENERATED	Inherited from Task 4A experiment crosswalk; unresolved/partial records retained.			cytospace_fig2k_breast_state_decoy_stage3_detected	STATE01_TCELL_DECOY	state-decoy experiments	T-cell state-decoy experiment: cytospace_fig2k_breast_state_decoy_stage3_detected	cytospace_fig2k_breast_state_decoy_stage3_detected	STATE01_TCELL_DECOY	STATE01_TCELL_DECOY	engineered T-cell-state decoy	engineered T-cell-state decoy	true	NOT_RECORDED	true	CytoSPACE	NOT_RECORDED	min_cells_sc=0;min_cells_st=0	NOT_RECORDED	configs/datasets/cytospace_fig2k_breast_state_decoy_stage3_detected.yaml	6f92f3195dd68213a39a7c62f857a6ae566e7154	data/raw/high/HumanBreastCancerPatient1/HumanBreastCancerPatient1_cell_by_gene.csv	data/raw/high/HumanBreastCancerPatient1/HumanBreastCancerPatient1_cell_by_gene.csv=a29c0db89e207ac8a81ec53f422219e40ddbbdc5	result/cytospace_fig2k_breast_state_decoy_stage3_detected/stage3_typematch/stage3_summary.json;result/cytospace_fig2k_breast_state_decoy_stage3_detected/stage4_cytospace_route2/cytospace_output/stage4_summary.json	result/cytospace_fig2k_breast_state_decoy_stage3_detected/stage3_typematch/stage3_summary.json=97e4cda0888124614af420005167cb09816817f0;result/cytospace_fig2k_breast_state_decoy_stage3_detected/stage4_cytospace_route2/cytospace_output/stage4_summary.json=50f02841bd07b0cbc71741b06ce869c7fa5379d4			REDISTRIBUTABLE_DERIVATIVE_ONLY	PROJECT_GENERATED	visualizations/manuscript_audits/dataset_provenance_major_evidence_recovery/experiment_manifest_draft_v0_2.tsv;visualizations/manuscript_audits/dataset_provenance_major_evidence_recovery/dataset_manifest_draft_v0_2.tsv;configs/datasets/cytospace_fig2k_breast_state_decoy_stage3_detected.yaml	PENDING_HUMAN_APPROVAL
ffpe_mouse_brain_sagittal_real_profile_mask_microglia	low-resolution profile masking	Fig. 2A-B/E	Low-resolution profile masking	LR02_BRAIN	LR02_BRAIN		Microglia		project-generated masked profile	CONFIRMED	Inherited from Task 4A experiment crosswalk; unresolved/partial records retained.			ffpe_mouse_brain_sagittal_real_profile_mask_microglia	LR02_BRAIN	low-resolution profile masking	Low-resolution profile masking: ffpe_mouse_brain_sagittal_real_profile_mask_microglia	ffpe_mouse_brain_sagittal_real_profile_mask_microglia	LR02_BRAIN	LR02_BRAIN	profile masking: Microglia		true	NOT_RECORDED	NOT_RECORDED	NOT_RECORDED	NOT_RECORDED	min_cells_sc=0;min_cells_st=0	NOT_RECORDED	configs/datasets/ffpe_mouse_brain_sagittal_real_profile_mask_microglia.yaml	71560aeb3371fdc4866e95e6194e56e9b6cd27f3	data/raw/low_resolution/FFPE Mouse Brain Sagittal/CytAssist_FFPE_Sagittal_Mouse_Brain_filtered_feature_bc_matrix.h5;data/raw/low_resolution/FFPE Mouse Brain Sagittal/sc.h5ad	data/raw/low_resolution/FFPE Mouse Brain Sagittal/CytAssist_FFPE_Sagittal_Mouse_Brain_filtered_feature_bc_matrix.h5=81c7c44527a94788a0c84f4716865d8550c15a6d;data/raw/low_resolution/FFPE Mouse Brain Sagittal/sc.h5ad=da360a9e18b8bc94d54daf75085b2c03e3f0579f	result/low_resolution_experiments/ffpe_mouse_brain_sagittal_real_profile_mask_microglia/stage1_preprocess/stage1_summary.json;result/low_resolution_experiments/ffpe_mouse_brain_sagittal_real_profile_mask_microglia/stage3_typematch/stage3_summary.json	result/low_resolution_experiments/ffpe_mouse_brain_sagittal_real_profile_mask_microglia/stage1_preprocess/stage1_summary.json=0b42b447fee75333f4eeca5175f93d27462fc8c7;result/low_resolution_experiments/ffpe_mouse_brain_sagittal_real_profile_mask_microglia/stage3_typematch/stage3_summary.json=d3336a06be9d3fd18b1f064ad2daee5d8f272604	result/real_profile_mask_foundation/ffpe_mouse_brain_sagittal_real_profile_mask_microglia/spot_foundation.csv	result/real_profile_mask_foundation/ffpe_mouse_brain_sagittal_real_profile_mask_microglia/spot_foundation.csv=2118d5d5022c3f4031de5f1e0ba6e3f367521f43	REDISTRIBUTABLE_DERIVATIVE_ONLY	CONFIRMED	visualizations/manuscript_audits/dataset_provenance_major_evidence_recovery/experiment_manifest_draft_v0_2.tsv;visualizations/manuscript_audits/dataset_provenance_major_evidence_recovery/dataset_manifest_draft_v0_2.tsv;configs/datasets/ffpe_mouse_brain_sagittal_real_profile_mask_microglia.yaml	PENDING_HUMAN_APPROVAL
highres_humanbreastcancerpatient1_profile_mask_monocytes_and_macrophages	high-resolution MERSCOPE profile masking	Fig. 3A-D	High-resolution profile masking	MERS01_BREAST	MERS01_BREAST	RES01_ECOTYPER	Monocytes and Macrophages		project-generated disjoint same-assay reference split	PARTIAL	Exact provider sample and local input are confirmed; provider checksum/download receipt and redistribution status remain partial.	U007		highres_humanbreastcancerpatient1_profile_mask_monocytes_and_macrophages	MERS01_BREAST	high-resolution MERSCOPE profile masking	High-resolution profile masking: highres_humanbreastcancerpatient1_profile_mask_monocytes_and_macrophages	highres_humanbreastcancerpatient1_profile_mask_monocytes_and_macrophages	MERS01_BREAST	MERS01_BREAST	profile masking: Monocytes and Macrophages		true	NOT_RECORDED	true	CytoSPACE	NOT_RECORDED	min_cells_sc=0;min_cells_st=0	NOT_RECORDED	configs/datasets/highres_humanbreastcancerpatient1_profile_mask_monocytes_and_macrophages.yaml	aef4283fefbff6f144ba888436a69eb4967c020e	data/raw/high/HumanBreastCancerPatient1/HumanBreastCancerPatient1_cell_by_gene.csv;data/raw/high/HumanBreastCancerPatient1/HumanBreastCancerPatient1_cell_metadata.csv	data/raw/high/HumanBreastCancerPatient1/HumanBreastCancerPatient1_cell_by_gene.csv=a29c0db89e207ac8a81ec53f422219e40ddbbdc5;data/raw/high/HumanBreastCancerPatient1/HumanBreastCancerPatient1_cell_metadata.csv=07f13f687f466f8272617d0bda40b52822a9343e	result/highres_humanbreastcancerpatient1_profile_mask_monocytes_and_macrophages/stage3_typematch/stage3_summary.json;result/highres_humanbreastcancerpatient1_profile_mask_monocytes_and_macrophages/stage4_cytospace_route2_highres/cytospace_output/stage4_summary.json	result/highres_humanbreastcancerpatient1_profile_mask_monocytes_and_macrophages/stage3_typematch/stage3_summary.json=9ce5f35690c0d550caae23520d4dfe7b24602855;result/highres_humanbreastcancerpatient1_profile_mask_monocytes_and_macrophages/stage4_cytospace_route2_highres/cytospace_output/stage4_summary.json=1db4b7fd42002183f137813d7a69defb3fdae459			REDISTRIBUTABLE_DERIVATIVE_ONLY	PARTIAL	visualizations/manuscript_audits/dataset_provenance_major_evidence_recovery/experiment_manifest_draft_v0_2.tsv;visualizations/manuscript_audits/dataset_provenance_major_evidence_recovery/vizgen_release_evidence.tsv;configs/datasets/highres_humanbreastcancerpatient1_profile_mask_monocytes_and_macrophages.yaml	PENDING_HUMAN_APPROVAL
highres_humancoloncancerpatient1_profile_mask_fibroblasts	high-resolution MERSCOPE profile masking	Fig. 3A-D	High-resolution profile masking	MERS02_COLON	MERS02_COLON	RES01_ECOTYPER	Fibroblasts		project-generated disjoint same-assay reference split	PARTIAL	Exact provider sample and local input are confirmed; provider checksum/download receipt and redistribution status remain partial.	U007		highres_humancoloncancerpatient1_profile_mask_fibroblasts	MERS02_COLON	high-resolution MERSCOPE profile masking	High-resolution profile masking: highres_humancoloncancerpatient1_profile_mask_fibroblasts	highres_humancoloncancerpatient1_profile_mask_fibroblasts	MERS02_COLON	MERS02_COLON	profile masking: Fibroblasts		true	NOT_RECORDED	true	CytoSPACE	NOT_RECORDED	min_cells_sc=0;min_cells_st=0	NOT_RECORDED	configs/datasets/highres_humancoloncancerpatient1_profile_mask_fibroblasts.yaml	a592c6bc48e7b122db42254c3980fe098dfe5bc5	data/raw/high/HumanColonCancerPatient1/HumanColonCancerPatient1_cell_by_gene.csv;data/raw/high/HumanColonCancerPatient1/HumanColonCancerPatient1_cell_metadata.csv	data/raw/high/HumanColonCancerPatient1/HumanColonCancerPatient1_cell_by_gene.csv=b92cd8c0d52aebd9b94c1d546e2925954d90cca8;data/raw/high/HumanColonCancerPatient1/HumanColonCancerPatient1_cell_metadata.csv=9478341296bb8e19aff017daf3c71667dae410b8	result/highres_humancoloncancerpatient1_profile_mask_fibroblasts/stage3_typematch/stage3_summary.json;result/highres_humancoloncancerpatient1_profile_mask_fibroblasts/stage4_cytospace_route2_highres/cytospace_output/stage4_summary.json	result/highres_humancoloncancerpatient1_profile_mask_fibroblasts/stage3_typematch/stage3_summary.json=d1987e5d06eb16e4fce20b8b71e3e60b23feed5e;result/highres_humancoloncancerpatient1_profile_mask_fibroblasts/stage4_cytospace_route2_highres/cytospace_output/stage4_summary.json=3805fc877de3ef0096862fbf0daf80357d73172c			REDISTRIBUTABLE_DERIVATIVE_ONLY	PARTIAL	visualizations/manuscript_audits/dataset_provenance_major_evidence_recovery/experiment_manifest_draft_v0_2.tsv;visualizations/manuscript_audits/dataset_provenance_major_evidence_recovery/vizgen_release_evidence.tsv;configs/datasets/highres_humancoloncancerpatient1_profile_mask_fibroblasts.yaml	PENDING_HUMAN_APPROVAL
highres_humanlungcancerpatient1_profile_mask_plasma_cells	high-resolution MERSCOPE profile masking	Fig. 3A-D	High-resolution profile masking	MERS03_LUNG	MERS03_LUNG	RES01_ECOTYPER	Plasma cells		project-generated disjoint same-assay reference split	PARTIAL	Exact provider sample and local input are confirmed; provider checksum/download receipt and redistribution status remain partial.	U007		highres_humanlungcancerpatient1_profile_mask_plasma_cells	MERS03_LUNG	high-resolution MERSCOPE profile masking	High-resolution profile masking: highres_humanlungcancerpatient1_profile_mask_plasma_cells	highres_humanlungcancerpatient1_profile_mask_plasma_cells	MERS03_LUNG	MERS03_LUNG	profile masking: Plasma cells		true	NOT_RECORDED	true	CytoSPACE	NOT_RECORDED	min_cells_sc=0;min_cells_st=0	NOT_RECORDED	configs/datasets/highres_humanlungcancerpatient1_profile_mask_plasma_cells.yaml	f5f8ee5b15d0fd7146b33bcac11e57660d1cecca	data/raw/high/HumanLungCancerPatient1/HumanLungCancerPatient1_cell_by_gene.csv;data/raw/high/HumanLungCancerPatient1/HumanLungCancerPatient1_cell_metadata.csv	data/raw/high/HumanLungCancerPatient1/HumanLungCancerPatient1_cell_by_gene.csv=feb56174d264b7c13b994a456e000351f1ef605d;data/raw/high/HumanLungCancerPatient1/HumanLungCancerPatient1_cell_metadata.csv=8dd389505da02a16360df4cf6f0dad7a655c826e	result/highres_humanlungcancerpatient1_profile_mask_plasma_cells/stage3_typematch/stage3_summary.json;result/highres_humanlungcancerpatient1_profile_mask_plasma_cells/stage4_cytospace_route2_highres/cytospace_output/stage4_summary.json	result/highres_humanlungcancerpatient1_profile_mask_plasma_cells/stage3_typematch/stage3_summary.json=1d16bd28c831f77ddad8a918c2a94cc02f6fc27e;result/highres_humanlungcancerpatient1_profile_mask_plasma_cells/stage4_cytospace_route2_highres/cytospace_output/stage4_summary.json=76aa9da2b5ae0968a6b37ffa66298828bed51dbd			REDISTRIBUTABLE_DERIVATIVE_ONLY	PARTIAL	visualizations/manuscript_audits/dataset_provenance_major_evidence_recovery/experiment_manifest_draft_v0_2.tsv;visualizations/manuscript_audits/dataset_provenance_major_evidence_recovery/vizgen_release_evidence.tsv;configs/datasets/highres_humanlungcancerpatient1_profile_mask_plasma_cells.yaml	PENDING_HUMAN_APPROVAL
highres_humanmelanomapatient1_profile_mask_fibroblasts	high-resolution MERSCOPE profile masking	Fig. 3A-D	High-resolution profile masking	MERS04_MELANOMA1	MERS04_MELANOMA1	RES01_ECOTYPER	Fibroblasts		project-generated disjoint same-assay reference split	PARTIAL	Exact provider sample and local input are confirmed; provider checksum/download receipt and redistribution status remain partial.	U007		highres_humanmelanomapatient1_profile_mask_fibroblasts	MERS04_MELANOMA1	high-resolution MERSCOPE profile masking	High-resolution profile masking: highres_humanmelanomapatient1_profile_mask_fibroblasts	highres_humanmelanomapatient1_profile_mask_fibroblasts	MERS04_MELANOMA1	MERS04_MELANOMA1	profile masking: Fibroblasts		true	NOT_RECORDED	true	CytoSPACE	NOT_RECORDED	min_cells_sc=0;min_cells_st=0	NOT_RECORDED	configs/datasets/highres_humanmelanomapatient1_profile_mask_fibroblasts.yaml	40c2a7c3b168243381d7a81cd0b47afd6797bfe7	data/raw/high/HumanMelanomaPatient1/HumanMelanomaPatient1_cell_by_gene.csv;data/raw/high/HumanMelanomaPatient1/HumanMelanomaPatient1_cell_metadata.csv	data/raw/high/HumanMelanomaPatient1/HumanMelanomaPatient1_cell_by_gene.csv=f2f8fc257a95790bc780cf336b8a8b4870b097d1;data/raw/high/HumanMelanomaPatient1/HumanMelanomaPatient1_cell_metadata.csv=84413ebd8cd5328e904e807a15c3b5fd84ab2a34	result/highres_humanmelanomapatient1_profile_mask_fibroblasts/stage3_typematch/stage3_summary.json;result/highres_humanmelanomapatient1_profile_mask_fibroblasts/stage4_cytospace_route2_highres/cytospace_output/stage4_summary.json	result/highres_humanmelanomapatient1_profile_mask_fibroblasts/stage3_typematch/stage3_summary.json=6911cfbad25ab4c40c7440b14bc680134d42a2c2;result/highres_humanmelanomapatient1_profile_mask_fibroblasts/stage4_cytospace_route2_highres/cytospace_output/stage4_summary.json=6d8debc710b77d33448cae7a31bf2b306330109a			REDISTRIBUTABLE_DERIVATIVE_ONLY	PARTIAL	visualizations/manuscript_audits/dataset_provenance_major_evidence_recovery/experiment_manifest_draft_v0_2.tsv;visualizations/manuscript_audits/dataset_provenance_major_evidence_recovery/vizgen_release_evidence.tsv;configs/datasets/highres_humanmelanomapatient1_profile_mask_fibroblasts.yaml	PENDING_HUMAN_APPROVAL
highres_humanmelanomapatient2_profile_mask_b_cells	high-resolution MERSCOPE profile masking	Fig. 3A-D	High-resolution profile masking	MERS05_MELANOMA2	MERS05_MELANOMA2	RES01_ECOTYPER	B cells		project-generated disjoint same-assay reference split	PARTIAL	Exact provider sample and local input are confirmed; provider checksum/download receipt and redistribution status remain partial.	U007		highres_humanmelanomapatient2_profile_mask_b_cells	MERS05_MELANOMA2	high-resolution MERSCOPE profile masking	High-resolution profile masking: highres_humanmelanomapatient2_profile_mask_b_cells	highres_humanmelanomapatient2_profile_mask_b_cells	MERS05_MELANOMA2	MERS05_MELANOMA2	profile masking: B cells		true	NOT_RECORDED	true	CytoSPACE	NOT_RECORDED	min_cells_sc=0;min_cells_st=0	NOT_RECORDED	configs/datasets/highres_humanmelanomapatient2_profile_mask_b_cells.yaml	929d3972ffa4fb9411b67312f0ebdd81c8887995	data/raw/high/HumanMelanomaPatient2/HumanMelanomaPatient2_cell_by_gene.csv;data/raw/high/HumanMelanomaPatient2/HumanMelanomaPatient2_cell_metadata.csv	data/raw/high/HumanMelanomaPatient2/HumanMelanomaPatient2_cell_by_gene.csv=a89d0e14a35e5403ce5eda4b92f935001f4004d0;data/raw/high/HumanMelanomaPatient2/HumanMelanomaPatient2_cell_metadata.csv=ce0ea9ba1fcf0a7239c364c5ac73ab2ffe1b6f31	result/highres_humanmelanomapatient2_profile_mask_b_cells/stage3_typematch/stage3_summary.json;result/highres_humanmelanomapatient2_profile_mask_b_cells/stage4_cytospace_route2_highres/cytospace_output/stage4_summary.json	result/highres_humanmelanomapatient2_profile_mask_b_cells/stage3_typematch/stage3_summary.json=d297ff6c227957260b92dee623b9535515e62616;result/highres_humanmelanomapatient2_profile_mask_b_cells/stage4_cytospace_route2_highres/cytospace_output/stage4_summary.json=74eecb416ecc55aa9995db992a04eb41d4c39e46			REDISTRIBUTABLE_DERIVATIVE_ONLY	PARTIAL	visualizations/manuscript_audits/dataset_provenance_major_evidence_recovery/experiment_manifest_draft_v0_2.tsv;visualizations/manuscript_audits/dataset_provenance_major_evidence_recovery/vizgen_release_evidence.tsv;configs/datasets/highres_humanmelanomapatient2_profile_mask_b_cells.yaml	PENDING_HUMAN_APPROVAL
human_breast_cancer_real_profile_mask_basal_cell	low-resolution profile masking	Fig. 2A-B/E	Low-resolution profile masking	LR03_BRCA_FFPE	LR03_BRCA_FFPE		Basal cell		project-generated masked profile	CONFIRMED	Task 4B-2 recovered exact retained hECA input lineage, cell-level study mapping, cell counts, and local SHA-1.			human_breast_cancer_real_profile_mask_basal_cell	LR03_BRCA_FFPE	low-resolution profile masking	Low-resolution profile masking: human_breast_cancer_real_profile_mask_basal_cell	human_breast_cancer_real_profile_mask_basal_cell	LR03_BRCA_FFPE	LR03_BRCA_FFPE	profile masking: Basal cell		true	NOT_RECORDED	NOT_RECORDED	NOT_RECORDED	NOT_RECORDED	min_cells_sc=0;min_cells_st=0	NOT_RECORDED	configs/datasets/human_breast_cancer_real_profile_mask_basal_cell.yaml	2a87fcf2b04261c09c5bf6dd38140274e6183dc6	data/raw/low_resolution/Human Breast Cancer/Visium_FFPE_Human_Breast_Cancer_filtered_feature_bc_matrix.h5;data/raw/low_resolution/Human Breast Cancer/sc_human_breast_heca.h5ad	data/raw/low_resolution/Human Breast Cancer/Visium_FFPE_Human_Breast_Cancer_filtered_feature_bc_matrix.h5=01c188d629a55297b66885237243c0fd369dd557;data/raw/low_resolution/Human Breast Cancer/sc_human_breast_heca.h5ad=3cf6406ce45033dbf57d9ae402fa35ddbd7f8b02	result/low_resolution_experiments/human_breast_cancer_real_profile_mask_basal_cell/stage1_preprocess/stage1_summary.json;result/low_resolution_experiments/human_breast_cancer_real_profile_mask_basal_cell/stage3_typematch/stage3_summary.json	result/low_resolution_experiments/human_breast_cancer_real_profile_mask_basal_cell/stage1_preprocess/stage1_summary.json=3372dc21f29fb9dd8981e4f0c0b1262c6d1fdff7;result/low_resolution_experiments/human_breast_cancer_real_profile_mask_basal_cell/stage3_typematch/stage3_summary.json=68f17bbc7a1cb7d13507d17c8487c616620cb498	result/real_profile_mask_foundation/human_breast_cancer_real_profile_mask_basal_cell/spot_foundation.csv	result/real_profile_mask_foundation/human_breast_cancer_real_profile_mask_basal_cell/spot_foundation.csv=675c41cf3c90112b51182b3d0ed3290bfb448bbb	REDISTRIBUTABLE_DERIVATIVE_ONLY	CONFIRMED	visualizations/manuscript_audits/dataset_provenance_major_evidence_recovery/experiment_manifest_draft_v0_2.tsv;visualizations/manuscript_audits/dataset_provenance_major_evidence_recovery/heca_reference_lineage_audit.tsv;configs/datasets/human_breast_cancer_real_profile_mask_basal_cell.yaml	PENDING_HUMAN_APPROVAL
human_breast_cancer_visium_ff_wta_real_profile_mask_macrophage	low-resolution profile masking	Fig. 2A-B/E	Low-resolution profile masking	LR04_BRCA_FF	LR04_BRCA_FF		Macrophage		project-generated masked profile	CONFIRMED	Task 4B-2 recovered exact retained hECA input lineage, cell-level study mapping, cell counts, and local SHA-1.			human_breast_cancer_visium_ff_wta_real_profile_mask_macrophage	LR04_BRCA_FF	low-resolution profile masking	Low-resolution profile masking: human_breast_cancer_visium_ff_wta_real_profile_mask_macrophage	human_breast_cancer_visium_ff_wta_real_profile_mask_macrophage	LR04_BRCA_FF	LR04_BRCA_FF	profile masking: Macrophage		true	NOT_RECORDED	NOT_RECORDED	NOT_RECORDED	NOT_RECORDED	min_cells_sc=0;min_cells_st=0	NOT_RECORDED	configs/datasets/human_breast_cancer_visium_ff_wta_real_profile_mask_macrophage.yaml	302fb62e7dc2652ca5190a5210c9cc7f06d4e281	data/raw/low_resolution/Human Breast Cancer Visium FF WTA/Visium_Human_Breast_Cancer_filtered_feature_bc_matrix.h5;data/raw/low_resolution/Human Breast Cancer Visium FF WTA/sc_human_breast_heca.h5ad	data/raw/low_resolution/Human Breast Cancer Visium FF WTA/Visium_Human_Breast_Cancer_filtered_feature_bc_matrix.h5=1aea9a4ae18f9c71067679c1d5ef7703f6e19479;data/raw/low_resolution/Human Breast Cancer Visium FF WTA/sc_human_breast_heca.h5ad=3cf6406ce45033dbf57d9ae402fa35ddbd7f8b02	result/low_resolution_experiments/human_breast_cancer_visium_ff_wta_real_profile_mask_macrophage/stage1_preprocess/stage1_summary.json;result/low_resolution_experiments/human_breast_cancer_visium_ff_wta_real_profile_mask_macrophage/stage3_typematch/stage3_summary.json	result/low_resolution_experiments/human_breast_cancer_visium_ff_wta_real_profile_mask_macrophage/stage1_preprocess/stage1_summary.json=f916d61f19bf30366e5406b08ad6fea53abc04fb;result/low_resolution_experiments/human_breast_cancer_visium_ff_wta_real_profile_mask_macrophage/stage3_typematch/stage3_summary.json=baa6eb59b717e8eb62b7fa4cf4cec1f043083147	result/real_profile_mask_foundation/human_breast_cancer_visium_ff_wta_real_profile_mask_macrophage/spot_foundation.csv	result/real_profile_mask_foundation/human_breast_cancer_visium_ff_wta_real_profile_mask_macrophage/spot_foundation.csv=57516d3c540008badc6aa3c83817590b4a933cf6	REDISTRIBUTABLE_DERIVATIVE_ONLY	CONFIRMED	visualizations/manuscript_audits/dataset_provenance_major_evidence_recovery/experiment_manifest_draft_v0_2.tsv;visualizations/manuscript_audits/dataset_provenance_major_evidence_recovery/heca_reference_lineage_audit.tsv;configs/datasets/human_breast_cancer_visium_ff_wta_real_profile_mask_macrophage.yaml	PENDING_HUMAN_APPROVAL
human_breast_cancer_wta_120_real_profile_mask_endothelial_cell	low-resolution profile masking	Fig. 2A-B/E	Low-resolution profile masking	LR05_BRCA_ILC	LR05_BRCA_ILC		Endothelial cell		project-generated masked profile	CONFIRMED	Task 4B-2 recovered exact retained hECA input lineage, cell-level study mapping, cell counts, and local SHA-1.			human_breast_cancer_wta_120_real_profile_mask_endothelial_cell	LR05_BRCA_ILC	low-resolution profile masking	Low-resolution profile masking: human_breast_cancer_wta_120_real_profile_mask_endothelial_cell	human_breast_cancer_wta_120_real_profile_mask_endothelial_cell	LR05_BRCA_ILC	LR05_BRCA_ILC	profile masking: Endothelial cell		true	NOT_RECORDED	NOT_RECORDED	NOT_RECORDED	NOT_RECORDED	min_cells_sc=0;min_cells_st=0	NOT_RECORDED	configs/datasets/human_breast_cancer_wta_120_real_profile_mask_endothelial_cell.yaml	cc3864a41ceb0bb47bfd39bef31a29478bcf9d61	data/raw/low_resolution/Human Breast Cancer WTA 1.2.0/Parent_Visium_Human_BreastCancer_filtered_feature_bc_matrix.h5;data/raw/low_resolution/Human Breast Cancer WTA 1.2.0/sc_human_breast_heca.h5ad	data/raw/low_resolution/Human Breast Cancer WTA 1.2.0/Parent_Visium_Human_BreastCancer_filtered_feature_bc_matrix.h5=69fcb09376883c62ac930f868a7a97033b6feb20;data/raw/low_resolution/Human Breast Cancer WTA 1.2.0/sc_human_breast_heca.h5ad=3cf6406ce45033dbf57d9ae402fa35ddbd7f8b02	result/low_resolution_experiments/human_breast_cancer_wta_120_real_profile_mask_endothelial_cell/stage1_preprocess/stage1_summary.json;result/low_resolution_experiments/human_breast_cancer_wta_120_real_profile_mask_endothelial_cell/stage3_typematch/stage3_summary.json	result/low_resolution_experiments/human_breast_cancer_wta_120_real_profile_mask_endothelial_cell/stage1_preprocess/stage1_summary.json=563248ca92ece95d496f3558bcee62a66a835a21;result/low_resolution_experiments/human_breast_cancer_wta_120_real_profile_mask_endothelial_cell/stage3_typematch/stage3_summary.json=883e01cd514beedeaa69d671d44e74f0cc895b45	result/real_profile_mask_foundation/human_breast_cancer_wta_120_real_profile_mask_endothelial_cell/spot_foundation.csv	result/real_profile_mask_foundation/human_breast_cancer_wta_120_real_profile_mask_endothelial_cell/spot_foundation.csv=59cc1bb377fb1537d03b8571dd735062f16a0acc	REDISTRIBUTABLE_DERIVATIVE_ONLY	CONFIRMED	visualizations/manuscript_audits/dataset_provenance_major_evidence_recovery/experiment_manifest_draft_v0_2.tsv;visualizations/manuscript_audits/dataset_provenance_major_evidence_recovery/heca_reference_lineage_audit.tsv;configs/datasets/human_breast_cancer_wta_120_real_profile_mask_endothelial_cell.yaml	PENDING_HUMAN_APPROVAL
human_cervical_cancer_real_profile_mask_epithelial_cell	low-resolution profile masking	Fig. 2A-B/E	Low-resolution profile masking	LR06_CERVICAL	LR06_CERVICAL		Epithelial cell		project-generated masked profile	CONFIRMED	Task 4B-2 recovered exact retained hECA input lineage, cell-level study mapping, cell counts, and local SHA-1.			human_cervical_cancer_real_profile_mask_epithelial_cell	LR06_CERVICAL	low-resolution profile masking	Low-resolution profile masking: human_cervical_cancer_real_profile_mask_epithelial_cell	human_cervical_cancer_real_profile_mask_epithelial_cell	LR06_CERVICAL	LR06_CERVICAL	profile masking: Epithelial cell		true	NOT_RECORDED	NOT_RECORDED	NOT_RECORDED	NOT_RECORDED	min_cells_sc=0;min_cells_st=0	NOT_RECORDED	configs/datasets/human_cervical_cancer_real_profile_mask_epithelial_cell.yaml	71c977dd2ea587e358411aca0900fb1f339261de	data/raw/low_resolution/Human Cervical Cancer/Visium_FFPE_Human_Cervical_Cancer_filtered_feature_bc_matrix.h5;data/raw/low_resolution/Human Cervical Cancer/sc_human_uterus_heca.h5ad	data/raw/low_resolution/Human Cervical Cancer/Visium_FFPE_Human_Cervical_Cancer_filtered_feature_bc_matrix.h5=03e12077342e46bfc6968bb0302aadb35f314369;data/raw/low_resolution/Human Cervical Cancer/sc_human_uterus_heca.h5ad=f13580cfc1d9a2a826ecba69b2e4ef253c2ae404	result/low_resolution_experiments/human_cervical_cancer_real_profile_mask_epithelial_cell/stage1_preprocess/stage1_summary.json;result/low_resolution_experiments/human_cervical_cancer_real_profile_mask_epithelial_cell/stage3_typematch/stage3_summary.json	result/low_resolution_experiments/human_cervical_cancer_real_profile_mask_epithelial_cell/stage1_preprocess/stage1_summary.json=0f1390b8725de75f671fdaea33de983c238fe1b0;result/low_resolution_experiments/human_cervical_cancer_real_profile_mask_epithelial_cell/stage3_typematch/stage3_summary.json=7236d8cb0549237e32bcbb67134635c8026fdb75	result/real_profile_mask_foundation/human_cervical_cancer_real_profile_mask_epithelial_cell/spot_foundation.csv	result/real_profile_mask_foundation/human_cervical_cancer_real_profile_mask_epithelial_cell/spot_foundation.csv=c980dd9885634aa33cef8725cd97f08be8145152	REDISTRIBUTABLE_DERIVATIVE_ONLY	CONFIRMED	visualizations/manuscript_audits/dataset_provenance_major_evidence_recovery/experiment_manifest_draft_v0_2.tsv;visualizations/manuscript_audits/dataset_provenance_major_evidence_recovery/heca_reference_lineage_audit.tsv;configs/datasets/human_cervical_cancer_real_profile_mask_epithelial_cell.yaml	PENDING_HUMAN_APPROVAL
human_heart_ff_real_profile_mask_endothelial_cell	low-resolution profile masking	Fig. 2A-B/E	Low-resolution profile masking	LR07_HEART	LR07_HEART		Endothelial cell		project-generated masked profile	CONFIRMED	Inherited from Task 4A experiment crosswalk; unresolved/partial records retained.			human_heart_ff_real_profile_mask_endothelial_cell	LR07_HEART	low-resolution profile masking	Low-resolution profile masking: human_heart_ff_real_profile_mask_endothelial_cell	human_heart_ff_real_profile_mask_endothelial_cell	LR07_HEART	LR07_HEART	profile masking: Endothelial cell		true	NOT_RECORDED	NOT_RECORDED	NOT_RECORDED	NOT_RECORDED	min_cells_sc=0;min_cells_st=0	NOT_RECORDED	configs/datasets/human_heart_ff_real_profile_mask_endothelial_cell.yaml	64614f77b3cdb0a04613afbeca427206e1246a62	data/raw/low_resolution/Human Heart (FF)/V1_Human_Heart_filtered_feature_bc_matrix.h5;data/raw/low_resolution/Human Heart (FF)/sc_human_heart_abo1984.h5ad	data/raw/low_resolution/Human Heart (FF)/V1_Human_Heart_filtered_feature_bc_matrix.h5=81072151c438b124ef65a47c2ea9fc02b67899ef;data/raw/low_resolution/Human Heart (FF)/sc_human_heart_abo1984.h5ad=4a6a7a7ee55a702c0d2e4964c4320efaaf891d4c	result/low_resolution_experiments/human_heart_ff_real_profile_mask_endothelial_cell/stage1_preprocess/stage1_summary.json;result/low_resolution_experiments/human_heart_ff_real_profile_mask_endothelial_cell/stage3_typematch/stage3_summary.json	result/low_resolution_experiments/human_heart_ff_real_profile_mask_endothelial_cell/stage1_preprocess/stage1_summary.json=b7f0b4e8f4c9cd744e7a2b80aa94b92714df624f;result/low_resolution_experiments/human_heart_ff_real_profile_mask_endothelial_cell/stage3_typematch/stage3_summary.json=490e99c0644fa116e079991a30e57dd573f8a4f1	result/real_profile_mask_foundation/human_heart_ff_real_profile_mask_endothelial_cell/spot_foundation.csv	result/real_profile_mask_foundation/human_heart_ff_real_profile_mask_endothelial_cell/spot_foundation.csv=87fbf18b73a9fcd628d5c3a35aa927472bb336a5	REDISTRIBUTABLE_DERIVATIVE_ONLY	CONFIRMED	visualizations/manuscript_audits/dataset_provenance_major_evidence_recovery/experiment_manifest_draft_v0_2.tsv;visualizations/manuscript_audits/dataset_provenance_major_evidence_recovery/dataset_manifest_draft_v0_2.tsv;configs/datasets/human_heart_ff_real_profile_mask_endothelial_cell.yaml	PENDING_HUMAN_APPROVAL
human_intestine_cancer_real_profile_mask_endothelial_cell	low-resolution profile masking	Fig. 2A-B/E	Low-resolution profile masking	LR08_INTESTINE	LR08_INTESTINE		Endothelial cell		project-generated masked profile	CONFIRMED	Task 4B-2 recovered exact retained hECA input lineage, cell-level study mapping, cell counts, and local SHA-1.			human_intestine_cancer_real_profile_mask_endothelial_cell	LR08_INTESTINE	low-resolution profile masking	Low-resolution profile masking: human_intestine_cancer_real_profile_mask_endothelial_cell	human_intestine_cancer_real_profile_mask_endothelial_cell	LR08_INTESTINE	LR08_INTESTINE	profile masking: Endothelial cell		true	NOT_RECORDED	NOT_RECORDED	NOT_RECORDED	NOT_RECORDED	min_cells_sc=0;min_cells_st=0	NOT_RECORDED	configs/datasets/human_intestine_cancer_real_profile_mask_endothelial_cell.yaml	d35fa8437f887bc6de1d160c95ad8c926244a3cc	data/raw/low_resolution/Human Intestine Cancer/Visium_FFPE_Human_Intestinal_Cancer_filtered_feature_bc_matrix.h5;data/raw/low_resolution/Human Intestine Cancer/sc_human_intestine_heca.h5ad	data/raw/low_resolution/Human Intestine Cancer/Visium_FFPE_Human_Intestinal_Cancer_filtered_feature_bc_matrix.h5=4da25915376393c9b1a9ae8754a9c75ee08d68a6;data/raw/low_resolution/Human Intestine Cancer/sc_human_intestine_heca.h5ad=31e919a4fad454333516d57bc37ec87a756ff98e	result/low_resolution_experiments/human_intestine_cancer_real_profile_mask_endothelial_cell/stage1_preprocess/stage1_summary.json;result/low_resolution_experiments/human_intestine_cancer_real_profile_mask_endothelial_cell/stage3_typematch/stage3_summary.json	result/low_resolution_experiments/human_intestine_cancer_real_profile_mask_endothelial_cell/stage1_preprocess/stage1_summary.json=5f1751c20586b2d090c50b69b470c0959a71b891;result/low_resolution_experiments/human_intestine_cancer_real_profile_mask_endothelial_cell/stage3_typematch/stage3_summary.json=8e16a4680a73712ff19a1d50d9944fb55ff6fee9	result/real_profile_mask_foundation/human_intestine_cancer_real_profile_mask_endothelial_cell/spot_foundation.csv	result/real_profile_mask_foundation/human_intestine_cancer_real_profile_mask_endothelial_cell/spot_foundation.csv=6cc8af61d6b72e50ffcfa76bd5061036bcbbfdea	REDISTRIBUTABLE_DERIVATIVE_ONLY	CONFIRMED	visualizations/manuscript_audits/dataset_provenance_major_evidence_recovery/experiment_manifest_draft_v0_2.tsv;visualizations/manuscript_audits/dataset_provenance_major_evidence_recovery/heca_reference_lineage_audit.tsv;configs/datasets/human_intestine_cancer_real_profile_mask_endothelial_cell.yaml	PENDING_HUMAN_APPROVAL
human_lung_5loc_fine9_clustered_sim_missing_at2_fibroblast_sc_missing_b_cell	joint Stage3A-Stage3B simulations	Fig. 1C-D	Joint Stage3A-Stage3B simulations	SIM03_HUMAN_LUNG	SIM03_HUMAN_LUNG				AT2+Fibroblast profile masking; SC B cell missing	PARTIAL	Accession-type conflict resolved; read-run accession remains unresolved and is not required to identify the frozen spatial sample.	U011	Human-lung accession correction recorded in Task 4B-1.	human_lung_5loc_fine9_clustered_sim_missing_at2_fibroblast_sc_missing_b_cell	SIM03_HUMAN_LUNG	joint Stage3A-Stage3B simulations	Joint Stage3A-Stage3B simulations: human_lung_5loc_fine9_clustered_sim_missing_at2_fibroblast_sc_missing_b_cell	human_lung_5loc_fine9_clustered_sim_missing_at2_fibroblast_sc_missing_b_cell	SIM03_HUMAN_LUNG	SIM03_HUMAN_LUNG	AT2+Fibroblast profile masking; SC B cell missing		true	true	NOT_RECORDED	NOT_RECORDED	NOT_RECORDED	min_cells_sc=0;min_cells_st=0	42	configs/datasets/human_lung_5loc_fine9_clustered_sim_sc_missing_b_cell.yaml	8747a9eb65e6fe3dd46e2e3b3592ba66a86ae415	data/sim/human_lung_5loc/human_lung_5loc_fine9_clustered_sim_sc_missing_b_cell/brca_STdata_GEP.txt;data/processed/simulation_experiments/human_lung_5loc/human_lung_5loc_fine9_clustered_sim_sc_missing_b_cell/stage1_preprocess/exported/sc_expression_normalized.csv	data/sim/human_lung_5loc/human_lung_5loc_fine9_clustered_sim_sc_missing_b_cell/brca_STdata_GEP.txt=b2572f7308c38cecef90989aa22ba170ed24b2c7;data/processed/simulation_experiments/human_lung_5loc/human_lung_5loc_fine9_clustered_sim_sc_missing_b_cell/stage1_preprocess/exported/sc_expression_normalized.csv=03aaa286b4bbf501d5f2046fd07d15fc6d72db99	result/simulation_experiments/human_lung_5loc/human_lung_5loc_fine9_clustered_sim_missing_at2_fibroblast_sc_missing_b_cell/stage1_preprocess/stage1_summary.json;result/simulation_experiments/human_lung_5loc/human_lung_5loc_fine9_clustered_sim_missing_at2_fibroblast_sc_missing_b_cell/stage3_typematch/stage3_summary.json;result/simulation_experiments/human_lung_5loc/human_lung_5loc_fine9_clustered_sim_missing_at2_fibroblast_sc_missing_b_cell/stage3b_st_unsupported/stage3b_summary.json	result/simulation_experiments/human_lung_5loc/human_lung_5loc_fine9_clustered_sim_missing_at2_fibroblast_sc_missing_b_cell/stage1_preprocess/stage1_summary.json=7ddf2d484803f2a59000d9a37a3c832f5a1efb42;result/simulation_experiments/human_lung_5loc/human_lung_5loc_fine9_clustered_sim_missing_at2_fibroblast_sc_missing_b_cell/stage3_typematch/stage3_summary.json=05d058f03033bd30c9ed0a84a30817e2d92bbebc;result/simulation_experiments/human_lung_5loc/human_lung_5loc_fine9_clustered_sim_missing_at2_fibroblast_sc_missing_b_cell/stage3b_st_unsupported/stage3b_summary.json=7917f3625f21b37b05460ce2fcd27e4f5a80816e			REDISTRIBUTABLE_DERIVATIVE_ONLY	PARTIAL	visualizations/manuscript_audits/dataset_provenance_major_evidence_recovery/experiment_manifest_draft_v0_2.tsv;visualizations/manuscript_audits/dataset_provenance_formal_audit/accession_type_audit.tsv;configs/datasets/human_lung_5loc_fine9_clustered_sim_sc_missing_b_cell.yaml	PENDING_HUMAN_APPROVAL
human_lung_5loc_fine9_clustered_sim_missing_at2_sc_missing_b_cell	joint Stage3A-Stage3B simulations	Fig. 1C-D	Joint Stage3A-Stage3B simulations	SIM03_HUMAN_LUNG	SIM03_HUMAN_LUNG				AT2 profile masking; SC B cell missing	PARTIAL	Accession-type conflict resolved; read-run accession remains unresolved and is not required to identify the frozen spatial sample.	U011	Human-lung accession correction recorded in Task 4B-1.	human_lung_5loc_fine9_clustered_sim_missing_at2_sc_missing_b_cell	SIM03_HUMAN_LUNG	joint Stage3A-Stage3B simulations	Joint Stage3A-Stage3B simulations: human_lung_5loc_fine9_clustered_sim_missing_at2_sc_missing_b_cell	human_lung_5loc_fine9_clustered_sim_missing_at2_sc_missing_b_cell	SIM03_HUMAN_LUNG	SIM03_HUMAN_LUNG	AT2 profile masking; SC B cell missing		true	true	NOT_RECORDED	NOT_RECORDED	NOT_RECORDED	min_cells_sc=0;min_cells_st=0	42	configs/datasets/human_lung_5loc_fine9_clustered_sim_sc_missing_b_cell.yaml	8747a9eb65e6fe3dd46e2e3b3592ba66a86ae415	data/sim/human_lung_5loc/human_lung_5loc_fine9_clustered_sim_sc_missing_b_cell/brca_STdata_GEP.txt;data/processed/simulation_experiments/human_lung_5loc/human_lung_5loc_fine9_clustered_sim_sc_missing_b_cell/stage1_preprocess/exported/sc_expression_normalized.csv	data/sim/human_lung_5loc/human_lung_5loc_fine9_clustered_sim_sc_missing_b_cell/brca_STdata_GEP.txt=b2572f7308c38cecef90989aa22ba170ed24b2c7;data/processed/simulation_experiments/human_lung_5loc/human_lung_5loc_fine9_clustered_sim_sc_missing_b_cell/stage1_preprocess/exported/sc_expression_normalized.csv=03aaa286b4bbf501d5f2046fd07d15fc6d72db99	result/simulation_experiments/human_lung_5loc/human_lung_5loc_fine9_clustered_sim_missing_at2_sc_missing_b_cell/stage1_preprocess/stage1_summary.json;result/simulation_experiments/human_lung_5loc/human_lung_5loc_fine9_clustered_sim_missing_at2_sc_missing_b_cell/stage3_typematch/stage3_summary.json;result/simulation_experiments/human_lung_5loc/human_lung_5loc_fine9_clustered_sim_missing_at2_sc_missing_b_cell/stage3b_st_unsupported/stage3b_summary.json	result/simulation_experiments/human_lung_5loc/human_lung_5loc_fine9_clustered_sim_missing_at2_sc_missing_b_cell/stage1_preprocess/stage1_summary.json=503975629ebb53eab59745944ebbf2b84505e7d7;result/simulation_experiments/human_lung_5loc/human_lung_5loc_fine9_clustered_sim_missing_at2_sc_missing_b_cell/stage3_typematch/stage3_summary.json=0c2a03f99889605f57dd55678baf66e4e864c199;result/simulation_experiments/human_lung_5loc/human_lung_5loc_fine9_clustered_sim_missing_at2_sc_missing_b_cell/stage3b_st_unsupported/stage3b_summary.json=78ab7f05f961dd6be772ed1f332306849ac0a04c			REDISTRIBUTABLE_DERIVATIVE_ONLY	PARTIAL	visualizations/manuscript_audits/dataset_provenance_major_evidence_recovery/experiment_manifest_draft_v0_2.tsv;visualizations/manuscript_audits/dataset_provenance_formal_audit/accession_type_audit.tsv;configs/datasets/human_lung_5loc_fine9_clustered_sim_sc_missing_b_cell.yaml	PENDING_HUMAN_APPROVAL
human_lung_5loc_fine9_clustered_sim_sc_missing_b_cell	joint Stage3A-Stage3B simulations	Fig. 1C-D	Joint Stage3A-Stage3B simulations	SIM03_HUMAN_LUNG	SIM03_HUMAN_LUNG				no ST-profile masking; SC B cell missing	PARTIAL	Accession-type conflict resolved; read-run accession remains unresolved and is not required to identify the frozen spatial sample.	U011	Human-lung accession correction recorded in Task 4B-1.	human_lung_5loc_fine9_clustered_sim_sc_missing_b_cell	SIM03_HUMAN_LUNG	joint Stage3A-Stage3B simulations	Joint Stage3A-Stage3B simulations: human_lung_5loc_fine9_clustered_sim_sc_missing_b_cell	human_lung_5loc_fine9_clustered_sim_sc_missing_b_cell	SIM03_HUMAN_LUNG	SIM03_HUMAN_LUNG	no ST-profile masking; SC B cell missing		true	true	NOT_RECORDED	NOT_RECORDED	NOT_RECORDED	min_cells_sc=0;min_cells_st=0	42	configs/datasets/human_lung_5loc_fine9_clustered_sim_sc_missing_b_cell.yaml	8747a9eb65e6fe3dd46e2e3b3592ba66a86ae415	data/sim/human_lung_5loc/human_lung_5loc_fine9_clustered_sim_sc_missing_b_cell/brca_STdata_GEP.txt;data/processed/simulation_experiments/human_lung_5loc/human_lung_5loc_fine9_clustered_sim_sc_missing_b_cell/stage1_preprocess/exported/sc_expression_normalized.csv	data/sim/human_lung_5loc/human_lung_5loc_fine9_clustered_sim_sc_missing_b_cell/brca_STdata_GEP.txt=b2572f7308c38cecef90989aa22ba170ed24b2c7;data/processed/simulation_experiments/human_lung_5loc/human_lung_5loc_fine9_clustered_sim_sc_missing_b_cell/stage1_preprocess/exported/sc_expression_normalized.csv=03aaa286b4bbf501d5f2046fd07d15fc6d72db99	result/simulation_experiments/human_lung_5loc/human_lung_5loc_fine9_clustered_sim_sc_missing_b_cell/stage1_preprocess/stage1_summary.json;result/simulation_experiments/human_lung_5loc/human_lung_5loc_fine9_clustered_sim_sc_missing_b_cell/stage3_typematch/stage3_summary.json;result/simulation_experiments/human_lung_5loc/human_lung_5loc_fine9_clustered_sim_sc_missing_b_cell/stage3b_st_unsupported/stage3b_summary.json	result/simulation_experiments/human_lung_5loc/human_lung_5loc_fine9_clustered_sim_sc_missing_b_cell/stage1_preprocess/stage1_summary.json=8a94e18cb87c6dfd433442a52126ec8ec0d152c8;result/simulation_experiments/human_lung_5loc/human_lung_5loc_fine9_clustered_sim_sc_missing_b_cell/stage3_typematch/stage3_summary.json=0ca8ba03479bf98769fc5efa81d2a58714f05cd6;result/simulation_experiments/human_lung_5loc/human_lung_5loc_fine9_clustered_sim_sc_missing_b_cell/stage3b_st_unsupported/stage3b_summary.json=b714ea6df6283b960b066c21120511ae11a0b734			REDISTRIBUTABLE_DERIVATIVE_ONLY	PARTIAL	visualizations/manuscript_audits/dataset_provenance_major_evidence_recovery/experiment_manifest_draft_v0_2.tsv;visualizations/manuscript_audits/dataset_provenance_formal_audit/accession_type_audit.tsv;configs/datasets/human_lung_5loc_fine9_clustered_sim_sc_missing_b_cell.yaml	PENDING_HUMAN_APPROVAL
human_lymph_node_real_profile_mask_b_cell	low-resolution profile masking	Fig. 2A-B/E	Low-resolution profile masking	LR09_LYMPH_NODE	LR09_LYMPH_NODE		B cell		project-generated masked profile	CONFIRMED	Inherited from Task 4A experiment crosswalk; unresolved/partial records retained.			human_lymph_node_real_profile_mask_b_cell	LR09_LYMPH_NODE	low-resolution profile masking	Low-resolution profile masking: human_lymph_node_real_profile_mask_b_cell	human_lymph_node_real_profile_mask_b_cell	LR09_LYMPH_NODE	LR09_LYMPH_NODE	profile masking: B cell		true	NOT_RECORDED	NOT_RECORDED	NOT_RECORDED	NOT_RECORDED	min_cells_sc=0;min_cells_st=0	NOT_RECORDED	configs/datasets/human_lymph_node_real_profile_mask_b_cell.yaml	aea3fa002e6f8110201b05c1b4adeb12e00073d2	data/raw/low_resolution/Human Lymph Node/V1_Human_Lymph_Node_filtered_feature_bc_matrix.h5;data/raw/low_resolution/Human Lymph Node/sc_lymph_node_abo0510.h5ad	data/raw/low_resolution/Human Lymph Node/V1_Human_Lymph_Node_filtered_feature_bc_matrix.h5=362245c0d3662833c9968f971a88f79b752fc0ce;data/raw/low_resolution/Human Lymph Node/sc_lymph_node_abo0510.h5ad=df48c4829fb04707357982e06be4282318395217	result/low_resolution_experiments/human_lymph_node_real_profile_mask_b_cell/stage1_preprocess/stage1_summary.json;result/low_resolution_experiments/human_lymph_node_real_profile_mask_b_cell/stage3_typematch/stage3_summary.json	result/low_resolution_experiments/human_lymph_node_real_profile_mask_b_cell/stage1_preprocess/stage1_summary.json=505ce8c281a1aa1dafb6ff423b20a285279ce561;result/low_resolution_experiments/human_lymph_node_real_profile_mask_b_cell/stage3_typematch/stage3_summary.json=d25546cf63ff3d25a41bdcee22ea5f6b72d4ef89	result/real_profile_mask_foundation/human_lymph_node_real_profile_mask_b_cell/spot_foundation.csv	result/real_profile_mask_foundation/human_lymph_node_real_profile_mask_b_cell/spot_foundation.csv=4f02585f9e33c8f27fcebc627847d700e11fea88	REDISTRIBUTABLE_DERIVATIVE_ONLY	CONFIRMED	visualizations/manuscript_audits/dataset_provenance_major_evidence_recovery/experiment_manifest_draft_v0_2.tsv;visualizations/manuscript_audits/dataset_provenance_major_evidence_recovery/dataset_manifest_draft_v0_2.tsv;configs/datasets/human_lymph_node_real_profile_mask_b_cell.yaml	PENDING_HUMAN_APPROVAL
mouse_brain_refined7_balanced_clustered_sim_missing_micro_fill_inh_pvalb_sc_missing_ext_l56	joint Stage3A-Stage3B simulations	Fig. 1C-D	Joint Stage3A-Stage3B simulations	SIM02_MOUSE_BRAIN	SIM02_MOUSE_BRAIN				Microglia profile masking; SC Ext_L56 missing	CONFIRMED	Inherited from Task 4A experiment crosswalk; unresolved/partial records retained.			mouse_brain_refined7_balanced_clustered_sim_missing_micro_fill_inh_pvalb_sc_missing_ext_l56	SIM02_MOUSE_BRAIN	joint Stage3A-Stage3B simulations	Joint Stage3A-Stage3B simulations: mouse_brain_refined7_balanced_clustered_sim_missing_micro_fill_inh_pvalb_sc_missing_ext_l56	mouse_brain_refined7_balanced_clustered_sim_missing_micro_fill_inh_pvalb_sc_missing_ext_l56	SIM02_MOUSE_BRAIN	SIM02_MOUSE_BRAIN	Microglia profile masking; SC Ext_L56 missing		true	true	NOT_RECORDED	NOT_RECORDED	NOT_RECORDED	min_cells_sc=0;min_cells_st=0	42	configs/datasets/mouse_brain_refined7_balanced_clustered_sim_sc_missing_ext_l56.yaml	486143b0e9f47dbecce260268e4d370b99936b31	data/sim/mouse_brain_refined/mouse_brain_refined7_balanced_clustered_sim_sc_missing_ext_l56/brca_STdata_GEP.txt;data/sim/mouse_brain_refined/mouse_brain_refined7_balanced_clustered_sim_sc_missing_ext_l56/brca_scRNA_GEP.txt	data/sim/mouse_brain_refined/mouse_brain_refined7_balanced_clustered_sim_sc_missing_ext_l56/brca_STdata_GEP.txt=ba01cc1b9b74bc367790fcc9da2362ba22007515;data/sim/mouse_brain_refined/mouse_brain_refined7_balanced_clustered_sim_sc_missing_ext_l56/brca_scRNA_GEP.txt=749c412b8ba95c72082e00ba4e3b90686c8af1de	result/simulation_experiments/mouse_brain_refined/mouse_brain_refined7_balanced_clustered_sim_missing_micro_fill_inh_pvalb_sc_missing_ext_l56/stage1_preprocess/stage1_summary.json;result/simulation_experiments/mouse_brain_refined/mouse_brain_refined7_balanced_clustered_sim_missing_micro_fill_inh_pvalb_sc_missing_ext_l56/stage3_typematch/stage3_summary.json;result/simulation_experiments/mouse_brain_refined/mouse_brain_refined7_balanced_clustered_sim_missing_micro_fill_inh_pvalb_sc_missing_ext_l56/stage3b_st_unsupported/stage3b_summary.json	result/simulation_experiments/mouse_brain_refined/mouse_brain_refined7_balanced_clustered_sim_missing_micro_fill_inh_pvalb_sc_missing_ext_l56/stage1_preprocess/stage1_summary.json=5b42493e64c4ac167716032371822fdd10211bbc;result/simulation_experiments/mouse_brain_refined/mouse_brain_refined7_balanced_clustered_sim_missing_micro_fill_inh_pvalb_sc_missing_ext_l56/stage3_typematch/stage3_summary.json=9287ff17f4ccc06088f7fd12a40c0d66bdc6651e;result/simulation_experiments/mouse_brain_refined/mouse_brain_refined7_balanced_clustered_sim_missing_micro_fill_inh_pvalb_sc_missing_ext_l56/stage3b_st_unsupported/stage3b_summary.json=364e96a956de80f2d580322d565599f7819fed9b			REDISTRIBUTABLE_DERIVATIVE_ONLY	CONFIRMED	visualizations/manuscript_audits/dataset_provenance_major_evidence_recovery/experiment_manifest_draft_v0_2.tsv;visualizations/manuscript_audits/dataset_provenance_major_evidence_recovery/dataset_manifest_draft_v0_2.tsv;configs/datasets/mouse_brain_refined7_balanced_clustered_sim_sc_missing_ext_l56.yaml	PENDING_HUMAN_APPROVAL
mouse_brain_refined7_balanced_clustered_sim_missing_micro_oligo_2_fill_inh_pvalb_sc_missing_ext_l56	joint Stage3A-Stage3B simulations	Fig. 1C-D	Joint Stage3A-Stage3B simulations	SIM02_MOUSE_BRAIN	SIM02_MOUSE_BRAIN				Microglia+Oligo_2 profile masking; SC Ext_L56 missing	CONFIRMED	Inherited from Task 4A experiment crosswalk; unresolved/partial records retained.			mouse_brain_refined7_balanced_clustered_sim_missing_micro_oligo_2_fill_inh_pvalb_sc_missing_ext_l56	SIM02_MOUSE_BRAIN	joint Stage3A-Stage3B simulations	Joint Stage3A-Stage3B simulations: mouse_brain_refined7_balanced_clustered_sim_missing_micro_oligo_2_fill_inh_pvalb_sc_missing_ext_l56	mouse_brain_refined7_balanced_clustered_sim_missing_micro_oligo_2_fill_inh_pvalb_sc_missing_ext_l56	SIM02_MOUSE_BRAIN	SIM02_MOUSE_BRAIN	Microglia+Oligo_2 profile masking; SC Ext_L56 missing		true	true	NOT_RECORDED	NOT_RECORDED	NOT_RECORDED	min_cells_sc=0;min_cells_st=0	42	configs/datasets/mouse_brain_refined7_balanced_clustered_sim_sc_missing_ext_l56.yaml	486143b0e9f47dbecce260268e4d370b99936b31	data/sim/mouse_brain_refined/mouse_brain_refined7_balanced_clustered_sim_sc_missing_ext_l56/brca_STdata_GEP.txt;data/sim/mouse_brain_refined/mouse_brain_refined7_balanced_clustered_sim_sc_missing_ext_l56/brca_scRNA_GEP.txt	data/sim/mouse_brain_refined/mouse_brain_refined7_balanced_clustered_sim_sc_missing_ext_l56/brca_STdata_GEP.txt=ba01cc1b9b74bc367790fcc9da2362ba22007515;data/sim/mouse_brain_refined/mouse_brain_refined7_balanced_clustered_sim_sc_missing_ext_l56/brca_scRNA_GEP.txt=749c412b8ba95c72082e00ba4e3b90686c8af1de	result/simulation_experiments/mouse_brain_refined/mouse_brain_refined7_balanced_clustered_sim_missing_micro_oligo_2_fill_inh_pvalb_sc_missing_ext_l56/stage1_preprocess/stage1_summary.json;result/simulation_experiments/mouse_brain_refined/mouse_brain_refined7_balanced_clustered_sim_missing_micro_oligo_2_fill_inh_pvalb_sc_missing_ext_l56/stage3_typematch/stage3_summary.json;result/simulation_experiments/mouse_brain_refined/mouse_brain_refined7_balanced_clustered_sim_missing_micro_oligo_2_fill_inh_pvalb_sc_missing_ext_l56/stage3b_st_unsupported/stage3b_summary.json	result/simulation_experiments/mouse_brain_refined/mouse_brain_refined7_balanced_clustered_sim_missing_micro_oligo_2_fill_inh_pvalb_sc_missing_ext_l56/stage1_preprocess/stage1_summary.json=5db150468e39a1a19fb8e8966ec223d1e8787a8e;result/simulation_experiments/mouse_brain_refined/mouse_brain_refined7_balanced_clustered_sim_missing_micro_oligo_2_fill_inh_pvalb_sc_missing_ext_l56/stage3_typematch/stage3_summary.json=8d1396e6b70ce35cdeb38bba01f42b999e5ba835;result/simulation_experiments/mouse_brain_refined/mouse_brain_refined7_balanced_clustered_sim_missing_micro_oligo_2_fill_inh_pvalb_sc_missing_ext_l56/stage3b_st_unsupported/stage3b_summary.json=673ec45bc2747ad6fc0b16dc1bca277c0af48dbe			REDISTRIBUTABLE_DERIVATIVE_ONLY	CONFIRMED	visualizations/manuscript_audits/dataset_provenance_major_evidence_recovery/experiment_manifest_draft_v0_2.tsv;visualizations/manuscript_audits/dataset_provenance_major_evidence_recovery/dataset_manifest_draft_v0_2.tsv;configs/datasets/mouse_brain_refined7_balanced_clustered_sim_sc_missing_ext_l56.yaml	PENDING_HUMAN_APPROVAL
mouse_brain_refined7_balanced_clustered_sim_sc_missing_ext_l56	joint Stage3A-Stage3B simulations	Fig. 1C-D	Joint Stage3A-Stage3B simulations	SIM02_MOUSE_BRAIN	SIM02_MOUSE_BRAIN				no ST-profile masking; SC Ext_L56 missing	CONFIRMED	Inherited from Task 4A experiment crosswalk; unresolved/partial records retained.			mouse_brain_refined7_balanced_clustered_sim_sc_missing_ext_l56	SIM02_MOUSE_BRAIN	joint Stage3A-Stage3B simulations	Joint Stage3A-Stage3B simulations: mouse_brain_refined7_balanced_clustered_sim_sc_missing_ext_l56	mouse_brain_refined7_balanced_clustered_sim_sc_missing_ext_l56	SIM02_MOUSE_BRAIN	SIM02_MOUSE_BRAIN	no ST-profile masking; SC Ext_L56 missing		true	true	NOT_RECORDED	NOT_RECORDED	NOT_RECORDED	min_cells_sc=0;min_cells_st=0	42	configs/datasets/mouse_brain_refined7_balanced_clustered_sim_sc_missing_ext_l56.yaml	486143b0e9f47dbecce260268e4d370b99936b31	data/sim/mouse_brain_refined/mouse_brain_refined7_balanced_clustered_sim_sc_missing_ext_l56/brca_STdata_GEP.txt;data/sim/mouse_brain_refined/mouse_brain_refined7_balanced_clustered_sim_sc_missing_ext_l56/brca_scRNA_GEP.txt	data/sim/mouse_brain_refined/mouse_brain_refined7_balanced_clustered_sim_sc_missing_ext_l56/brca_STdata_GEP.txt=ba01cc1b9b74bc367790fcc9da2362ba22007515;data/sim/mouse_brain_refined/mouse_brain_refined7_balanced_clustered_sim_sc_missing_ext_l56/brca_scRNA_GEP.txt=749c412b8ba95c72082e00ba4e3b90686c8af1de	result/simulation_experiments/mouse_brain_refined/mouse_brain_refined7_balanced_clustered_sim_sc_missing_ext_l56/stage1_preprocess/stage1_summary.json;result/simulation_experiments/mouse_brain_refined/mouse_brain_refined7_balanced_clustered_sim_sc_missing_ext_l56/stage3_typematch/stage3_summary.json;result/simulation_experiments/mouse_brain_refined/mouse_brain_refined7_balanced_clustered_sim_sc_missing_ext_l56/stage3b_st_unsupported/stage3b_summary.json	result/simulation_experiments/mouse_brain_refined/mouse_brain_refined7_balanced_clustered_sim_sc_missing_ext_l56/stage1_preprocess/stage1_summary.json=c8ae6d84a2a17ce5f97f6452a444dddf5a1498d9;result/simulation_experiments/mouse_brain_refined/mouse_brain_refined7_balanced_clustered_sim_sc_missing_ext_l56/stage3_typematch/stage3_summary.json=39037fa65e495288daf58ee40d63ed0a96e8987d;result/simulation_experiments/mouse_brain_refined/mouse_brain_refined7_balanced_clustered_sim_sc_missing_ext_l56/stage3b_st_unsupported/stage3b_summary.json=3afa571b2cbc6ec775f0d7af0171afff8b49f155			REDISTRIBUTABLE_DERIVATIVE_ONLY	CONFIRMED	visualizations/manuscript_audits/dataset_provenance_major_evidence_recovery/experiment_manifest_draft_v0_2.tsv;visualizations/manuscript_audits/dataset_provenance_major_evidence_recovery/dataset_manifest_draft_v0_2.tsv;configs/datasets/mouse_brain_refined7_balanced_clustered_sim_sc_missing_ext_l56.yaml	PENDING_HUMAN_APPROVAL
mouse_embryo_real_profile_mask_erythroid	low-resolution profile masking	Fig. 2A-B/E	Low-resolution profile masking	LR10_EMBRYO	LR10_EMBRYO		Erythroid		project-generated masked profile	CONFIRMED	Inherited from Task 4A experiment crosswalk; unresolved/partial records retained.			mouse_embryo_real_profile_mask_erythroid	LR10_EMBRYO	low-resolution profile masking	Low-resolution profile masking: mouse_embryo_real_profile_mask_erythroid	mouse_embryo_real_profile_mask_erythroid	LR10_EMBRYO	LR10_EMBRYO	profile masking: Erythroid		NOT_RECORDED	NOT_RECORDED	NOT_RECORDED	NOT_RECORDED	NOT_RECORDED	min_cells_sc=0;min_cells_st=0	NOT_RECORDED	configs/datasets/mouse_embryo_real.yaml	549b5a1c3bd584e1d23152c31732179b35c4fa4d	data/raw/low_resolution/Mouse Embryo/dataset.h5ad;data/raw/low_resolution/Mouse Embryo/mouse_atlas_gottgens_stelzer.h5ad	data/raw/low_resolution/Mouse Embryo/dataset.h5ad=1f0c305f9ac20e569769cf33444ff05207573b62;data/raw/low_resolution/Mouse Embryo/mouse_atlas_gottgens_stelzer.h5ad=20bb0abbf53ef243e61342aad3b6de8bfc27a33d	result/low_resolution_experiments/mouse_embryo_real_profile_mask_erythroid/stage3_typematch/stage3_summary.json	result/low_resolution_experiments/mouse_embryo_real_profile_mask_erythroid/stage3_typematch/stage3_summary.json=b52eed76bcf680f273fe68fcc3ce6ecefc6622f3	result/real_profile_mask_foundation/mouse_embryo_real_profile_mask_erythroid/spot_foundation.csv	result/real_profile_mask_foundation/mouse_embryo_real_profile_mask_erythroid/spot_foundation.csv=00eadf29288d0074216a67bdc84b14b42c6e013c	REDISTRIBUTABLE_DERIVATIVE_ONLY	CONFIRMED	visualizations/manuscript_audits/dataset_provenance_major_evidence_recovery/experiment_manifest_draft_v0_2.tsv;visualizations/manuscript_audits/dataset_provenance_major_evidence_recovery/dataset_manifest_draft_v0_2.tsv;configs/datasets/mouse_embryo_real.yaml	PENDING_HUMAN_APPROVAL
mouse_embryo_real_sc_missing_endoderm_gut	real reference dropout	Fig. 4F-G/I	Real reference dropout	RD01_EMBRYO_ENDODERM	RD01_EMBRYO_ENDODERM			Endoderm/Gut	project-generated reference-dropout copy	CONFIRMED	Inherited from Task 4A experiment crosswalk; unresolved/partial records retained.			mouse_embryo_real_sc_missing_endoderm_gut	RD01_EMBRYO_ENDODERM	real reference dropout	Real reference dropout: mouse_embryo_real_sc_missing_endoderm_gut	mouse_embryo_real_sc_missing_endoderm_gut	RD01_EMBRYO_ENDODERM	RD01_EMBRYO_ENDODERM	reference dropout: Endoderm/Gut		NOT_RECORDED	true	NOT_RECORDED	NOT_RECORDED	NOT_RECORDED	min_cells_sc=0;min_cells_st=0	42	configs/datasets/mouse_embryo_real_sc_missing_endoderm_gut.yaml	c186eed5fedf2ead69ee12a28528afcd2c793927	data/raw/low_resolution/Mouse Embryo/dataset.h5ad;data/raw/low_resolution/Mouse Embryo/mouse_atlas_gottgens_stelzer.h5ad	data/raw/low_resolution/Mouse Embryo/dataset.h5ad=1f0c305f9ac20e569769cf33444ff05207573b62;data/raw/low_resolution/Mouse Embryo/mouse_atlas_gottgens_stelzer.h5ad=20bb0abbf53ef243e61342aad3b6de8bfc27a33d	result/stage3b_realdata_reference_dropout_lowres_full/mouse_embryo_real_sc_missing_endoderm_gut/stage3b_st_unsupported/stage3b_summary.json	result/stage3b_realdata_reference_dropout_lowres_full/mouse_embryo_real_sc_missing_endoderm_gut/stage3b_st_unsupported/stage3b_summary.json=b85d87413206a7bdfbbf56bd75ffd3e55bcd984a			REDISTRIBUTABLE_DERIVATIVE_ONLY	CONFIRMED	visualizations/manuscript_audits/dataset_provenance_major_evidence_recovery/experiment_manifest_draft_v0_2.tsv;visualizations/manuscript_audits/dataset_provenance_major_evidence_recovery/dataset_manifest_draft_v0_2.tsv;configs/datasets/mouse_embryo_real_sc_missing_endoderm_gut.yaml	PENDING_HUMAN_APPROVAL
mouse_embryo_real_sc_missing_erythroid	real reference dropout	Fig. 4F-G/I	Real reference dropout	RD02_EMBRYO_ERYTHROID	RD02_EMBRYO_ERYTHROID			Erythroid	project-generated reference-dropout copy	CONFIRMED	Inherited from Task 4A experiment crosswalk; unresolved/partial records retained.			mouse_embryo_real_sc_missing_erythroid	RD02_EMBRYO_ERYTHROID	real reference dropout	Real reference dropout: mouse_embryo_real_sc_missing_erythroid	mouse_embryo_real_sc_missing_erythroid	RD02_EMBRYO_ERYTHROID	RD02_EMBRYO_ERYTHROID	reference dropout: Erythroid		NOT_RECORDED	true	NOT_RECORDED	NOT_RECORDED	NOT_RECORDED	min_cells_sc=0;min_cells_st=0	42	configs/datasets/mouse_embryo_real_sc_missing_erythroid.yaml	c186eed5fedf2ead69ee12a28528afcd2c793927	data/raw/low_resolution/Mouse Embryo/dataset.h5ad;data/raw/low_resolution/Mouse Embryo/mouse_atlas_gottgens_stelzer.h5ad	data/raw/low_resolution/Mouse Embryo/dataset.h5ad=1f0c305f9ac20e569769cf33444ff05207573b62;data/raw/low_resolution/Mouse Embryo/mouse_atlas_gottgens_stelzer.h5ad=20bb0abbf53ef243e61342aad3b6de8bfc27a33d	result/stage3b_realdata_reference_dropout_lowres_full/mouse_embryo_real_sc_missing_erythroid/stage3b_st_unsupported/stage3b_summary.json	result/stage3b_realdata_reference_dropout_lowres_full/mouse_embryo_real_sc_missing_erythroid/stage3b_st_unsupported/stage3b_summary.json=8079ad485f609e03a2a3f945c15d625b70fa2cf5			REDISTRIBUTABLE_DERIVATIVE_ONLY	CONFIRMED	visualizations/manuscript_audits/dataset_provenance_major_evidence_recovery/experiment_manifest_draft_v0_2.tsv;visualizations/manuscript_audits/dataset_provenance_major_evidence_recovery/dataset_manifest_draft_v0_2.tsv;configs/datasets/mouse_embryo_real_sc_missing_erythroid.yaml	PENDING_HUMAN_APPROVAL
real_brca7_endothelial_marker_control_sc_missing_endothelial_cells	joint Stage3A-Stage3B simulations	Fig. 1C-D	Joint Stage3A-Stage3B simulations	SIM01_BRCA	SIM01_BRCA				no ST-profile masking; SC endothelial missing	CONFIRMED	Inherited from Task 4A experiment crosswalk; unresolved/partial records retained.			real_brca7_endothelial_marker_control_sc_missing_endothelial_cells	SIM01_BRCA	joint Stage3A-Stage3B simulations	Joint Stage3A-Stage3B simulations: real_brca7_endothelial_marker_control_sc_missing_endothelial_cells	real_brca7_endothelial_marker_control_sc_missing_endothelial_cells	SIM01_BRCA	SIM01_BRCA	no ST-profile masking; SC endothelial missing		true	true	NOT_RECORDED	NOT_RECORDED	NOT_RECORDED	min_cells_sc=0;min_cells_st=0	42	configs/datasets/real_brca7_endothelial_marker_control_sc_missing_endothelial_cells.yaml	99aa9cd5b0038423450356ccd181ef6cbfb42071	data/sim/real_brca/real_brca7_endothelial_marker_control_sc_missing_endothelial_cells/brca_STdata_GEP.txt;data/processed/simulation_experiments/real_brca/real_brca7_endothelial_marker_control_sc_missing_endothelial_cells/stage1_preprocess/exported/sc_expression_normalized.csv	data/sim/real_brca/real_brca7_endothelial_marker_control_sc_missing_endothelial_cells/brca_STdata_GEP.txt=3e87887ebeb44b70fc07cc9ae26db77ff554e2a9;data/processed/simulation_experiments/real_brca/real_brca7_endothelial_marker_control_sc_missing_endothelial_cells/stage1_preprocess/exported/sc_expression_normalized.csv=6e9b935bcda9693f636b19501f6a50159bd214e5	result/simulation_experiments/real_brca/real_brca7_endothelial_marker_control_sc_missing_endothelial_cells/stage1_preprocess/stage1_summary.json;result/simulation_experiments/real_brca/real_brca7_endothelial_marker_control_sc_missing_endothelial_cells/stage3_typematch/stage3_summary.json;result/simulation_experiments/real_brca/real_brca7_endothelial_marker_control_sc_missing_endothelial_cells/stage3b_st_unsupported/stage3b_summary.json	result/simulation_experiments/real_brca/real_brca7_endothelial_marker_control_sc_missing_endothelial_cells/stage1_preprocess/stage1_summary.json=901ee0b753b14dfe0a49b4f85b91d0595dae9488;result/simulation_experiments/real_brca/real_brca7_endothelial_marker_control_sc_missing_endothelial_cells/stage3_typematch/stage3_summary.json=dad119436816b209b592cdee6755d323efa55a37;result/simulation_experiments/real_brca/real_brca7_endothelial_marker_control_sc_missing_endothelial_cells/stage3b_st_unsupported/stage3b_summary.json=72218dfe321b5abefce45e74b8345e13503e16be			REDISTRIBUTABLE_DERIVATIVE_ONLY	CONFIRMED	visualizations/manuscript_audits/dataset_provenance_major_evidence_recovery/experiment_manifest_draft_v0_2.tsv;visualizations/manuscript_audits/dataset_provenance_major_evidence_recovery/dataset_manifest_draft_v0_2.tsv;configs/datasets/real_brca7_endothelial_marker_control_sc_missing_endothelial_cells.yaml	PENDING_HUMAN_APPROVAL
real_brca7_endothelial_marker_missing_epithelial_cells_pcs_sc_missing_endothelial_cells	joint Stage3A-Stage3B simulations	Fig. 1C-D	Joint Stage3A-Stage3B simulations	SIM01_BRCA	SIM01_BRCA				epithelial+PC profile masking; SC endothelial missing	CONFIRMED	Inherited from Task 4A experiment crosswalk; unresolved/partial records retained.			real_brca7_endothelial_marker_missing_epithelial_cells_pcs_sc_missing_endothelial_cells	SIM01_BRCA	joint Stage3A-Stage3B simulations	Joint Stage3A-Stage3B simulations: real_brca7_endothelial_marker_missing_epithelial_cells_pcs_sc_missing_endothelial_cells	real_brca7_endothelial_marker_missing_epithelial_cells_pcs_sc_missing_endothelial_cells	SIM01_BRCA	SIM01_BRCA	epithelial+PC profile masking; SC endothelial missing		true	true	NOT_RECORDED	NOT_RECORDED	NOT_RECORDED	min_cells_sc=0;min_cells_st=0	42	configs/datasets/real_brca7_endothelial_marker_control_sc_missing_endothelial_cells.yaml	99aa9cd5b0038423450356ccd181ef6cbfb42071	data/sim/real_brca/real_brca7_endothelial_marker_control_sc_missing_endothelial_cells/brca_STdata_GEP.txt;data/processed/simulation_experiments/real_brca/real_brca7_endothelial_marker_control_sc_missing_endothelial_cells/stage1_preprocess/exported/sc_expression_normalized.csv	data/sim/real_brca/real_brca7_endothelial_marker_control_sc_missing_endothelial_cells/brca_STdata_GEP.txt=3e87887ebeb44b70fc07cc9ae26db77ff554e2a9;data/processed/simulation_experiments/real_brca/real_brca7_endothelial_marker_control_sc_missing_endothelial_cells/stage1_preprocess/exported/sc_expression_normalized.csv=6e9b935bcda9693f636b19501f6a50159bd214e5	result/simulation_experiments/real_brca/real_brca7_endothelial_marker_missing_epithelial_cells_pcs_sc_missing_endothelial_cells/stage1_preprocess/stage1_summary.json;result/simulation_experiments/real_brca/real_brca7_endothelial_marker_missing_epithelial_cells_pcs_sc_missing_endothelial_cells/stage3_typematch/stage3_summary.json;result/simulation_experiments/real_brca/real_brca7_endothelial_marker_missing_epithelial_cells_pcs_sc_missing_endothelial_cells/stage3b_st_unsupported/stage3b_summary.json	result/simulation_experiments/real_brca/real_brca7_endothelial_marker_missing_epithelial_cells_pcs_sc_missing_endothelial_cells/stage1_preprocess/stage1_summary.json=dcdd03ce49adf54bd8a2cdd163d785546102a13a;result/simulation_experiments/real_brca/real_brca7_endothelial_marker_missing_epithelial_cells_pcs_sc_missing_endothelial_cells/stage3_typematch/stage3_summary.json=8d018dae122bf0035e4c4149b63901108b7cb89a;result/simulation_experiments/real_brca/real_brca7_endothelial_marker_missing_epithelial_cells_pcs_sc_missing_endothelial_cells/stage3b_st_unsupported/stage3b_summary.json=f0c4ed06ce8a5d89b808fcdaf703c79889caa81f			REDISTRIBUTABLE_DERIVATIVE_ONLY	CONFIRMED	visualizations/manuscript_audits/dataset_provenance_major_evidence_recovery/experiment_manifest_draft_v0_2.tsv;visualizations/manuscript_audits/dataset_provenance_major_evidence_recovery/dataset_manifest_draft_v0_2.tsv;configs/datasets/real_brca7_endothelial_marker_control_sc_missing_endothelial_cells.yaml	PENDING_HUMAN_APPROVAL
real_brca7_endothelial_marker_missing_epithelial_cells_sc_missing_endothelial_cells	joint Stage3A-Stage3B simulations	Fig. 1C-D	Joint Stage3A-Stage3B simulations	SIM01_BRCA	SIM01_BRCA				epithelial profile masking; SC endothelial missing	CONFIRMED	Inherited from Task 4A experiment crosswalk; unresolved/partial records retained.			real_brca7_endothelial_marker_missing_epithelial_cells_sc_missing_endothelial_cells	SIM01_BRCA	joint Stage3A-Stage3B simulations	Joint Stage3A-Stage3B simulations: real_brca7_endothelial_marker_missing_epithelial_cells_sc_missing_endothelial_cells	real_brca7_endothelial_marker_missing_epithelial_cells_sc_missing_endothelial_cells	SIM01_BRCA	SIM01_BRCA	epithelial profile masking; SC endothelial missing		true	true	NOT_RECORDED	NOT_RECORDED	NOT_RECORDED	min_cells_sc=0;min_cells_st=0	42	configs/datasets/real_brca7_endothelial_marker_control_sc_missing_endothelial_cells.yaml	99aa9cd5b0038423450356ccd181ef6cbfb42071	data/sim/real_brca/real_brca7_endothelial_marker_control_sc_missing_endothelial_cells/brca_STdata_GEP.txt;data/processed/simulation_experiments/real_brca/real_brca7_endothelial_marker_control_sc_missing_endothelial_cells/stage1_preprocess/exported/sc_expression_normalized.csv	data/sim/real_brca/real_brca7_endothelial_marker_control_sc_missing_endothelial_cells/brca_STdata_GEP.txt=3e87887ebeb44b70fc07cc9ae26db77ff554e2a9;data/processed/simulation_experiments/real_brca/real_brca7_endothelial_marker_control_sc_missing_endothelial_cells/stage1_preprocess/exported/sc_expression_normalized.csv=6e9b935bcda9693f636b19501f6a50159bd214e5	result/simulation_experiments/real_brca/real_brca7_endothelial_marker_missing_epithelial_cells_sc_missing_endothelial_cells/stage1_preprocess/stage1_summary.json;result/simulation_experiments/real_brca/real_brca7_endothelial_marker_missing_epithelial_cells_sc_missing_endothelial_cells/stage3_typematch/stage3_summary.json;result/simulation_experiments/real_brca/real_brca7_endothelial_marker_missing_epithelial_cells_sc_missing_endothelial_cells/stage3b_st_unsupported/stage3b_summary.json	result/simulation_experiments/real_brca/real_brca7_endothelial_marker_missing_epithelial_cells_sc_missing_endothelial_cells/stage1_preprocess/stage1_summary.json=ca8c615ff8dec90cbbad699fababc9f3a5aae98f;result/simulation_experiments/real_brca/real_brca7_endothelial_marker_missing_epithelial_cells_sc_missing_endothelial_cells/stage3_typematch/stage3_summary.json=2f4120a9a07f4a42ceba06c30c736d9339e9c52b;result/simulation_experiments/real_brca/real_brca7_endothelial_marker_missing_epithelial_cells_sc_missing_endothelial_cells/stage3b_st_unsupported/stage3b_summary.json=1ac5980c6071ea37829306160899e0545f262d8e			REDISTRIBUTABLE_DERIVATIVE_ONLY	CONFIRMED	visualizations/manuscript_audits/dataset_provenance_major_evidence_recovery/experiment_manifest_draft_v0_2.tsv;visualizations/manuscript_audits/dataset_provenance_major_evidence_recovery/dataset_manifest_draft_v0_2.tsv;configs/datasets/real_brca7_endothelial_marker_control_sc_missing_endothelial_cells.yaml	PENDING_HUMAN_APPROVAL
