"file","size_mb","role"
"E:\AAA文件\Experiment\SVTuner\sctuner2.0\data\raw\新建文件夹\s41698-025-01104-3.pdf","7.606362","Publication PDF"
"E:\AAA文件\Experiment\SVTuner\sctuner2.0\data\raw\新建文件夹\2025-97-1\documentation\File_list.csv","0.001157","Raw FASTQ file list documentation"
"E:\AAA文件\Experiment\SVTuner\sctuner2.0\data\raw\新建文件夹\2025-97-1\documentation\README.txt","0.001251","Documentation"
"E:\AAA文件\Experiment\SVTuner\sctuner2.0\data\raw\新建文件夹\BreastCancer_CTA-main\.gitignore","3.8E-05","Auxiliary file"
"E:\AAA文件\Experiment\SVTuner\sctuner2.0\data\raw\新建文件夹\BreastCancer_CTA-main\CTA_align.R","0.004382","Alignment function from CTA cells to Visium spots"
"E:\AAA文件\Experiment\SVTuner\sctuner2.0\data\raw\新建文件夹\BreastCancer_CTA-main\CTA_output.txt","99.553305","QuPath-derived CTA annotation; required for endpoint"
"E:\AAA文件\Experiment\SVTuner\sctuner2.0\data\raw\新建文件夹\BreastCancer_CTA-main\LICENSE","0.033521","Auxiliary file"
"E:\AAA文件\Experiment\SVTuner\sctuner2.0\data\raw\新建文件夹\BreastCancer_CTA-main\README.md","0.003347","Documentation"
"E:\AAA文件\Experiment\SVTuner\sctuner2.0\data\raw\新建文件夹\BreastCancer_CTA-main\ST_data.RData","10.957294","Processed Seurat Visium object; required for spot coordinates/barcodes"
