SpotID,B cells,CD8 T cells,Monocytes and Macrophages,NK cells,Endothelial cells,CD4 T cells,Epithelial cells,PVL,Fibroblasts,Plasma cells,T-cells,Total cells
AATCTATGCCGGAGCC-1,2,0,0,0,0,0,0,0,0,0,0,2
GTGACAGCTTCCCACT-1,3,0,0,0,0,0,0,0,0,0,0,3
CTATGGGAAGCGGAAT-1,4,0,0,1,0,0,0,0,0,0,0,5
GCTACGACTTATTGGG-1,2,1,0,0,2,0,0,0,0,0,0,5
GCAGAAGGTAATCTCC-1,3,0,0,0,0,0,0,0,0,1,0,4
GAGATGACAATCCTTA-1,4,1,0,0,0,0,0,0,0,0,0,5
TCTGCGAATCGTTCGC-1,5,0,0,0,0,0,0,0,0,0,0,5
CCCTCCTCGCTCGTAT-1,2,0,0,0,0,4,0,0,0,0,0,6
TAGTCCCGGAGACCAC-1,3,0,0,1,1,0,0,0,0,0,0,5
ACTACGCGTTAGAATT-1,1,0,0,0,0,3,0,0,0,0,0,4
CAAGGTCCTATAGGCT-1,2,2,0,0,0,0,0,0,0,0,0,4
AGATACTCAAGATCGA-1,4,0,0,1,0,0,0,0,0,0,0,5
AGTATGCTGGAGACCA-1,3,1,0,0,0,0,0,0,0,1,0,5
TTGCCGCAGACCTACA-1,1,0,0,0,0,0,0,0,0,2,0,3
TGTAGCCATCCCATTC-1,2,0,0,1,0,0,0,0,0,0,0,3
GGTTTGTGACCTGAGG-1,6,0,0,0,0,0,0,0,0,0,0,6
TATTAACCTGACCGCG-1,1,0,0,0,0,3,0,0,0,0,0,4
GGCGTAGGGAAAGCTG-1,1,0,0,2,0,0,0,0,0,0,0,3
GTAGCTTCCTCTTGTT-1,5,0,0,0,0,1,0,0,0,0,0,6
CACACACGCTAACGAG-1,1,0,3,0,0,0,0,0,0,0,2,6
TGTTCGTATTGCGGTG-1,2,2,0,0,0,0,0,0,0,0,0,4
GATCCTCGACACTGGC-1,2,0,1,0,0,3,0,0,0,0,0,6
TGCCAGTACGTGGAGA-1,3,0,0,0,0,0,0,0,0,0,2,5
AGACTGTTACCGGGTC-1,3,0,1,0,0,0,0,0,0,0,0,4
ACCAATATGCAAGTTA-1,3,0,0,0,0,0,0,2,0,0,0,5
TACTTTACTGAGCCGG-1,1,0,0,2,0,0,0,0,0,0,0,3
GCCAATAGGGCATCTC-1,1,0,0,1,0,4,0,0,0,0,0,6
GCATAGAGCACTCAGG-1,5,0,0,0,1,0,0,0,0,0,0,6
GCGGAGAGGGAGAACG-1,2,1,0,0,2,0,0,0,0,0,0,5
TTCGGTACTGTAGAGG-1,1,0,0,0,1,0,0,0,1,0,0,3
GTGGGAACAAACCGGG-1,3,0,2,0,0,0,0,0,0,0,0,5
CCTGAGAATAAATGCA-1,1,0,0,0,0,0,0,0,0,1,0,2
GGTCAAGACTACTTCG-1,4,0,0,2,0,0,0,0,0,0,0,6
TGGAGGGAAACACCTC-1,1,2,0,0,0,0,0,0,0,0,0,3
GGATTGCTGTGACTCC-1,3,0,0,0,0,0,0,1,0,0,0,4
TGCCTAAATTTAATAG-1,2,0,0,0,0,1,0,0,0,0,0,3
GCGAAGAATCTGACGG-1,3,0,0,1,0,0,0,0,0,0,0,4
GTATTTAATGGCATAA-1,2,0,1,0,0,0,0,0,0,1,0,4
CCTAAATTAACGGTTC-1,1,0,0,3,0,0,0,2,0,0,0,6
ACAGCGACATTCTCAT-1,2,0,0,0,1,0,0,0,0,0,0,3
CCTCACCTGAGGGAGC-1,2,0,0,0,0,0,0,0,0,3,0,5
TTGACGCTCCATGAGC-1,2,0,0,0,0,1,0,0,0,0,0,3
AGTACATCATTTATCA-1,2,0,0,0,0,0,0,0,0,1,0,3
TGCTCGGTGGGTCACC-1,4,0,0,2,0,0,0,0,0,0,0,6
TTAGAGTTTAGAAGGA-1,1,4,0,0,0,0,0,0,0,0,0,5
GAATGCGAATCGGTTC-1,4,0,0,0,0,0,0,0,0,0,0,4
GTTAGGCTACCCGTTT-1,1,0,0,0,0,1,0,0,0,3,0,5
CGTCAAATGGTCGCAG-1,1,2,0,0,0,0,0,0,0,0,0,3
TCGTACCGACGTCAAG-1,4,0,0,0,0,0,1,0,0,0,0,5
AGGAGAGTCTGGCTAC-1,3,0,0,0,0,0,0,0,0,0,0,3
TTGCGGCATCAGAAAG-1,4,0,0,0,1,0,0,0,0,0,0,5
ATCAGGTAGCTGACAG-1,1,0,3,0,0,0,0,0,0,0,0,4
ATTATAGCTACTTTAC-1,1,0,1,0,2,0,0,0,0,0,0,4
GTGAGTGGTACAACGC-1,2,0,0,0,0,2,0,0,0,0,0,4
CCGACAATAGGCCGCC-1,4,0,0,0,0,0,0,0,0,0,0,4
AATGTGCCCGAGGTGT-1,3,0,0,0,0,0,0,0,0,0,0,3
GATTTAGTGCGTACTG-1,2,0,0,2,0,0,0,0,0,0,0,4
TACACCGTCGTTAGTC-1,3,0,0,0,0,0,0,0,0,0,0,3
GCGGGCGAGCCTTACC-1,2,0,0,1,0,0,0,0,0,0,0,3
TCCAGGGTATATACGA-1,4,0,0,0,0,0,0,0,1,0,0,5
AATTCCAAGCATGTAC-1,4,0,0,0,0,0,0,0,0,0,0,4
TCCGTTAAGCTAATAT-1,4,0,0,0,0,0,0,0,0,0,0,4
GGGCTATGATCGATGG-1,1,3,0,0,0,0,0,0,0,0,0,4
AGGGTTTAGTTCGGGA-1,2,0,0,0,0,0,0,0,0,0,0,2
CACACAGCTTGCGCTC-1,3,0,0,0,0,0,0,0,0,0,0,3
GGATCCGGAATATACT-1,3,1,0,0,0,0,0,0,0,0,0,4
CTAGCATAGTATAATG-1,2,0,3,0,0,0,0,0,0,0,0,5
AGGTATAATTGATAGT-1,3,0,0,0,2,0,0,0,0,0,0,5
GGATGGCTTGAAGTAT-1,3,0,0,0,0,1,0,0,0,0,0,4
GCTAGTAGAGCTTGTA-1,1,0,4,0,0,0,0,0,1,0,1,7
GAAGTGATTTATCGTG-1,2,0,4,0,0,0,0,0,0,0,0,6
CGTGTGTTAAACCCTG-1,1,0,0,0,0,0,0,0,0,0,0,1
ACCCGGATGACGCATC-1,2,0,0,0,0,0,0,0,0,0,1,3
CTCGGTACCACTGCTC-1,2,1,0,0,0,1,0,0,0,0,0,4
TCACAGGGAATCGCAA-1,2,0,0,0,0,0,0,2,0,2,0,6
GCTCAATGTAATACCG-1,4,0,0,0,0,0,0,0,0,0,0,4
CGGCAGGGTCGGGTTG-1,3,0,1,0,0,1,0,0,0,0,1,6
AATGACGTAGGATGTC-1,4,0,1,1,0,0,0,0,0,0,0,6
GGGCACGTAGTACTGT-1,2,0,0,1,0,0,0,2,0,0,0,5
GCTCGCTCATGTCCAA-1,2,0,0,0,0,3,0,0,0,0,0,5
TTATAGGTAATTGTCT-1,4,0,0,0,0,0,0,0,0,0,0,4
CAGTGTCGGCTGGCCC-1,1,0,0,0,0,2,2,0,0,0,1,6
GAAAGCAGTGCACTTT-1,2,1,0,0,0,0,0,0,0,1,0,4
AACATATCAACTGGTG-1,3,2,2,0,0,0,0,0,0,0,0,7
GTCAAGCGGACTCGGG-1,2,0,0,0,2,0,0,0,2,0,0,6
TGCAATCTAACACGGT-1,1,0,0,0,0,0,0,2,0,0,0,3
CAATGCGAGAAGTATC-1,3,0,2,0,0,0,0,0,0,0,0,5
ACACTGATCAAGGTGT-1,3,0,0,0,0,0,0,0,0,0,0,3
ACTCCCGTAGACTAGG-1,1,0,0,0,1,0,2,0,0,0,0,4
AGGATAAAGTCGGGAT-1,2,2,0,0,0,1,0,0,0,0,0,5
GCGGTCTTGCTTTCAC-1,1,0,0,1,3,0,0,0,0,0,0,5
GCATTTCCAAGGCTCC-1,4,0,0,0,0,0,0,0,0,0,0,4
CTAACTGGTCCGGTTC-1,3,0,0,2,0,0,0,0,0,0,0,5
GATCCGAATATAAGTG-1,5,0,0,0,0,0,0,0,0,0,0,5
ACAGGCACGGATCCTT-1,2,0,0,0,0,2,0,0,0,0,0,4
ACGGATGGTGCGGATA-1,4,0,0,0,0,0,0,0,0,0,1,5
TGTTGCCGTCGTCCCA-1,1,2,0,0,0,1,0,0,0,0,0,4
AGGGTTCCCTTTGGTT-1,3,0,0,0,0,0,0,0,0,0,0,3
TTCGGGCGCTAGTCTT-1,5,0,0,0,0,0,0,0,0,0,0,5
GAAACAGATGACCACC-1,2,0,0,0,3,0,0,0,0,0,0,5
TGTTATTGTATGTGGC-1,4,0,0,0,0,2,0,0,0,0,0,6
CCACGTAAATTAGACT-1,1,0,0,2,0,0,0,0,0,0,0,3
GTGCCGCTTCAAAGGT-1,3,0,0,0,0,0,0,0,2,0,0,5
TGACATCGAGCGGACC-1,3,1,0,0,0,0,0,0,0,0,0,4
AAACCTAAGCAGCCGG-1,2,1,0,0,0,0,0,0,0,0,0,3
GTTGGTCATGCTATCC-1,3,0,0,0,0,0,0,0,0,0,0,3
ATAACGCCGGAGGGTC-1,2,0,0,0,0,1,0,1,0,0,0,4
TGACGATGCACTAGAA-1,4,0,0,0,0,0,1,0,0,0,0,5
GTTATAATACGGTGAA-1,5,0,0,0,0,0,0,0,0,0,0,5
CGCTGTGTGGATGTTG-1,3,0,0,0,0,0,0,0,0,0,0,3
TCAGCGCACGCCGTTT-1,1,0,0,0,0,0,0,0,2,0,0,3
TAGCGTTGGGTCTTAC-1,4,0,0,0,0,0,0,0,0,0,0,4
TATGGTTAGTGGGAGA-1,2,0,0,3,0,0,0,0,0,0,0,5
TAGCGTCCCTCGATTG-1,2,0,0,2,0,0,0,3,0,0,0,7
GACTGCAAATCGAGCT-1,2,0,0,0,0,0,0,2,1,0,0,5
ACTCCGGCCGACCACT-1,1,1,0,0,0,0,0,0,0,0,0,2
GCTTACGTAGTTAGTA-1,4,0,0,0,1,0,0,0,0,0,0,5
CCAGCTCGAACGCATT-1,2,0,0,0,0,3,0,0,0,0,0,5
ATACAGGCCCTCCAAT-1,3,0,0,0,0,0,0,0,0,0,0,3
AACCTCGCTTTAGCCC-1,2,0,0,2,0,0,0,0,0,0,0,4
TCAAGCTGCCTTGAAA-1,3,0,0,0,0,0,0,0,0,0,0,3
CCCGATAGCCTCGCCT-1,1,0,0,1,0,0,0,1,0,0,0,3
CCCTATGTAGAGCAGA-1,2,1,0,0,0,0,0,0,0,0,0,3
CAGGACAGCTGCCCTT-1,3,0,1,0,0,0,0,0,0,0,0,4
CTCATTAACGTTGCCC-1,4,0,0,0,0,0,0,0,0,0,0,4
AGTGATAACCTGCGCG-1,1,0,0,0,0,2,0,2,1,0,0,6
CTTAGTTGAGGAATCG-1,1,0,0,0,1,0,2,0,0,0,0,4
GTGAACTCCCATTCGA-1,2,0,0,0,0,2,0,0,0,0,0,4
AAGCGCAGGGCTTTGA-1,2,0,0,0,0,2,0,1,0,0,0,5
GCACACAGCTATTACC-1,2,0,0,0,0,0,0,0,0,0,0,2
GAACAACTGGGATGAA-1,3,0,0,0,0,0,0,0,0,0,0,3
ATGTACATGCGGTGAG-1,1,0,0,2,0,0,0,0,0,0,0,3
GTCCAGGCACGTGTGC-1,2,0,0,0,0,0,0,0,0,0,0,2
CCCTGAAATGAGTTGA-1,3,0,0,0,0,0,0,0,0,0,0,3
TTAGCTGATTTGCCGT-1,2,1,0,0,0,0,0,0,0,0,0,3
GGGCGTTTACATTCAT-1,3,0,0,0,0,2,0,0,0,0,0,5
GTGCGTGTATATGAGC-1,2,0,0,0,0,0,0,3,0,0,0,5
AGAGAAGGAGTACAAT-1,2,0,0,1,2,0,0,0,0,0,0,5
CACCGTTAGGGATCAC-1,4,0,0,0,0,2,0,0,0,0,0,6
TAAGTAACATCTTGAC-1,1,4,0,0,0,0,0,0,0,0,0,5
CCCGCAGCGCGAACTA-1,2,2,0,0,0,0,0,0,0,0,0,4
CACGTTTCGTACACAC-1,2,0,0,0,4,0,0,0,0,0,0,6
GGTCGGCCAGGAGCTT-1,2,0,0,0,0,0,0,0,0,0,0,2
CATGCGTTGAGAGGAG-1,1,0,0,1,0,1,0,0,0,0,0,3
GCTGCTAAGTAGTCGA-1,3,0,0,0,0,0,0,0,0,0,0,3
CTGCACAACTACATAT-1,3,0,0,0,0,1,0,0,0,0,0,4
AGATATAATACGACTA-1,1,0,0,0,0,3,0,0,0,0,0,4
TTCGACAGAGCCCGTG-1,2,1,0,0,0,0,0,0,0,0,0,3
TACATTTCTAACGTGC-1,1,0,0,0,0,0,0,0,0,2,0,3
CATCCTCTCAAAGATC-1,2,0,0,0,3,0,0,0,0,0,0,5
TCCGAACGTTGCCGCT-1,4,0,0,0,0,0,0,0,0,0,1,5
TACCGAATAATTGTAA-1,2,0,0,0,0,1,0,0,0,0,0,3
TCCGCTTATCCCATTA-1,3,0,0,0,0,0,0,0,0,0,0,3
TGGCGACTGCTCCAAA-1,1,0,0,0,0,2,0,0,0,2,0,5
ATGTTGTAGTCTGTTT-1,1,3,0,0,0,0,0,0,0,0,0,4
GGAGCAACATTTCAAG-1,6,0,0,0,0,0,0,0,0,0,0,6
AAACAAGTATCTCCCA-1,2,0,0,0,0,2,0,0,0,0,0,4
GATATTGAGATTGGCG-1,5,0,0,0,0,0,0,0,0,0,0,5
CAGATAATGGGCGGGT-1,4,0,0,0,0,0,0,0,0,0,0,4
GAATTCACCCGGGTGT-1,3,0,0,0,0,0,0,0,0,2,0,5
TAAATCTTTACACCTC-1,3,2,0,0,0,0,0,0,0,0,0,5
TAATTACGTCAGTAGA-1,2,0,0,0,0,0,0,0,0,0,0,2
CGTGGAAGCCTCGTAC-1,4,0,0,0,0,0,0,0,0,0,0,4
GGTACACCAGATTTAT-1,3,0,0,0,0,0,0,0,0,0,1,4
TACGCAGTTCTTTCCT-1,2,0,0,0,0,0,0,0,0,0,0,2
GATGCGTCCTGCATTC-1,4,0,0,0,0,1,0,0,0,0,0,5
GAAGGAGTCGAGTGCG-1,2,0,0,0,0,0,0,0,0,0,0,2
CCACTGTTTGGATTAA-1,1,0,0,0,0,2,0,0,0,0,0,3
GACTGCACCAGCCCAG-1,2,0,0,0,0,0,0,1,0,0,2,5
CTTCGTAGATAGGTGA-1,2,0,3,0,0,0,0,0,0,0,0,5
ATATCGTTCCTCGAAC-1,3,0,2,0,0,0,2,0,0,0,0,7
TTCACTCGAGCACCTA-1,5,0,0,0,0,0,0,0,0,0,0,5
GTATTCTGAGAAACGA-1,1,0,3,0,0,1,0,0,0,0,0,5
TCGCACCAGGAGGCAG-1,4,0,0,0,1,0,0,0,0,0,0,5
ATCTTTCGTATAACCA-1,1,3,1,0,0,0,0,0,0,0,0,5
GGTAGAAGACCGCCTG-1,2,0,0,0,0,0,0,2,0,0,0,4
TCATTTAGAAGTGTGA-1,5,0,0,0,0,0,0,0,0,0,0,5
CTGTACTTCTTAGCAT-1,1,0,0,0,0,1,0,0,0,0,0,2
TGGGTGTTAAGTAGAA-1,2,0,0,0,0,0,0,0,0,0,0,2
CCATACCTTTACTTGT-1,4,0,0,1,0,0,0,0,0,0,0,5
CACCCGGTTTGTGACT-1,1,0,0,0,1,0,0,2,0,0,0,4
TCTAGTTATCAGAAGA-1,2,0,0,0,0,0,0,0,0,0,0,2
TGGCAATGGGACGGCG-1,2,0,0,1,0,0,0,0,1,0,0,4
TGCGTACGGCTAATTG-1,1,0,0,0,0,1,0,0,0,0,0,2
GTGCACCAGCTTCAAC-1,3,1,0,0,0,0,0,0,0,0,0,4
ATTACATGTCAGTCTT-1,2,0,0,2,0,1,0,0,0,0,0,5
GGGCATGCATGTCGAG-1,2,0,0,0,0,3,0,0,0,0,0,5
GACTCCCAGAATAAGG-1,2,0,0,0,0,0,0,0,0,0,0,2
TTATTAGAGCGTGTTC-1,4,0,0,0,0,0,0,0,0,0,0,4
GGCGGGCTCTAAGAGT-1,3,0,0,0,0,0,0,0,0,0,0,3
GGGCGTGGTTTCCCAG-1,2,0,0,1,0,0,0,0,0,0,0,3
CCACGAATTTAACCTC-1,2,0,0,0,0,1,0,0,0,0,0,3
ATCCACATCGACAGAA-1,1,0,0,0,0,0,0,2,0,3,0,6
ATTGCCTATTAGACCG-1,2,0,0,0,0,0,0,0,0,0,0,2
ATATTGGAGAGGCCTT-1,2,0,0,0,0,0,0,0,0,0,0,2
TTATGATCTTAACGAA-1,6,0,0,0,0,0,0,0,0,1,0,7
TTACACGATCTGCGAC-1,2,0,0,3,0,0,0,0,0,0,0,5
ACGGAACACGAGTGCC-1,1,1,0,0,0,0,0,0,0,1,0,3
TAACCTAGGGAGTCCA-1,4,2,0,0,0,0,0,0,0,0,0,6
GCAAAGGGCGTTAGCC-1,3,0,0,0,0,0,0,0,0,2,0,5
ATTACGACTCCACAGT-1,4,0,0,0,0,0,0,0,0,0,0,4
CTGCTTGGCGATAGCT-1,1,2,0,0,0,1,0,0,0,1,0,5
GGAGACGACACCTTTG-1,2,1,0,0,0,0,0,0,0,0,0,3
GATGCTACCTTCGATG-1,4,1,0,0,0,0,0,0,0,0,0,5
TATTCAATTCTAATCC-1,2,0,0,0,0,3,0,0,0,0,0,5
TGAATACCGACGCGTA-1,2,0,0,1,0,2,0,0,0,0,1,6
TACAAGGGCTTCTTTA-1,2,0,0,1,0,2,0,0,0,0,0,5
GGGACTGCATAGATAG-1,1,0,0,0,0,0,0,0,0,0,0,1
TAGAATAGCCGATGAA-1,6,0,0,0,0,1,0,0,0,0,0,7
TTGGACCTATAACAGT-1,2,0,2,0,2,0,0,0,0,0,0,6
GCTGCTACTGCGTAGC-1,3,0,0,0,1,0,0,0,0,0,0,4
GTATGTGGGTCTAGTT-1,3,0,0,0,0,1,0,0,0,0,0,4
GGTATAGTGACACATA-1,2,0,0,3,0,0,0,0,0,0,0,5
ACTCAACGAATGTATT-1,2,0,0,0,0,0,0,0,0,0,0,2
TGGGTGCACAAGCCAT-1,2,0,0,0,0,0,0,0,3,0,0,5
CTCATTGCTCTAACAA-1,1,0,0,0,0,0,0,5,0,0,0,6
GGTACCATTAAGACGG-1,3,0,2,0,0,0,0,0,0,0,2,7
GGTGTAGGTAAGTAAA-1,1,0,0,1,4,0,0,0,0,1,0,7
ACGTACTTTGGCACGG-1,2,0,4,0,0,0,0,0,1,0,0,7
GGCTTTCAATAAGGGT-1,3,0,0,0,0,0,0,0,0,0,0,3
ACCCTTGCCTGGGTCG-1,1,0,0,3,0,1,0,0,0,0,0,5
CCTGTAAGACATGATA-1,2,0,1,0,1,0,2,0,0,0,1,7
CGGTACTAGAATCAAA-1,3,0,0,0,0,0,0,0,2,0,0,5
GGCCTGCTTCTCCCGA-1,1,0,0,0,1,0,0,0,0,0,3,5
GACCACACTTCCCTTT-1,3,1,0,0,0,0,0,0,1,0,0,5
GGTAGACCGTTGGGCG-1,1,0,0,0,0,2,0,0,0,0,0,3
ACCCGGAAACTCCCAG-1,3,0,0,0,1,0,0,0,0,0,0,4
AAACATTTCCCGGATT-1,1,0,0,3,0,0,1,1,0,0,0,6
ACCTCCGTTATTCACC-1,3,0,0,0,0,0,0,0,0,0,0,3
ACCACCAATGTAACAA-1,1,0,0,0,0,0,0,0,0,0,4,5
CGCATGGTGCGATGCT-1,2,0,0,1,0,0,2,0,0,0,0,5
GCCATCGAGCTGCGTG-1,2,0,0,0,0,0,0,0,0,0,0,2
TCCCGTGTGCAATTTG-1,3,1,0,0,0,1,0,0,0,0,0,5
CGGTTGGGCAGGGTCC-1,1,0,0,0,0,1,0,0,0,2,0,4
GGAAACTAAATGGGCC-1,3,0,0,0,0,0,0,0,0,0,0,3
AACAGCTGTGTGGCAA-1,4,0,0,0,0,0,0,0,0,0,0,4
TCCTAAAGATTCAGAC-1,1,2,0,0,0,0,0,0,0,0,0,3
AAGACCCAACTGAACA-1,4,0,0,0,0,0,0,0,0,0,0,4
TGCTCCACAGTTCTTA-1,2,0,4,0,0,0,0,0,0,0,0,6
CCGTAGGGTTGTTTAC-1,2,0,0,0,1,0,2,0,0,0,0,5
CACAGTCCCGCTTCGC-1,1,0,0,0,0,1,0,0,1,0,0,3
CCAAGAAAGTGGGCGA-1,1,0,0,0,0,0,0,0,3,0,1,5
CATCTAGTGAAGGGAA-1,4,0,0,0,0,1,0,0,0,0,0,5
TACTCTTACTTTACTG-1,2,0,0,0,1,0,0,0,0,0,0,3
TTGCAAGAAGACTCCT-1,3,0,0,0,0,0,0,0,0,0,0,3
CATGGTAAGTAGCGTT-1,1,2,0,0,0,0,0,0,0,0,0,3
TACCGTGCCTCGGACC-1,3,0,0,0,0,0,0,0,0,0,0,3
ACCCTATGCCATATCG-1,4,0,1,0,0,0,0,0,0,1,0,6
GTGCTCAAGTACTGTC-1,3,0,0,0,0,2,0,0,0,0,0,5
TGTTCTTCCATTGACT-1,1,0,0,2,0,0,0,0,0,0,0,3
TAAGGCCCGTCACCCT-1,2,0,0,0,0,0,0,0,0,4,0,6
AACATTGAAGTTGATC-1,3,0,0,0,1,0,0,0,0,0,0,4
TTGTAATCCGTACTCG-1,1,0,0,0,0,0,0,0,0,0,0,1
AACGTACTGTGGGTAC-1,2,0,0,0,0,2,0,0,0,0,0,4
TCCGCTGTCATCCCGG-1,2,2,0,0,0,0,0,0,0,0,0,4
CAGAATATTCGTTATC-1,2,0,0,0,0,2,0,0,0,0,0,4
AGCTCCTTCGCACATC-1,3,0,0,0,0,0,0,0,0,0,0,3
GATCTGCTATCTAAGG-1,2,2,0,0,0,1,0,0,0,1,0,6
AAATAAGGTAGTGCCC-1,1,0,0,3,0,0,0,0,0,0,0,4
GTTCGACAATTGTATA-1,1,0,0,2,0,0,0,0,0,1,0,4
CGAACAGTATGGGCGT-1,1,0,0,0,0,2,2,0,0,0,0,5
CAGGATATATCGTTGT-1,1,0,0,0,1,0,0,0,0,2,0,4
TGGACCAATCTAAGAT-1,4,0,0,0,0,0,0,0,2,0,0,6
GCCTATAGTGTCAGGG-1,1,1,2,2,0,0,0,0,0,0,0,6
GCTACAATCGAGGATA-1,5,0,0,0,0,0,0,0,0,0,0,5
GCCTGTCCCGGTGCAT-1,3,0,0,0,0,2,0,0,0,0,0,5
TCCCAAACAGACAACG-1,3,0,0,0,0,0,0,0,0,0,0,3
ATCCTTCTGAAAGAAC-1,5,0,0,0,0,0,0,0,0,0,0,5
GCAATTAGTCGCACCG-1,3,0,0,0,0,0,0,0,0,0,0,3
TGGCGATCAAGTTATG-1,2,1,0,1,0,0,0,0,0,0,0,4
ATGTAAGGCTGCTCTT-1,2,1,0,0,0,0,0,0,0,0,0,3
ATCATGGACTACCGAC-1,1,0,0,0,0,0,0,0,0,0,0,1
TGTTTGAGATCGTCAG-1,2,0,0,0,0,0,0,0,0,0,0,2
ATTAGATTCCTCAGCA-1,2,0,0,0,0,0,0,0,0,0,0,2
GTCATTAGAGCGAACG-1,2,0,2,0,0,0,0,0,0,0,0,4
AGAAGGTTGTAGGTCG-1,2,0,0,0,0,0,2,0,1,0,0,5
ACAAGGGCAGGCTCTG-1,3,0,0,0,0,0,4,0,0,0,0,7
CTGACATAGAAATAGA-1,1,3,0,0,0,0,0,0,0,0,0,4
TTGTGGTATAGGTATG-1,4,0,0,0,0,0,0,0,0,0,0,4
ACTATGTCCAGCTGCC-1,1,0,0,0,0,0,0,3,0,1,0,5
GTTTCTGCAGTCTCCC-1,1,0,0,3,0,0,0,0,0,0,1,5
ACCGGTCAGGTACACC-1,1,0,0,4,0,0,0,0,0,0,0,5
CCGTGTTAAATTCCAT-1,3,1,0,0,0,0,0,0,0,0,0,4
ACACATGATCAAATCT-1,3,2,0,0,0,0,0,0,0,0,0,5
CCCGGGTCGTTCAGGG-1,1,0,0,4,0,0,0,0,0,0,0,5
CTTTCTGTGCGGGCTT-1,1,0,0,0,0,0,0,0,0,0,0,1
TGTGGTAGGGTGCCTT-1,1,0,0,0,0,0,0,0,0,2,0,3
CGCGGGAATTCCTTTC-1,2,0,0,0,0,0,0,0,1,0,0,3
GCATTCAAGGCAACGC-1,5,0,0,0,0,0,0,0,0,0,0,5
ATCTCCCACGGAATAT-1,2,0,0,0,0,2,0,0,0,0,0,4
CGTTGTTTCAATTCCC-1,2,0,0,0,0,1,0,0,0,0,0,3
TTCTGACCGGGCTCAA-1,1,0,0,0,0,2,0,0,0,0,3,6
TCGCTCGGCACCAGCG-1,5,0,0,0,0,0,0,0,0,0,0,5
TAGGCTAAAGTGGCAC-1,1,0,0,3,0,1,0,0,0,0,0,5
AGCCAAGCTTTGTGTC-1,5,0,0,0,0,0,0,0,0,0,0,5
GACCGCGTCTGACGTG-1,3,0,0,0,0,0,0,0,0,2,0,5
ACCACAAGTTTCTATC-1,1,0,0,0,0,0,0,0,0,0,0,1
AGTGCACGCTTAAGAA-1,3,0,0,0,0,2,0,1,0,0,0,6
GGCGAACCGTTCTGAT-1,2,0,0,0,0,0,0,0,3,0,0,5
GAACGCGGGTCACACG-1,2,0,2,0,0,0,0,0,2,0,0,6
CAACCTACCGAGCAGT-1,3,0,0,0,0,0,0,0,0,0,0,3
TCGAGGGCAACAGACG-1,1,0,0,0,0,0,0,1,0,0,4,6
TTCCAGACGAGATTTA-1,3,0,0,0,0,0,0,0,0,1,0,4
CAAATTGGATTATGCC-1,1,0,2,0,1,0,0,2,0,0,0,6
TCTGATTGGAAATGGA-1,2,0,0,0,0,1,0,0,0,0,0,3
AAACAGTGTTCCTGGG-1,2,0,0,0,0,0,0,0,0,0,0,2
CCGCATGTGGTACGAT-1,2,0,0,0,0,0,0,0,0,0,0,2
AGGTAGATCGAGATAT-1,2,3,0,0,0,0,0,0,0,0,0,5
CGCACGTCTGTTTATG-1,1,2,0,0,0,0,0,0,0,0,0,3
TGATTCTGTCGCCGGT-1,1,0,5,0,0,0,0,0,0,0,0,6
CTACGCACGGAGTACC-1,1,0,0,0,0,1,0,0,0,0,0,2
CCATCGCAGTTAAACT-1,2,0,0,0,0,0,0,0,0,0,2,4
CAAATGTCCTTCCGTG-1,2,0,0,0,0,0,0,3,0,0,0,5
CTGAGAAAGTTCGGCG-1,3,0,0,0,0,1,0,0,0,0,0,4
ATCGCTTTACGTCTCA-1,2,0,0,0,0,1,0,0,0,0,0,3
GGCGCATGAATTGATG-1,2,0,0,0,2,0,0,0,0,0,0,4
ACATCGTATGCAATGG-1,3,0,0,0,0,0,0,0,0,0,0,3
CCACACTGAGATATTA-1,2,0,0,1,0,0,0,0,0,0,0,3
TACCATGTATTGATTT-1,3,0,0,0,0,0,0,0,0,0,0,3
CAGACACCGATCGCTG-1,3,0,0,0,0,0,0,0,0,0,0,3
ATTTGCGCGAGTAGCT-1,1,0,0,0,1,0,0,0,2,0,0,4
GCGGGCATTACGATGC-1,3,0,0,0,0,0,0,0,0,0,0,3
TCCAGATGTACGCCAA-1,4,0,0,0,0,0,0,0,0,0,0,4
TCAAATTTGAGACTCA-1,1,3,0,0,0,0,0,0,0,0,0,4
AGATTCACAACCGATA-1,1,0,0,0,0,2,0,0,0,4,0,7
AATACCGGAGGGCTGT-1,3,0,0,2,0,0,0,0,0,0,0,5
TCTCCACAAGTTGAAT-1,3,0,0,1,0,0,0,0,0,0,0,4
TGCTTAGAGAGAATGC-1,2,0,0,0,0,0,0,0,0,2,0,4
TACCGGCTCACTGCCC-1,2,0,0,1,0,0,0,1,0,0,0,4
GCTTGGATCGATTAGG-1,4,0,0,0,0,0,0,0,0,0,0,4
TTAGTAAACCTGCTCT-1,2,2,0,0,0,0,0,0,0,0,0,4
AATTAACGGATTTCCA-1,2,0,0,3,0,0,0,0,0,0,0,5
CGACAGTTCGCGTTAT-1,3,0,0,0,0,0,3,0,0,0,0,6
CATGTAAGAGACATTT-1,1,0,0,2,0,0,0,2,0,0,0,5
TCATCCTCAGCTGCTT-1,4,0,0,0,0,0,0,0,0,0,0,4
CTGGAAGACACGGTGG-1,2,2,0,0,0,0,0,0,0,0,0,4
CTCCTCCAGCTCACAC-1,1,3,0,0,0,0,0,0,0,0,0,4
CAGAATAACACACGGA-1,1,0,0,0,0,1,0,1,3,0,0,6
TGCGTAAGAACCTGAT-1,1,0,0,0,2,0,0,4,0,0,0,7
AGGGTGCTCTCGAGGG-1,1,0,4,0,0,0,0,0,0,0,0,5
GGTCTCTGAATGGACT-1,1,2,0,0,0,0,0,0,0,1,0,4
TTATATACGCTGTCAC-1,3,0,0,2,0,0,0,0,0,0,0,5
ACGCAATCACTACAGC-1,2,0,0,0,0,2,0,0,0,0,0,4
TCCACCTCTAGCCTTT-1,4,0,0,0,0,0,0,0,0,0,0,4
CGTTGCCCGCGTGGGA-1,2,0,0,0,0,1,0,0,0,0,3,6
TTGCGCTTGATCAATA-1,1,0,0,1,0,0,0,0,0,0,0,2
CATGTCTCATTTATGG-1,4,0,0,0,0,0,0,0,0,0,0,4
GCTTTCAGAGGAGGTG-1,2,0,1,0,2,0,0,0,0,0,0,5
TTGAGCAGCCCACGGT-1,1,0,0,0,0,0,3,0,1,0,2,7
ACGCGAAGTCAGACGA-1,4,0,0,0,0,0,0,0,0,0,0,4
AACAGGTAGTATGGAT-1,3,1,0,0,0,0,0,0,0,0,0,4
TCGCAAAGATGCATTT-1,1,0,0,3,0,0,0,0,0,0,0,4
ACCCAACGCCCGTGGC-1,1,0,0,1,0,0,0,0,0,0,0,2
TTAAGGCCCGTACTTT-1,2,0,0,1,0,0,0,0,0,0,0,3
ATGCTTAGGAGTTGAT-1,1,0,0,0,0,0,0,0,0,2,0,3
CTGCGATTTCGAGATT-1,2,0,0,0,2,0,2,0,0,0,0,6
AGTCCCTCGCAGAAAG-1,2,2,0,0,0,0,0,0,0,0,0,4
GACCGTGCTGACGGTG-1,3,0,0,0,0,0,0,0,0,0,0,3
CGAGTTTATCGGACTG-1,2,0,0,0,0,3,0,0,0,0,0,5
TGCAACTACTGGTTGA-1,1,1,0,0,0,0,0,0,0,0,0,2
GGCACTCAGCCGACCC-1,2,0,0,0,0,0,0,0,0,0,0,2
TACGCTCCTAGAACTG-1,2,0,0,0,0,0,0,0,0,0,0,2
GCTAGCACCTGGGCCA-1,1,0,0,0,0,3,0,0,0,0,0,4
CGCTCTCCGTAGATTA-1,1,0,0,0,0,0,0,0,0,0,0,1
CTGTAGCCATCTCACT-1,1,0,0,0,0,0,0,0,0,0,0,1
CAGCAGTCCAGACTAT-1,2,0,0,0,0,2,0,0,0,0,0,4
TATTCCACTCAGCTCG-1,1,0,0,3,0,1,0,0,0,0,0,5
TTCCGGTATCTGTGTC-1,1,1,0,0,0,1,0,0,0,0,0,3
GCACAGCACGGGCCGA-1,1,0,0,0,0,0,0,0,4,0,0,5
TTAGAAGAACATGACT-1,1,0,0,1,0,0,2,0,0,0,0,4
TCCTTGTCCTTTAATT-1,1,5,0,0,0,0,0,0,0,0,0,6
AAGAAATCACCAGATT-1,2,0,0,2,0,0,0,0,0,0,0,4
ACGGCGACGATGGGAA-1,2,1,0,1,0,0,0,0,0,0,0,4
GTTGGACCGCATCAGG-1,2,0,0,0,0,0,0,0,0,0,0,2
GTTTGGCCCAAGTTAT-1,1,3,0,0,0,1,0,0,0,0,0,5
ATATTTAACCCTCAAG-1,1,0,0,0,0,0,0,0,0,0,0,1
AGAGAAACACCAGAAA-1,3,0,0,1,0,0,0,0,0,0,0,4
CTGAGCGAGACTTATT-1,2,0,0,0,0,0,0,0,0,2,0,4
CGCCTCCCTCCTCTAT-1,3,0,0,0,0,0,0,0,0,0,0,3
GCGTCTAACCTCCTAA-1,4,0,0,0,0,0,0,0,0,0,0,4
GACGAGGCTAATAAAC-1,1,0,0,0,0,0,0,0,4,0,0,5
TACTGTTTCTCTGGTA-1,3,0,0,2,0,0,0,0,0,0,0,5
ATCCTGAATCGCTGCG-1,2,0,0,0,0,0,0,0,0,0,0,2
CGGTTATCCAACAGTG-1,1,2,0,0,0,0,0,0,0,0,0,3
TGGGTGTAATAGATTT-1,1,1,0,0,0,0,0,0,0,0,0,2
GTCGGGAAGCAGAAAC-1,1,0,1,0,0,3,0,0,0,0,0,5
CATAGTCCACAAGAAC-1,2,0,0,0,0,3,0,0,0,0,0,5
CCACATACTGCACCCA-1,1,0,0,0,0,0,0,0,0,2,0,3
TTGATAGTCAATACAT-1,3,0,0,0,0,2,0,0,0,0,0,5
GGCGCTTCATTCCCTG-1,1,0,0,0,0,1,0,0,0,0,3,5
GTGACTTCAGTAGTGC-1,2,0,0,3,0,0,0,0,1,0,0,6
CTTTAATATTGGTCGA-1,2,0,0,1,3,0,0,0,0,0,0,6
TGGCTACACTCTACCT-1,2,0,0,0,0,0,0,0,0,0,0,2
GAGTATGCGCGTGCAT-1,2,1,0,0,0,0,0,0,0,0,0,3
AGCGACAGGAACGGTC-1,2,2,0,1,0,0,1,0,0,0,0,6
CGCTTAGTATTGATAC-1,2,3,1,0,0,0,0,0,0,0,1,7
CCGTAAGTTGGTCCCA-1,1,2,1,0,0,0,0,0,0,0,0,4
AAGCGTCCCTCATCGA-1,1,2,0,0,0,2,0,0,0,0,0,5
GGGAGGATGCCCGAAA-1,1,0,0,1,0,0,0,0,0,0,2,4
ATGGAGCAGGCCGTGA-1,1,2,0,0,0,0,0,2,0,0,0,5
GAGACTTCGCGACCGA-1,1,1,0,2,0,0,0,0,0,0,0,4
GTTAAAGTAGGACTGG-1,1,0,2,2,0,0,0,0,0,0,1,6
ATCGACCCAATACAGA-1,1,1,0,2,0,0,0,0,0,0,0,4
CTAGTTACAACCCGGT-1,1,0,0,0,0,3,0,0,0,0,0,4
TCTAATACTGCCTCAG-1,2,0,0,0,0,0,0,0,1,0,0,3
GGGTGACACCTTAACT-1,1,0,1,0,0,3,0,0,0,0,0,5
CATGATGGAAGTTAGC-1,1,0,0,0,0,0,0,1,0,2,0,4
TGCTGTTGAAGAACTC-1,3,0,0,0,1,0,0,0,0,0,0,4
CACCGGGCATCACAAG-1,4,0,0,0,0,0,0,0,0,0,0,4
TATTGACATTTCTGCC-1,1,1,0,0,0,0,0,0,0,0,0,2
CGATCGAGAAGCACCA-1,1,3,0,0,0,0,0,3,0,0,0,7
TCACAAACCGAGGTAC-1,4,0,0,0,0,1,0,0,0,0,0,5
TTCTTTGGTCGCGACG-1,2,0,0,0,0,0,0,0,0,0,0,2
CTCCTGTTCAAGGCAG-1,3,0,0,0,0,0,0,0,0,0,0,3
AACTGAGTTATACTGA-1,2,0,0,2,0,0,0,0,0,0,0,4
CGATAATACTCAGGTT-1,1,0,0,0,0,0,0,3,0,0,0,4
CGACTTTGTATAGCCT-1,1,0,0,0,0,3,0,0,0,0,0,4
ATGTTTCGGCCCGGAG-1,1,0,2,0,0,0,0,0,0,0,0,3
AGTTTATGTAAAGACA-1,2,0,3,0,0,0,0,0,0,0,0,5
TGTACTACTCTCACGG-1,2,0,0,0,0,1,0,0,0,0,0,3
CGAGGGTATCCAGGTG-1,1,3,0,0,0,0,0,0,0,0,0,4
AGCTCCATATATGTTC-1,1,2,0,0,0,0,0,0,0,0,0,3
ATAGTTCCACCCACTC-1,3,0,0,0,0,0,0,0,0,0,0,3
GGTAGTGCTCGCACCA-1,1,0,0,0,0,0,0,6,0,0,0,7
AAGCTCTTTCATGGTG-1,1,0,0,0,0,1,0,0,0,0,0,2
TTGTTTCACATCCAGG-1,1,0,0,0,0,2,0,0,0,0,0,3
CAGCTCACTGAGACAT-1,1,0,0,0,0,0,0,0,0,0,0,1
ATGCTCTGGCGCGGTA-1,1,1,0,0,0,0,0,0,0,0,0,2
CGATCCTCGCAACATA-1,2,0,0,0,0,0,0,0,0,0,0,2
GTTGTAGATTTATGAG-1,1,0,0,2,0,0,0,0,0,0,0,3
GCCACTCCTTACGGTA-1,2,0,0,0,0,0,0,0,0,0,0,2
GCGCTCGATCACCTGT-1,1,0,0,0,0,0,0,0,0,0,0,1
AAGGCAGGCTGTCTCC-1,2,0,0,0,0,2,0,0,0,0,0,4
GTAACATCTAAGATAA-1,2,0,0,0,1,0,0,0,0,0,0,3
CAAACTCGCGACGCCG-1,4,0,2,0,0,0,0,0,0,0,0,6
CCTGTCGCCCGTAAAT-1,1,0,1,0,0,0,3,0,0,0,2,7
CTCGTGGCACTGAAAG-1,1,0,0,0,0,0,0,0,1,0,0,2
CTCTAATGCATTGATC-1,1,0,0,0,0,0,0,0,0,0,0,1
CACAGGGCCGTTGTCA-1,1,0,0,3,0,0,0,0,0,0,0,4
CTAACTGATAATCGCC-1,1,0,0,0,0,2,0,0,0,0,0,3
TGAATGTCAGCCGGCC-1,1,0,1,0,0,0,5,0,0,0,0,7
CTAGGTTCGGACGTGA-1,1,3,0,0,0,0,0,0,0,0,0,4
AGGCATTGTCGTAGGG-1,1,0,0,0,0,2,0,0,2,0,0,5
CACATCTCACCGACGA-1,3,0,0,0,0,0,0,0,1,0,0,4
CGCCCAGCGTTTCACG-1,2,0,0,1,0,0,0,2,0,0,0,5
GCGAGAGTTGCGTCCA-1,1,0,1,0,3,0,0,0,0,0,0,5
GCGCAAGAGCGCGCTG-1,1,0,0,0,0,0,0,0,0,0,2,3
GTCTTGTAGCTATTCA-1,1,0,0,0,0,0,0,0,0,0,0,1
TGGTAGAATATATGGG-1,1,0,1,1,0,0,0,0,0,0,2,5
GTCTATTGGTTCCGGT-1,1,0,0,3,0,0,0,0,0,0,0,4
TCTTGCTCCCGATACT-1,1,0,3,0,0,0,0,0,0,0,0,4
GCGTCCCTAAGACATA-1,1,0,0,0,0,0,0,0,6,0,0,7
ATTGATGAGTCCTAAC-1,1,0,0,4,0,0,0,0,0,0,0,5
AAATTTGCGGGTGTGG-1,1,0,5,0,0,0,0,0,0,0,0,6
GCTAGCTTGAATAGCT-1,1,0,1,0,0,1,0,2,0,0,0,5
ATTGTACAACTCGGCT-1,1,0,0,0,0,0,0,0,3,0,0,4
GTTTGGTAGGGTCAAC-1,1,0,0,0,2,0,1,0,0,0,0,4
CAGACGAACCTGATAC-1,1,0,0,0,1,0,2,0,0,0,0,4
CACTACGGGAGCTGCC-1,1,0,0,0,0,0,1,0,0,1,3,6
GACCAGAGCCCTGTAG-1,1,0,0,0,0,0,0,0,0,0,0,1
TTACCCTAGGGATTGG-1,1,0,0,0,0,0,0,0,0,2,0,3
TAGCCATTTCAAAGTC-1,1,0,2,0,0,0,2,1,0,1,0,7
AGTGCTAAACACAGCA-1,1,0,0,0,0,0,0,1,0,0,0,2
AATTGCAGCAATCGAC-1,1,1,0,0,0,0,0,0,0,0,0,2
CCCAACATACGTCGCG-1,1,0,0,0,0,0,5,0,0,0,0,6
TGTTCCGCTTCCATGA-1,1,0,3,0,2,0,0,0,0,0,1,7
CACGCAGCGAGGCTTT-1,1,1,0,0,0,1,0,0,0,0,0,3
CGCTTTCTTGCATTCG-1,1,0,0,0,0,0,0,0,0,0,0,1
TCGAATCGCAGGGTAG-1,1,0,0,0,0,0,0,0,0,0,0,1
AGCGGGTCTGACACTC-1,1,0,0,0,0,0,2,0,0,0,0,3
TGGAATATCCTTGACC-1,1,2,0,0,0,0,0,0,0,0,0,3
AATTCTAGAGTTAGGC-1,1,0,0,3,0,0,0,0,0,0,0,4
GGAGCGAGGCCTACTT-1,1,0,0,0,0,0,0,0,0,1,0,2
TTCAGCCCTGGTCCAC-1,0,2,0,0,0,0,0,4,0,0,0,6
GTCATGCGCGAGGGCT-1,0,1,2,0,0,0,0,0,0,0,0,3
CTGCTGTCTAACGAGC-1,0,2,0,1,0,0,0,0,0,0,0,3
TACGTAAAGCGGAGTG-1,0,1,0,1,0,0,0,0,0,0,0,2
CTTCTATTAATGCTAG-1,0,1,0,0,0,0,0,0,0,2,0,3
CGTTTGTGTAGAGGGT-1,0,4,0,0,0,0,0,0,0,0,0,4
AGTGACCTACTTTACG-1,0,2,2,1,0,0,0,0,0,0,0,5
GGGAACGGTTTCAGAT-1,0,1,0,2,0,0,0,2,0,0,0,5
GCAAACCCTACATTAT-1,0,1,1,3,0,0,1,0,0,0,0,6
AGTCCATTGGCTGATG-1,0,4,0,0,0,0,0,0,0,0,0,4
ATCGGCAAGCAGTCCA-1,0,1,0,0,0,0,0,0,0,0,0,1
TTGCTCATAGTACGTG-1,0,1,2,3,0,0,0,0,0,0,0,6
TGAATGAGATACAGCA-1,0,3,0,0,0,0,0,0,0,0,0,3
CATAGTCAAATACATA-1,0,6,0,0,0,0,0,0,0,0,0,6
TTCTATGCCTTTCGCA-1,0,2,0,1,0,0,0,0,0,0,0,3
TCCATTCCCACTAGAG-1,0,2,0,1,0,1,0,0,0,0,0,4
TCCAGAGCACCGGTTC-1,0,4,0,0,0,0,0,0,0,0,0,4
TTAGTTATTCGTGGCA-1,0,3,1,0,2,0,0,0,0,0,0,6
GTCAATGCTATAATTT-1,0,2,0,0,0,3,0,0,0,0,0,5
AAGCCGCTTTACCTTG-1,0,3,0,0,0,1,0,0,0,0,0,4
CATACTTAGGCAATAC-1,0,2,0,0,0,0,2,1,0,0,0,5
CAATGAGGTTCGACTA-1,0,3,0,0,0,0,0,0,0,0,0,3
GTCGCGTAACCCGTTG-1,0,5,0,0,0,0,0,0,0,0,0,5
AGACCGCTCCGCGGTT-1,0,2,0,0,0,0,0,0,0,0,1,3
CGTAAATAACAAAGGG-1,0,3,0,0,0,0,0,0,0,0,0,3
TCTATAGGTGGGTAAT-1,0,1,0,1,0,0,0,0,0,0,0,2
CAAAGGTCATCTGAAA-1,0,2,0,0,0,0,0,0,0,0,1,3
GGACCAACAGGATAAC-1,0,3,0,0,0,0,0,0,0,1,0,4
ACCCGTGTCATCAGTA-1,0,2,0,2,0,0,0,0,0,0,0,4
TACATAGGCATACACC-1,0,4,0,0,0,0,0,0,0,0,0,4
GATCTTGGAGGGCATA-1,0,4,0,0,2,0,0,0,0,0,0,6
CAAGCGGCACATAATT-1,0,5,0,0,0,0,0,0,0,0,0,5
AGGTTACACCATGCCG-1,0,1,0,0,0,0,0,0,0,0,0,1
AGGACGACCCATTAGA-1,0,2,0,0,2,0,0,0,0,0,0,4
TCTGAACTCGTACCCG-1,0,1,0,2,0,1,0,0,0,2,0,6
GTTTCAAACGAGTTGT-1,0,1,0,2,0,0,0,0,0,0,0,3
TGTGGTTGCTAAAGCT-1,0,4,0,0,0,0,0,0,0,0,0,4
AGGTATGCGGACATTA-1,0,4,0,0,0,0,0,0,0,0,0,4
GCTAGCGATAGGTCTT-1,0,2,0,1,1,0,0,0,0,0,0,4
GTGGACGCATTTGTCC-1,0,2,0,0,0,0,0,0,0,0,0,2
CATTTGAGTGGTACGT-1,0,1,0,0,0,2,2,0,0,0,0,5
ACGACTGGTCATACTC-1,0,3,0,1,0,0,0,0,0,0,0,4
GTGCTTACATCAGCGC-1,0,1,0,0,0,3,0,0,0,0,0,4
TCTATGCTATAACGAC-1,0,3,0,0,0,0,0,0,0,0,0,3
CTCAACTAACCCGGAT-1,0,1,1,0,0,0,0,1,0,0,2,5
TAGTCGATCACGGGTT-1,0,4,0,0,0,0,0,0,0,0,0,4
CAACACATCTCCTGCC-1,0,4,0,0,0,0,0,0,0,0,0,4
CGATACCTCGCGGACA-1,0,3,0,0,0,0,0,0,0,0,0,3
CACTGACGATTGTGGA-1,0,2,0,0,0,0,0,0,0,0,0,2
GCTCCGCTCGCTTCAG-1,0,4,0,0,0,0,0,0,0,0,0,4
AATTAGCGCTGCAGCG-1,0,1,0,1,2,0,0,0,0,0,0,4
ACGCCGCTAGACGACC-1,0,2,0,0,2,0,0,0,0,0,0,4
ATCGTTAGCTAGCGGA-1,0,3,0,0,0,0,0,0,0,0,0,3
TACCAAATAGCCCAGA-1,0,1,0,2,0,0,0,0,0,0,0,3
GGCGCGGAGATCTTTC-1,0,3,0,1,0,0,0,0,0,0,0,4
ACTTTGGTCGTGCTCC-1,0,4,0,0,0,0,0,0,0,0,0,4
CATCTTACACCACCTC-1,0,2,0,0,0,1,0,0,0,0,0,3
GTAAGTCCACACTCTA-1,0,3,0,0,0,0,0,0,0,0,0,3
CTGCAAGCACGTTCCG-1,0,3,0,1,0,0,0,0,0,0,0,4
CATACACGGTTCCCAC-1,0,1,0,0,0,3,0,0,0,0,0,4
CATAGAGGAGATACTA-1,0,4,0,0,0,0,0,0,0,0,0,4
TCTGAGCAATTGACTG-1,0,2,0,1,0,0,0,0,0,0,0,3
ACCGAAGAGTCTGGTT-1,0,1,0,0,0,0,0,0,0,0,0,1
AGCGGACACTTCGTAG-1,0,4,0,0,0,0,2,0,0,0,0,6
AGTTGGCAAGGCTAGA-1,0,2,0,0,0,0,0,0,0,0,0,2
CTTGCCCACCCACGCA-1,0,2,0,0,0,0,1,0,0,0,0,3
CGGGCCTTCTTTGTAA-1,0,2,2,0,0,0,0,0,0,0,0,4
CAGACCTGTAAGTGTT-1,0,3,0,0,2,0,0,0,0,0,0,5
ACGATCATCTTGTAAA-1,0,5,0,0,0,0,0,0,0,0,0,5
GGGCGGCAAATGAATT-1,0,4,0,0,2,0,0,0,0,0,0,6
CACTCTTCTGCTAGCC-1,0,5,0,0,0,0,0,0,0,0,0,5
AGCTCGTTGATGGAAA-1,0,1,0,3,0,0,0,0,0,0,0,4
TGCCGTGGATCGTCCT-1,0,1,0,0,0,0,0,2,0,0,0,3
TGCCTAATTGAAGATT-1,0,3,0,1,0,0,0,0,0,0,0,4
TGGACTGTTCGCTCAA-1,0,1,0,3,0,1,0,0,0,0,0,5
CAGGCCGTTTGGGTGT-1,0,1,0,0,0,3,0,0,0,0,0,4
GCCCAGATGCTGGAGA-1,0,2,0,0,0,2,0,0,0,0,0,4
AGACAGGCATCTCAGC-1,0,1,0,0,0,2,0,0,0,0,0,3
GCAGTTCGATCCGAGC-1,0,2,0,0,0,0,0,0,0,0,0,2
GACTAGGCCGTTAGGT-1,0,5,0,0,0,0,0,0,0,0,0,5
CATATAGGTACAGTCA-1,0,5,0,1,0,0,0,0,0,0,0,6
GAGTGTCAACCAGAAA-1,0,2,0,0,0,0,0,0,0,3,0,5
CCGAAGGGCGTACCGC-1,0,1,0,0,0,2,0,1,0,0,0,4
AAATCGTGTACCACAA-1,0,2,0,0,0,0,0,0,3,0,1,6
TCTGGAGCGTAAGAGT-1,0,1,0,1,0,0,0,0,0,0,0,2
CCGGAGGTCTTATGGT-1,0,2,0,0,0,0,0,0,0,0,0,2
TATACGCGTCATCACT-1,0,1,0,0,0,0,0,0,0,0,3,4
CATAAGAAGCTTGGCT-1,0,3,0,0,0,0,0,0,0,0,0,3
TACCAGAAGTAGGTTC-1,0,2,0,0,1,0,0,2,0,0,0,5
GTATCCTTTGGTAACC-1,0,1,0,1,0,3,0,0,0,0,1,6
GCACGTGGTTTACTTA-1,0,3,0,0,0,0,0,0,0,0,0,3
TATGGGACCGAGCAGG-1,0,2,0,0,0,0,0,0,0,0,0,2
AGTATTTGGCACGACC-1,0,3,0,0,0,0,0,0,0,0,0,3
TATAGAGTCGCTTGAA-1,0,1,0,0,0,0,0,0,0,0,0,1
GATCATTCCAAACATT-1,0,1,0,0,0,0,0,0,0,0,0,1
GCAGACCCAGCACGTA-1,0,2,0,0,0,0,0,0,0,1,0,3
GGAACCGTGTAAATTG-1,0,2,2,0,0,2,0,0,0,0,0,6
GGTGGAGGTTGATACG-1,0,1,1,1,0,0,0,0,0,0,0,3
CAAGACTCAGAAGCGC-1,0,3,0,0,0,0,0,0,0,0,0,3
TAAAGCGGTATTTCCA-1,0,3,0,0,0,0,0,0,0,0,0,3
GTCCCGCGACGTTATG-1,0,2,0,0,0,0,0,1,0,0,3,6
GCTAGAGTAGAGATGT-1,0,3,0,0,0,0,0,0,0,0,0,3
ATTATCGGAATGTACG-1,0,2,0,0,0,0,0,0,0,0,0,2
TGCGCCGTTAATAACG-1,0,2,0,0,0,0,0,0,1,0,0,3
AGAACCCAGCGTGACA-1,0,2,0,0,2,0,0,0,0,0,0,4
TAGCTAGAAGGCATGA-1,0,1,3,0,0,0,0,0,0,0,0,4
TTGTGTTTCCCGAAAG-1,0,2,0,0,0,0,0,0,0,0,0,2
CTTAGGTCCCAATCGT-1,0,1,0,0,0,2,0,0,0,0,0,3
TATTCCGAGCTGTTAT-1,0,2,0,0,0,4,0,0,0,0,0,6
CTCGGTTGTCGGCCCT-1,0,4,0,0,0,0,0,0,0,0,0,4
GGAAAGGGAATTGAGC-1,0,2,0,0,0,0,0,0,0,0,0,2
ACGTTAATGTCGAAGA-1,0,1,0,3,0,0,0,0,0,0,0,4
GGGTGCATATGAAAGC-1,0,3,0,0,0,0,0,0,2,0,0,5
GCAAACCTTGGCCATA-1,0,2,0,0,0,3,0,0,0,0,0,5
AACTTTCTCGATCATG-1,0,3,0,0,0,0,0,0,0,0,0,3
TTGGTCACACTCGTAA-1,0,3,0,0,0,0,0,2,0,0,0,5
AGGAGACATCCACAGT-1,0,1,0,0,0,0,0,0,0,1,0,2
GGTAACCGGGAGGATA-1,0,2,0,0,0,2,0,0,0,0,0,4
ATCGCCAGTCAACATT-1,0,1,0,0,1,0,0,0,0,0,0,2
TTGTGCAGCCACGTCA-1,0,2,0,0,0,0,0,0,4,0,0,6
GAGTAGATACTAGTTG-1,0,3,0,0,0,1,0,0,0,0,0,4
TCCCGTCGCGTCATAG-1,0,2,0,2,0,0,0,0,0,0,0,4
CAACTGCTCATCCGAT-1,0,2,0,1,0,0,0,0,0,0,0,3
AGCCCTGTCGCACCGT-1,0,1,0,0,0,0,0,0,0,0,0,1
CTGGCTGATTCATCCT-1,0,2,0,0,0,0,3,0,0,0,0,5
CCGGTAATGGCTAGTC-1,0,2,0,0,0,0,0,0,0,0,0,2
ACAATTGTGTCTCTTT-1,0,1,0,0,0,3,1,0,0,0,0,5
ACTGGGATGCCAGTGC-1,0,3,0,0,0,0,0,0,0,0,0,3
TAAGCGCGAATCAAAT-1,0,1,0,0,0,0,0,5,0,0,0,6
GCAGTGTGGCTATAGG-1,0,6,0,0,0,0,0,0,0,0,0,6
TCCTACATCCACGGCC-1,0,2,0,0,0,0,0,0,1,2,0,5
CTTTGCATCGCTCTTG-1,0,2,1,0,0,2,0,0,0,0,0,5
AAGCACCCTGCGTATC-1,0,2,0,0,0,3,0,0,0,0,1,6
TTGGGAAGACGAGCCG-1,0,4,0,0,0,0,0,0,0,0,0,4
CCTCTCTCCCATCTAG-1,0,5,0,1,0,0,0,0,0,0,0,6
ACCACCCTCTCTTCTA-1,0,2,0,0,0,0,0,0,0,0,2,4
CCTTTAAGGGAGCACT-1,0,2,0,0,1,1,0,0,0,0,0,4
CGCGGTAAGTCTAGCT-1,0,1,0,1,0,2,0,0,0,0,0,4
GTCGTTATTCGCTTAT-1,0,2,0,0,0,0,0,0,0,1,0,3
GTAGTTCGAAGGCGAA-1,0,1,0,0,0,0,0,0,0,2,0,3
CGCATCCATCAGCCAG-1,0,2,0,0,0,0,0,0,0,0,0,2
AACCTGTCACGGAATT-1,0,2,0,0,0,0,0,0,0,0,0,2
CCAGTCTTGTCATAGA-1,0,2,0,0,0,0,0,0,0,1,2,5
TAAGGCATAACATCAA-1,0,1,0,0,0,0,0,0,0,2,0,3
TTGCCTTCTCGCCGGG-1,0,1,0,0,0,0,0,0,0,0,0,1
CTCGGGATAACACCTA-1,0,2,0,0,0,0,0,0,0,0,2,4
AGGTCGCGGAGTTACT-1,0,4,1,0,0,0,0,0,0,0,0,5
TTGCGTGTGTAGGCAT-1,0,3,0,0,0,0,1,0,0,0,0,4
CTATCACAACGCTGGA-1,0,3,0,0,0,1,0,0,0,0,0,4
GTTAGCCGTAAATCAA-1,0,3,0,1,0,0,0,0,0,0,0,4
TCACCGCTCGGCACTC-1,0,2,3,0,0,2,0,0,0,0,0,7
ACTATCTGCCCGCGTA-1,0,3,0,0,0,2,0,0,0,0,0,5
GTGAGATAACCTTATA-1,0,1,0,0,0,4,0,0,0,0,0,5
AGAGCGCTTGTAACGG-1,0,2,0,0,1,0,0,0,0,0,0,3
TCACTATCGTGCAATC-1,0,2,0,0,0,0,0,0,0,0,0,2
GATACCGTGTCGGAGT-1,0,2,0,0,0,1,0,0,0,0,0,3
GATGAGGAACCTTCGG-1,0,4,0,0,0,0,0,0,0,0,0,4
AGGAAGCTGTCCGCCG-1,0,4,0,1,0,0,0,0,0,0,0,5
CGAGATTTCGCTCGGG-1,0,3,0,0,0,0,0,0,0,0,0,3
TCTTTAGAGTCTAACA-1,0,2,0,0,0,1,0,0,0,0,0,3
TGCATGTGACCCATAG-1,0,2,0,0,0,0,0,0,0,0,0,2
GTTGGATTTGCGTTGG-1,0,1,4,0,0,0,0,0,0,0,0,5
CCGCACAAAGACCAAC-1,0,2,3,0,0,0,0,0,0,0,0,5
TGCCCGTACCGTTAAA-1,0,1,0,1,0,0,0,0,0,0,3,5
TTGTGAACCTAATCCG-1,0,1,0,0,3,1,0,0,0,0,0,5
ACGCTAGTGATACACT-1,0,2,0,0,0,3,0,0,0,0,0,5
ATGGAACCTTTGCACA-1,0,2,0,0,0,0,0,0,0,0,0,2
TAGGCCTATATAGTCT-1,0,1,0,0,1,0,0,0,0,1,0,3
ACCAACCGCACTCCAC-1,0,1,0,0,0,0,1,3,0,0,1,6
TTAGTTCAAGTGTTCG-1,0,2,0,0,0,0,0,0,0,0,0,2
GTTTACGTTCCATCTG-1,0,3,0,0,0,1,0,0,0,0,0,4
CCTGTCCCTCACGTTA-1,0,1,0,2,0,0,0,0,0,0,0,3
TGCAGTTTCCTCCCAT-1,0,2,0,0,0,0,0,3,0,0,0,5
GTTATATCAGGAGCCA-1,0,4,0,0,0,1,0,0,0,0,0,5
AGGCCTGAGAATCTCG-1,0,5,0,0,0,0,0,0,0,0,0,5
GAATAGCATTTAGGGT-1,0,3,0,1,0,0,0,0,0,0,0,4
AGGGTCAGAGCACTCG-1,0,3,0,0,0,0,0,0,0,0,0,3
CGTCTTGAGTGTGACG-1,0,2,0,0,0,0,0,0,0,0,0,2
CAAGGCCAGTGGTGCA-1,0,4,0,0,0,1,0,0,0,0,0,5
CCATCTCACCAGTGAA-1,0,1,0,0,0,4,0,0,0,0,0,5
ATTCACTGATGTTGGA-1,0,2,0,0,0,0,0,0,0,2,0,4
TATACCGAGTGCCACA-1,0,3,0,0,0,0,0,0,0,0,0,3
CCATTAGCGATAATCC-1,0,1,2,2,0,0,0,0,0,0,0,5
TGATCCCAGCATTAGT-1,0,4,0,0,0,0,0,0,0,0,0,4
TTAACGAACAAGCAGT-1,0,1,2,0,0,0,0,0,0,0,0,3
CTTCGGCCAATTGTTT-1,0,2,0,0,0,0,0,0,0,0,0,2
ACTCGCGATCTGACGC-1,0,1,0,2,0,0,0,0,0,0,0,3
CGTGCAGACTGGGACA-1,0,2,0,0,0,0,0,0,0,0,0,2
GGGTCTATCGCTTTCC-1,0,1,1,0,0,0,0,0,0,0,0,2
ACAGGTGGAGGTGAGG-1,0,1,0,0,0,4,0,0,0,0,1,6
TATATATCGAGAAATG-1,0,2,0,0,0,0,0,1,0,0,3,6
AGTCGTATAAAGCAGA-1,0,3,0,0,0,2,0,0,0,0,0,5
CTACTATCTTTCAGAG-1,0,2,2,2,1,0,0,0,0,0,0,7
TAGCCGGCGGTCAGCG-1,0,3,0,0,0,0,0,0,0,0,0,3
GCTCTTTCCGCTAGTG-1,0,2,0,0,0,0,0,0,0,1,0,3
AAGAGCTCTTTATCGG-1,0,3,0,0,0,2,0,0,0,0,0,5
AGCTCTTCGTAACCTT-1,0,3,0,0,0,0,0,0,0,0,0,3
GACAAGAGATGAGATT-1,0,1,0,4,0,0,0,0,0,0,1,6
CTGTAGTGAGGATCGA-1,0,1,1,0,0,0,0,0,0,0,0,2
GTTCCGTCCGCCTGCA-1,0,2,0,0,0,2,0,0,0,0,1,5
GTTCGCTGAGACGTCT-1,0,3,0,0,0,0,0,0,0,0,0,3
TCTTACTTATGCCTCT-1,0,3,0,0,0,0,2,1,0,0,0,6
GCGATTGTTAACGTTA-1,0,2,0,3,0,0,2,0,0,0,0,7
TTCAATACTCTGAATC-1,0,3,0,0,0,0,0,3,0,0,0,6
TGAACAAGCAGGGACT-1,0,2,0,0,0,0,0,0,0,4,0,6
CGCCGTTCAGCATAGT-1,0,1,0,0,0,0,0,0,0,0,0,1
GCAGCCTATATCACAT-1,0,3,0,1,0,0,0,0,1,0,0,5
CTGTTACCCAATCTAG-1,0,2,0,0,0,2,0,0,0,0,0,4
CGGCCCAACCTGTAGT-1,0,1,0,2,0,0,0,0,0,0,0,3
GTGGTATAGTCTGCCG-1,0,1,0,0,0,2,0,0,0,0,0,3
GTTTGGGTTTCGCCCG-1,0,2,0,2,0,0,0,0,0,0,0,4
CATGGATTGTCTTCCG-1,0,4,0,0,0,0,0,2,0,0,0,6
AGCTAAGTACGCAGGC-1,0,3,0,0,0,2,0,0,0,0,0,5
TCTAGCATGCCCAGAA-1,0,1,0,0,0,0,0,2,0,0,0,3
CTGACTGCGCAGCTCG-1,0,1,0,3,0,0,0,0,0,0,0,4
GAAGTCAGTTGCACTA-1,0,3,0,0,0,0,0,0,0,0,0,3
TTGTGGTGGTACTAAG-1,0,3,0,0,0,0,0,0,0,0,0,3
ATTCATATACTGTCCA-1,0,4,0,0,1,0,0,0,0,0,0,5
CGGTTGAGTATCCTTC-1,0,2,0,0,0,1,0,0,0,0,0,3
TTAGGATGGGAGGGTA-1,0,2,0,0,0,1,0,0,0,0,0,3
ACCCTCCCTTGCTATT-1,0,2,0,0,0,1,0,0,0,1,0,4
TACCTTAAGATTTCCC-1,0,4,0,0,0,0,0,0,2,0,0,6
TCTGCACCATTAGTAA-1,0,2,0,3,0,0,0,0,0,0,0,5
AAATGGTCAATGTGCC-1,0,2,0,2,0,0,0,0,0,0,0,4
GAGAGTCTCGGGAGAG-1,0,2,0,2,0,0,0,0,0,0,0,4
AGCTTCTTCTCGAGCA-1,0,2,0,0,0,0,0,0,0,0,0,2
TCTGATCGGGTGCTAG-1,0,3,0,0,0,0,0,0,0,0,0,3
CGCATGCCGAATGCGT-1,0,4,0,0,0,1,0,0,0,0,0,5
CTGGGATACGCTACCC-1,0,2,0,0,0,0,0,0,0,0,0,2
CAAGTAAGTGATAGAC-1,0,1,0,0,0,0,0,0,2,0,0,3
ACTGCCCGCCATTCTC-1,0,2,0,0,0,0,0,0,0,0,0,2
AACGTGCGAAAGTCTC-1,0,1,2,0,0,3,0,0,0,0,0,6
TCCGGTTCGTCCGGTC-1,0,3,0,0,0,0,0,0,0,0,0,3
TTGCGTCGGCCAACCG-1,0,2,0,0,0,0,0,0,0,0,2,4
AGCCCTTGGACATCCC-1,0,2,0,1,0,0,0,0,0,0,0,3
CTTACATAGATTTCTT-1,0,3,0,0,0,0,0,0,0,0,0,3
GCGACCCAACCATCTG-1,0,2,0,0,0,1,0,0,0,0,0,3
GATCGCTATATCTCAG-1,0,2,0,0,0,1,0,0,0,0,0,3
TGCGACGGCCGAACGT-1,0,2,0,0,2,0,0,0,0,0,0,4
GCTTGCAGCACAATTG-1,0,2,0,0,0,0,0,0,0,0,0,2
CGGGTTTGTTAGGGCT-1,0,1,0,0,0,2,0,0,0,0,0,3
CTATCGACGAAATACA-1,0,3,0,2,0,0,0,0,0,0,0,5
CCGTGGAACGATCCAA-1,0,2,0,2,1,0,0,0,0,0,0,5
GGTCTCCAAGTAGTGC-1,0,3,0,0,0,0,0,0,0,0,0,3
TGATCTATCACACTCT-1,0,2,0,0,0,0,0,0,2,0,0,4
TCGGGAACGTGCCTAG-1,0,1,0,0,0,2,0,0,0,0,0,3
TCTTCGAATAGACGTT-1,0,2,0,0,0,0,0,0,1,0,0,3
AAGCATACTCTCCTGA-1,0,1,0,0,0,3,0,0,0,0,0,4
TGCCGGATGTACGAGC-1,0,3,3,0,0,1,0,0,0,0,0,7
ATACGTACTTAGCCAC-1,0,1,0,0,2,0,0,0,0,0,2,5
GCGGTCCCGGTGAAGG-1,0,3,0,0,0,0,0,0,0,0,0,3
CCTATGAAGTGGTGCC-1,0,3,0,0,1,0,0,0,0,0,0,4
AAGGGACTATGCATTC-1,0,1,0,0,0,0,0,0,0,2,0,3
GCGAGTTCTGCAAAGA-1,0,3,0,0,0,1,0,0,0,0,0,4
CGTGAAGTTAATTCAC-1,0,2,2,0,0,0,0,0,0,0,0,4
TCTAGTGATATCGTGG-1,0,3,0,0,0,0,0,0,0,0,0,3
CTATAAGAGCCAATCG-1,0,3,0,3,0,0,0,0,0,0,0,6
TCCAAGCCTAGACACA-1,0,2,0,0,0,0,0,0,0,0,0,2
CTGCACTCCAGTACAG-1,0,2,0,0,0,1,0,0,0,0,0,3
ATATCGGTAGGGAGAT-1,0,1,0,0,0,3,0,1,0,0,0,5
GGACTCTTTGACTAAG-1,0,3,0,0,0,1,0,0,0,0,0,4
GCGCAAATATATTCAA-1,0,1,0,0,0,0,0,0,3,0,0,4
TCCCGGGTGTGCTGCT-1,0,2,0,0,0,3,0,0,0,0,0,5
TTCTTGGACGATCTGC-1,0,3,1,1,0,0,0,0,0,0,0,5
ACACGTAGGCCACAAG-1,0,3,0,0,0,0,0,0,1,0,0,4
CTGGATTTACACTTGA-1,0,1,0,0,0,1,0,2,0,0,0,4
GCGCCGTTCCACGATA-1,0,1,0,1,0,0,0,0,0,0,0,2
GACAGCCAGACCTGAC-1,0,2,0,3,0,0,0,0,0,0,0,5
TTAGAATAAGGGTCGG-1,0,2,1,0,0,1,0,0,0,0,0,4
CACATATTAGCAGGAT-1,0,1,0,4,0,0,0,0,0,0,0,5
GAGGATAAACAGTGCT-1,0,1,0,3,0,0,0,0,0,0,0,4
CGTTGAATACCGCGCT-1,0,1,0,0,0,1,0,0,0,0,0,2
CAGTCTGTATACTGGG-1,0,1,0,0,0,1,0,0,0,0,4,6
GAAACCATGGTGCGCT-1,0,3,0,1,0,1,0,0,0,1,0,6
TTCTGCGGGTTAGCGG-1,0,3,0,0,2,0,0,0,0,0,0,5
TTGGCTCAATATGTGT-1,0,3,0,0,0,0,0,0,0,0,0,3
CTAGCCACAGGCGAGC-1,0,2,2,0,0,0,0,0,0,0,0,4
ATACTGCCTTACACCG-1,0,1,0,0,4,0,0,0,0,0,0,5
TCTACGGGCTCAGTTG-1,0,1,0,2,0,0,0,0,0,0,0,3
AGATTATAGGACGTTT-1,0,2,0,0,0,0,0,0,0,0,0,2
TACGCTATAGAAACCT-1,0,4,0,0,0,0,0,0,0,0,0,4
CTTCCGCTCCGTGAAG-1,0,3,0,0,0,0,2,0,0,0,0,5
GGCAAGGCGAAATAGC-1,0,1,0,2,0,2,0,0,0,0,0,5
GTTGCGGACGGTCAGG-1,0,1,0,0,0,0,0,2,0,0,0,3
GCGTTCTGACTAAGCG-1,0,2,0,1,0,0,0,0,0,0,0,3
ACTGCGGACACACCGT-1,0,2,0,0,0,0,0,0,0,0,0,2
ACTGAATGGCGAAAGT-1,0,1,0,0,0,0,0,2,0,4,0,7
CGTAAAGCAAGAAATC-1,0,2,0,1,0,0,0,0,0,0,0,3
CGAGGAGCTTCCATAT-1,0,4,0,0,0,0,0,0,1,0,0,5
CATTGATGAACACGCC-1,0,1,0,1,0,0,0,1,0,0,0,3
GTAGTCTACGATATTG-1,0,2,1,0,0,0,0,0,0,0,0,3
TCAATACGCCGTCATG-1,0,2,0,2,0,0,0,0,0,1,0,5
GAACTTGTGCACGGGA-1,0,2,0,0,0,0,0,0,0,0,0,2
CAGTTCGAGGACCCGA-1,0,1,0,0,0,1,0,2,0,1,0,5
GTTGGATTGAGAACAC-1,0,3,2,0,0,0,0,0,0,0,0,5
AGCGTGGTATTCTACT-1,0,2,0,0,0,0,0,0,0,0,2,4
AATCGCGCAGAGGACT-1,0,2,0,0,0,0,1,0,0,0,0,3
GCTGTTGCTACCGAAC-1,0,1,0,3,0,0,0,0,0,0,0,4
ACACCACATAATTAGC-1,0,1,0,2,0,0,0,0,0,0,0,3
GTTTGGGCTTGTGAGC-1,0,3,0,0,0,0,0,0,0,0,0,3
AAACGGGCGTACGGGT-1,0,2,0,2,2,0,0,0,0,0,0,6
TTAATTGCTTTGGGTG-1,0,1,0,0,0,0,0,0,1,0,0,2
CTGCGACCTCGCCGAA-1,0,2,0,0,0,0,0,0,1,0,0,3
AGTGCTTGCACGAATA-1,0,3,0,0,1,0,0,0,0,0,0,4
CCCAGGTCTGAAGGCT-1,0,1,0,0,0,1,0,0,0,0,0,2
CCGCCGGAACTTCTCG-1,0,3,0,0,0,0,0,0,0,0,0,3
CGTGTCTCGTTACGAC-1,0,3,0,0,0,0,0,0,0,0,0,3
AGGATTGCTTACGACA-1,0,2,0,1,0,0,0,0,0,0,0,3
CGCGCATGTTTGATTG-1,0,1,0,0,0,1,0,0,0,0,0,2
TTAGACGAGTCACCTC-1,0,1,0,4,0,0,0,0,0,0,0,5
TTGTAAGGACCTAAGT-1,0,1,0,2,1,0,0,0,0,0,0,4
AAGCCGCCGTGAAATC-1,0,2,0,0,0,0,0,0,2,0,0,4
TGTGGCGGGCTTCTGG-1,0,1,0,0,0,3,0,0,0,0,0,4
GTGTATATCAGCGGGC-1,0,2,0,0,0,0,0,0,2,0,0,4
CCATTGTTTCCTCCAT-1,0,1,0,3,0,0,0,0,0,0,0,4
TATTTGATTTGCACAG-1,0,2,0,2,0,1,0,1,0,0,0,6
GTTACTTTGGGCCTAG-1,0,3,1,0,0,0,0,0,0,0,0,4
TCACGATGTCCGTGGA-1,0,2,0,3,0,0,0,0,0,0,0,5
ATAGACGAAGAGAAAG-1,0,2,2,0,0,0,0,0,0,0,0,4
GATGACAAGTAGGGCA-1,0,3,0,0,3,0,0,0,0,0,0,6
GCTATCATACTCATGG-1,0,3,0,2,0,0,0,0,0,0,0,5
TGACAACGCATGTCGC-1,0,3,0,0,0,1,0,0,0,0,0,4
CTAAGGGAATGATTGG-1,0,2,0,0,3,0,0,0,0,0,0,5
TACTCCTCTAGTTGAC-1,0,1,0,1,0,0,0,0,0,0,0,2
CCTGGAAACGTTCTGC-1,0,1,0,2,0,0,0,0,0,0,0,3
TACGCTCGGTATTGGA-1,0,1,0,0,0,0,0,0,0,0,0,1
TTCCGCGTGAGGCGAT-1,0,1,0,0,0,3,0,0,0,0,0,4
CATGGTTTATTAATCA-1,0,2,0,0,0,0,0,0,0,0,0,2
ACTTGACTCCCTCTTT-1,0,3,0,0,0,0,0,0,0,0,0,3
GAACAGATTACTAAAT-1,0,1,3,0,0,0,0,0,2,0,0,6
ACGCCACTCGAAACAG-1,0,3,0,0,0,0,0,0,0,0,0,3
AGCATTACGAGGCAAG-1,0,2,0,0,0,0,0,0,0,0,0,2
TGTGAGACTAGCCCAA-1,0,3,0,0,0,1,0,0,0,0,0,4
ACTTCGCTAGCGAGTG-1,0,2,0,0,0,0,0,0,2,0,0,4
TTCACTTCCTAGAACG-1,0,3,0,2,0,0,0,0,0,0,0,5
ATTTACTAAGTCCATT-1,0,1,0,2,0,0,0,0,0,0,0,3
GCATGCTAATAACGAT-1,0,3,0,0,0,0,0,0,0,0,0,3
CTTGATGACCATCCAG-1,0,2,0,0,0,0,0,0,0,0,0,2
CACGGACGTGGATGGC-1,0,2,0,2,0,0,0,0,0,0,1,5
CAAGCAACGTCGGAGT-1,0,1,0,1,0,0,0,0,0,0,0,2
CGATGTTGTTATCTAC-1,0,2,0,0,0,0,0,0,0,0,0,2
AGGATATAGGGATTTA-1,0,2,0,0,0,0,0,3,1,0,0,6
GCTCCCAGTCGGTCCA-1,0,1,0,0,0,2,0,0,0,2,0,5
GCTAGACCGTCTACTG-1,0,1,0,0,0,0,0,0,3,0,0,4
TTCTTATCCGCTGGGT-1,0,2,0,0,2,0,0,1,0,0,0,5
CAGGCGCACGGTGGTC-1,0,1,0,4,0,0,1,0,0,0,0,6
GTAGCCAAACATGGGA-1,0,2,0,0,0,2,0,0,0,0,0,4
CGCCTTTAGCATGCTC-1,0,1,0,1,0,1,0,0,0,0,0,3
AGCGCATAATGAATCG-1,0,1,0,0,0,0,0,3,0,0,0,4
TATCCTATCAACTGGT-1,0,4,0,0,0,0,0,0,0,0,0,4
CTCAGAGCTAATGTCG-1,0,2,0,0,0,0,0,0,2,0,0,4
CCCGAGTTTCTCCGTA-1,0,1,0,0,0,2,0,3,0,0,0,6
AGATAACTTCAGGGCC-1,0,1,3,0,0,0,0,0,0,0,0,4
AAATCCGATACACGCC-1,0,2,0,0,0,2,0,0,0,0,0,4
CTTTGGGATTGTTGCA-1,0,1,0,2,1,0,0,0,1,0,0,5
CCTATAATGAGTGCCC-1,0,1,1,0,0,4,0,0,0,0,0,6
CGCACGTGCGCTATCA-1,0,2,0,0,1,0,0,0,0,0,0,3
CCTATGGCTCCTAGTG-1,0,2,0,0,0,0,0,0,0,0,0,2
CACGTCGGCAACCTCT-1,0,2,0,0,0,2,0,0,0,0,0,4
CTTCAACTCCACTTGG-1,0,1,0,0,0,0,0,0,0,0,2,3
TATCCGCACCGTCGGG-1,0,3,0,0,0,0,0,0,0,0,0,3
GAAAGAACAGCGTTAT-1,0,3,0,0,1,0,0,0,0,0,0,4
CAAGAGGGCGGAGTAC-1,0,2,1,0,0,0,0,0,0,2,0,5
GGCAAATTACTTTACT-1,0,1,0,0,0,2,0,0,0,0,0,3
GTGGCTGTTTCTGTTC-1,0,2,0,0,0,0,0,0,0,0,0,2
TAGATTCAAAGTGCGG-1,0,2,0,0,0,1,0,0,0,1,0,4
AGGGTTCAGACGGTCC-1,0,3,0,0,0,0,0,0,0,0,1,4
CAATGACCCTTAATTT-1,0,1,0,1,0,0,0,0,0,0,0,2
GATAACTCGCACTGTG-1,0,1,0,0,0,0,0,0,0,3,2,6
TAGTCCGCAGAGAATG-1,0,2,0,0,0,0,0,0,0,0,0,2
TAAAGACAACCCTTTA-1,0,2,0,0,0,0,0,0,0,0,2,4
TGATCACCACACTGAC-1,0,2,0,0,0,2,0,0,0,0,0,4
GCAACGGCTAGTTATG-1,0,2,0,0,0,0,0,0,0,0,0,2
ATTGCCTTTATGTTTG-1,0,1,0,2,0,2,0,0,0,0,0,5
TCACAGGTTATTGGGC-1,0,2,0,0,0,0,0,0,0,0,0,2
AATAGTCCGTCCCGAC-1,0,2,0,0,0,1,0,0,0,0,0,3
TCGTTGCTATCCGGTC-1,0,1,0,2,0,0,0,0,0,0,0,3
CCCAAGTCATTACACT-1,0,1,0,0,0,3,0,0,0,0,0,4
CAGAGACGGTCACCCA-1,0,1,0,0,0,2,0,0,0,0,0,3
TAAAGTGCACGTCTCG-1,0,2,0,0,0,1,0,0,0,0,0,3
TCTGACGGGCTAACCC-1,0,1,1,1,0,0,0,0,0,0,0,3
GAGAACGGTTCTGACT-1,0,1,0,1,0,0,0,0,0,0,0,2
GGCGCGTTCGAGTTTA-1,0,1,0,0,0,2,0,0,0,0,0,3
GATTCTGTTAATGAGT-1,0,1,5,0,0,0,0,0,0,0,0,6
CCTCCTGTTGTGTCGT-1,0,2,0,0,2,1,0,0,0,0,0,5
ATGCGAGTCCCACCAC-1,0,3,3,0,0,0,0,0,0,0,0,6
CGATTAAATATCTCCT-1,0,3,0,0,0,0,0,0,0,0,0,3
CTTAGTGTAGTAGCAT-1,0,1,0,1,0,1,0,0,0,0,0,3
GCCGTGGAAGAAATGT-1,0,3,0,0,0,0,0,0,0,0,0,3
CGTTAATGTCCCGACG-1,0,1,0,0,1,2,0,0,0,0,0,4
ACCCTGGTAACGCCCT-1,0,2,0,0,0,0,0,0,0,0,1,3
CCAGCGGGATCACCAG-1,0,1,0,2,0,0,0,0,0,0,0,3
TGCTCTGCCGGTTCAC-1,0,1,0,0,0,0,0,0,0,0,2,3
AACTCCAGAGCGTGTT-1,0,1,0,1,0,0,0,0,0,0,0,2
TCCGCGGCAGCATCTG-1,0,1,0,0,0,0,0,0,4,0,0,5
AGGGTCGATGCGAACT-1,0,2,1,0,1,0,0,1,0,0,0,5
GTGCCTGAGACCAAAC-1,0,1,0,0,0,0,0,0,1,0,0,2
CCGGTTTGTAATTGTG-1,0,1,0,0,0,3,0,0,0,0,0,4
TAGAGGTTCTACTTGT-1,0,1,0,1,0,0,0,1,0,1,0,4
CTAGGGATAGGGACAA-1,0,3,0,0,0,0,0,0,0,0,0,3
AGCGAGACGTGAAGGC-1,0,1,0,0,0,0,0,0,0,0,0,1
TGGCTATGTGACATAC-1,0,1,0,0,0,4,0,0,0,0,0,5
CCGATCTCAACCTTAT-1,0,2,0,0,0,0,0,0,0,0,0,2
TCCCAAAGCCCTAAAT-1,0,2,0,1,0,1,0,0,0,0,0,4
GCAGTGCGGGCGGATG-1,0,1,0,0,0,0,0,0,0,0,0,1
TGCCCGATAGTTAGAA-1,0,1,0,1,0,2,0,0,0,0,0,4
GTACTCCTGGGTATGC-1,0,1,0,0,0,1,0,4,0,0,0,6
GTCGCCGTTGTGTGTT-1,0,2,0,0,0,1,0,0,0,0,1,4
ACTCGTCAGTAATCCC-1,0,2,0,0,0,0,0,0,0,0,4,6
TTCTTGCTAGCATCTC-1,0,1,0,0,0,1,0,0,0,0,0,2
CGCTACGGGACATTTA-1,0,1,0,0,0,0,0,0,0,0,2,3
TTCGGTGGAGACGCCC-1,0,1,0,0,1,0,0,0,0,1,0,3
AGAAATTATGACTCGC-1,0,1,0,4,0,0,0,2,0,0,0,7
GTCTGCCGACTCGACG-1,0,1,0,0,0,0,0,0,0,0,0,1
ACTCTGACCTAATAGA-1,0,2,0,0,0,0,0,2,0,0,0,4
GACATCCGTCGAACTG-1,0,1,0,1,0,2,0,0,0,0,0,4
GTGGAGCGTTTACCGA-1,0,1,0,0,0,0,0,0,0,0,0,1
CGTCGGATAGTGTTGA-1,0,1,1,0,0,0,0,3,0,0,0,5
GCACGCCGATTCCCGC-1,0,1,0,0,0,1,0,2,0,0,0,4
ATTCGCGCCTTGAGAG-1,0,0,2,0,0,0,0,0,0,0,0,2
TATGTAAAGTGCTTAA-1,0,0,2,1,0,0,3,0,0,1,0,7
TTGCCCTGATCACGGG-1,0,0,7,0,0,0,0,0,0,0,0,7
CTTGTTGCTGAGTCAA-1,0,0,1,0,0,0,0,0,5,0,0,6
TCGGCTTGTATCGACG-1,0,0,3,1,0,0,0,0,0,2,0,6
TCACGCATTGTAGATC-1,0,0,4,0,0,0,0,0,0,0,0,4
CACTAAAGTTGCCTAT-1,0,0,3,1,0,0,0,0,0,0,0,4
ATAGTGAAGCGTTCTC-1,0,0,2,0,3,0,3,0,0,0,0,8
GGGAAGGGCTTTCTCA-1,0,0,1,0,0,1,0,0,0,0,0,2
TTGACATGAACGTGGA-1,0,0,8,0,0,0,0,0,0,0,0,8
GGCAAAGGCGCCAATA-1,0,0,1,0,3,0,2,0,0,0,0,6
TGTAGGAGAAATTTCC-1,0,0,3,0,3,0,0,0,0,0,0,6
ATAAGGTGGAGAACAT-1,0,0,4,0,0,0,0,0,3,0,0,7
TGTAGTGATCTATAAT-1,0,0,4,0,0,0,0,0,0,0,0,4
CGGCCACGCACAAAGT-1,0,0,5,0,0,0,0,0,0,0,0,5
GCTAAGTAGTTTCTCT-1,0,0,5,0,0,0,0,0,0,0,0,5
AAGCTCGTGCCAAGTC-1,0,0,6,0,0,0,0,0,0,0,0,6
TCCTAGCAAAGAAGCT-1,0,0,5,0,3,0,0,0,0,0,0,8
CGGATCCTCAAGGACT-1,0,0,4,0,1,0,0,0,0,0,0,5
TACGACTGCCTCTTAG-1,0,0,3,0,0,1,0,0,0,0,0,4
CGCACATGTCCACTAC-1,0,0,3,0,0,2,0,0,0,0,0,5
TGCATATGTCTGTCAC-1,0,0,5,0,0,1,0,0,1,0,0,7
CCTCGGTTTCCTTGCC-1,0,0,3,0,0,0,0,0,0,0,3,6
CGGCCAGAGCGACCAT-1,0,0,3,0,2,0,0,0,0,0,0,5
GTCGGATATCTCAGAC-1,0,0,1,0,0,0,0,0,0,0,0,1
CACTTAATCAGACGGA-1,0,0,2,1,0,0,0,1,0,0,0,4
CAAAGATTATTGGGCC-1,0,0,5,0,0,0,0,0,0,0,0,5
ATGCGACAGTCCCATT-1,0,0,5,0,0,0,0,0,0,0,0,5
TTACAGACCTAAATGA-1,0,0,3,0,0,0,0,0,0,0,0,3
CTGGTAACACATAGAA-1,0,0,1,0,0,0,6,0,0,0,0,7
GATCCGGGAATTAACA-1,0,0,2,0,0,0,0,2,1,0,2,7
CTCGGGTTCTCTGGCC-1,0,0,4,0,0,1,0,1,0,0,0,6
TCCGTTTAGCCTTGAA-1,0,0,2,0,0,0,0,0,0,0,0,2
AGTGAGACTTCCAGTA-1,0,0,2,0,1,0,0,3,0,0,0,6
GCTCCATGCAAAGCAA-1,0,0,3,0,0,3,0,0,0,0,1,7
GACGGGTTGGCCCGTA-1,0,0,2,0,1,0,0,1,0,0,0,4
ACTCTTCAGCTCCCGC-1,0,0,1,3,0,0,0,0,0,0,0,4
CGGGAATATAGTATAC-1,0,0,5,0,0,0,0,0,0,2,0,7
CCAAATAACAAGATTC-1,0,0,4,0,1,0,0,0,2,0,0,7
AGTCAAGATGACACTT-1,0,0,8,0,0,0,0,0,0,0,0,8
CTACAAGAAATAACCC-1,0,0,2,0,1,0,4,0,0,0,0,7
GGGCCCGTCTTAAACA-1,0,0,8,0,0,0,0,0,0,0,0,8
ATCATCCAATATTTGT-1,0,0,8,0,0,0,0,0,0,0,0,8
TTACTCTGGTACGTAC-1,0,0,8,0,0,0,0,0,0,0,0,8
ATAAAGGCTCGGTCGT-1,0,0,4,0,0,0,4,0,0,0,0,8
GAATTATAGTGAAAGG-1,0,0,8,0,0,0,0,0,0,0,0,8
AACCCTACTGTCAATA-1,0,0,1,0,5,0,0,0,1,0,0,7
ACGCGGGCCAAGGACA-1,0,0,5,0,2,0,0,0,0,0,0,7
GTTCGTCTAAAGAACT-1,0,0,4,0,0,0,0,0,0,0,4,8
ATAGGCGGCTATAGAA-1,0,0,1,0,0,0,0,2,3,1,0,7
TACGAGAACTTCACGT-1,0,0,6,0,0,0,0,0,0,0,0,6
CTGCCTTTAATACCTT-1,0,0,1,0,0,0,0,1,5,0,0,7
GGCCCGTATACCATGC-1,0,0,7,0,0,0,0,0,0,0,0,7
ATTGCTGCTCCTCCAT-1,0,0,5,0,0,0,0,0,0,0,2,7
GGCTGAAATAGCAAAG-1,0,0,2,0,4,1,0,0,0,0,0,7
TCTCAAATCAATCGGG-1,0,0,3,0,0,1,0,1,0,0,0,5
GTACTGGAGTTAGACC-1,0,0,8,0,0,0,0,0,0,0,0,8
GTTACAATTGGTGACG-1,0,0,9,0,0,0,0,0,0,0,0,9
TGATGTCAATTAAGTG-1,0,0,6,0,0,0,0,0,0,1,0,7
TCCAGCGCTATAAGCG-1,0,0,2,0,0,0,2,0,0,0,3,7
AATCGTGAGCCGAGCA-1,0,0,4,2,0,0,0,0,0,0,0,6
CCATATGGAAACTATA-1,0,0,8,0,0,0,0,0,0,0,0,8
CTTTGGCTTTAGTAAA-1,0,0,10,0,0,0,0,0,0,0,0,10
TTCCGGTTACCCACTT-1,0,0,6,0,0,0,0,0,0,0,1,7
CATAACGGACAGTCGT-1,0,0,7,0,0,0,0,0,0,0,0,7
CCAATAGTGCCGTCGA-1,0,0,5,0,0,0,1,0,2,0,1,9
AGTTTGGCCAGACCTA-1,0,0,7,0,0,0,0,0,0,0,0,7
TCAACAAAGATAATTC-1,0,0,7,0,0,0,0,0,0,0,0,7
CTCTAGCCCTCGGAAA-1,0,0,4,0,0,0,0,0,0,3,0,7
GACCAAACGTTGACTG-1,0,0,5,0,0,0,2,0,0,0,0,7
GAGATCTGCTTGGCAT-1,0,0,5,0,0,0,4,0,0,0,0,9
GCGGCTTTAGCAAGTT-1,0,0,5,0,0,1,0,1,0,0,0,7
AGCAGAAGGAGAAAGA-1,0,0,3,0,0,0,0,1,4,0,0,8
GTACACTTACCTGAAG-1,0,0,6,0,0,0,0,1,0,0,0,7
CAGTCGAGGATGCAAT-1,0,0,7,0,0,0,0,0,0,0,0,7
CTTCATTGTCAGTGGA-1,0,0,8,0,0,0,0,0,0,0,0,8
CCGGGCTGCTCCATAC-1,0,0,4,0,0,0,0,0,4,0,0,8
CGAGTACTAAAGAGGA-1,0,0,2,0,0,0,6,0,0,0,0,8
GGGCCGGCCGAAGTAC-1,0,0,3,0,2,1,0,0,0,0,0,6
GCAAATATTACGCTTT-1,0,0,8,0,0,0,0,0,0,0,0,8
AATCAGGTTTCATTTA-1,0,0,2,0,0,0,0,0,0,2,2,6
CTACACTCGCAGATGG-1,0,0,7,0,0,0,0,0,0,0,0,7
GCCTCTATACATAGCA-1,0,0,2,0,0,0,2,2,0,1,0,7
GAAGCCACTGATTATG-1,0,0,4,0,0,0,1,0,1,0,0,6
CCTTCAGTTAAAGTGA-1,0,0,7,0,0,0,0,0,0,0,0,7
CGAGAGGGTAGCCGCG-1,0,0,6,0,0,0,0,0,0,0,0,6
CAGGCAGTCTTACCAG-1,0,0,1,0,1,0,6,0,0,0,0,8
AAATAGCTTAGACTTT-1,0,0,5,0,0,0,0,0,0,0,1,6
ACCGTGACCACGTGGG-1,0,0,4,0,0,0,3,0,0,0,0,7
CTGCCTTTCTAGTAAA-1,0,0,4,0,0,0,3,0,0,0,0,7
CTATGCCCGAATGCAA-1,0,0,3,0,1,0,0,0,0,3,0,7
TACGTACTAGTGCTGA-1,0,0,1,0,0,0,3,0,0,0,3,7
AGAATTATGGATTCGA-1,0,0,5,0,0,0,2,0,0,0,0,7
TAACATACAATGTGGG-1,0,0,6,0,0,0,0,0,0,0,0,6
GGGCTGCCTAGGGCGA-1,0,0,5,0,0,0,0,0,0,0,0,5
CCTAGGCGTAGCGATC-1,0,0,1,0,0,5,0,0,0,0,0,6
ACTGAAACGCCGTTAG-1,0,0,2,0,0,0,6,0,0,0,0,8
TGACTATAATCCTTTC-1,0,0,2,1,0,0,0,0,0,2,1,6
CAAGATATTATAACGT-1,0,0,2,0,0,0,7,0,0,0,0,9
TTACTGGGATATTTCA-1,0,0,1,3,0,0,3,0,0,0,0,7
AATAGAATCTGTTTCA-1,0,0,3,0,0,3,0,0,0,0,1,7
TAAGTCGCCGAGTATC-1,0,0,1,0,0,0,0,3,2,2,0,8
CCCAAACATGCTGCTC-1,0,0,6,0,2,0,0,0,0,0,0,8
GTAAGTAACAGTCTGG-1,0,0,7,0,0,0,0,0,0,0,0,7
GCCGAAATTCCTACGT-1,0,0,7,0,0,0,0,0,0,0,0,7
TGTAGCCAATTCCGTT-1,0,0,3,0,0,0,4,0,0,0,0,7
GAGAGGGCGCGAGGTT-1,0,0,6,0,0,0,0,0,0,0,0,6
TCCTTTAAATCCGCTT-1,0,0,5,0,0,0,0,1,0,0,0,6
GCGCTAATTGAATAGA-1,0,0,3,2,0,0,0,0,0,0,0,5
CGCTAGAGACCGCTGC-1,0,0,1,3,0,1,0,0,0,0,0,5
AATGACAGCAATGTCT-1,0,0,6,0,0,0,0,0,0,0,0,6
ATATTCAGTTAAACCT-1,0,0,2,0,3,0,2,0,0,0,0,7
TCACAGCAAACTCGAA-1,0,0,2,0,0,2,0,0,0,0,0,4
GACGCTTGCTTCTAAA-1,0,0,1,0,0,0,1,0,0,0,6,8
CGCTATTCTTAGGCTC-1,0,0,5,0,0,2,0,0,0,0,0,7
ATGATGCAATGGTACA-1,0,0,5,0,0,0,0,0,0,1,0,6
TCAGTAGGGACTATAA-1,0,0,5,0,0,0,0,0,1,0,0,6
GGGAGAACTCACAGTA-1,0,0,3,0,0,0,0,0,0,0,0,3
GACGACGATCCGCGTT-1,0,0,3,2,0,0,0,0,0,1,0,6
GATCGTGACTGATATC-1,0,0,6,0,0,0,0,0,0,0,0,6
CTAACGAAACTTGCTG-1,0,0,2,0,0,0,0,0,5,0,0,7
ACCCATCTTGAGGGTA-1,0,0,4,0,0,0,1,0,2,0,0,7
CCTAAATTGTATCCTA-1,0,0,1,0,0,0,0,3,0,1,0,5
CGCTGGTGACTACCCT-1,0,0,2,0,0,1,0,0,0,3,0,6
GGCGGAGTAATATTAG-1,0,0,3,0,0,0,0,0,0,0,0,3
CGCTTATTCCCGGTCG-1,0,0,6,0,0,0,0,0,0,0,0,6
CTGTGCAGGGTAGGTC-1,0,0,5,0,0,0,0,0,0,0,0,5
CGTGCATTGTCGACGC-1,0,0,2,0,3,0,0,2,0,0,0,7
ATCAATCTGGGCTGCA-1,0,0,4,0,0,0,0,0,0,0,0,4
CACATCGTGCACGCGC-1,0,0,3,0,0,3,0,0,0,0,0,6
TGTACGAACAAATCCG-1,0,0,6,0,1,0,0,0,0,0,0,7
CACACGCGCTGTCTTA-1,0,0,6,0,0,0,0,1,0,0,0,7
TACGATGTTGATCATC-1,0,0,3,0,3,0,0,0,0,0,0,6
ATTAGGCGATGCTTTC-1,0,0,6,0,0,0,0,0,0,0,0,6
AACGGACGTACGTATA-1,0,0,3,0,0,2,0,0,0,1,0,6
GTAGCGGCTATACACT-1,0,0,5,0,0,0,0,0,0,0,0,5
CTAATTCTCAGATATT-1,0,0,3,0,0,4,0,0,0,0,0,7
ATTGGATTACAGCGTA-1,0,0,4,0,0,2,0,0,0,0,0,6
GCGCTTAAATAATTGG-1,0,0,3,0,1,0,0,3,0,0,0,7
ACAGTATACCGTGGGA-1,0,0,4,2,0,0,0,0,0,0,0,6
TGACCCACGTTAGACA-1,0,0,7,0,0,0,0,0,0,0,0,7
GGCTATTAAGTTGTAT-1,0,0,4,0,0,0,0,0,0,0,0,4
CCTGAACGATATATTC-1,0,0,1,1,0,0,0,2,0,0,2,6
TCGCTACTGGCTTTGA-1,0,0,1,0,0,0,0,0,5,0,0,6
TCTAGCAATCTCCGCC-1,0,0,6,0,0,0,0,1,0,0,0,7
TAGGGAGCTTGGGATG-1,0,0,7,0,0,0,0,0,0,0,0,7
TACTTGTTAGTAGTCC-1,0,0,1,1,1,0,1,2,0,0,0,6
TGTGGACTATCTACGT-1,0,0,5,0,0,0,0,0,0,2,0,7
GAGTATCAAAGTTACA-1,0,0,5,0,0,0,0,0,0,0,0,5
GGGATCCCAATACAAA-1,0,0,4,0,0,0,0,0,0,0,0,4
GAAGCGTGAGGAATTT-1,0,0,6,0,0,0,0,0,0,0,0,6
ATCACGTGCTAATTAA-1,0,0,7,0,0,0,0,0,0,0,0,7
GCTGCTCTCCGGACAC-1,0,0,2,0,0,0,0,0,0,0,0,2
CCGGGTTCGAGGTTAC-1,0,0,3,0,0,0,5,0,0,0,0,8
GCTCCTGACATACTGG-1,0,0,3,0,0,0,0,0,2,1,0,6
TGAGCCATACAGTCTC-1,0,0,2,0,1,0,0,3,0,0,0,6
AGTGAAGATGGTGTCC-1,0,0,2,2,0,0,0,0,0,0,0,4
TCTTCGATACCAATAA-1,0,0,3,0,0,0,0,0,0,0,0,3
GGGCAGTCAACGCCAA-1,0,0,3,0,0,0,0,4,0,0,0,7
AGTGACTGTGACACAA-1,0,0,5,0,0,0,1,0,2,0,0,8
TGATTTATTAGCTGTG-1,0,0,4,0,0,0,0,0,4,0,0,8
ATCCTGCGTGGAATGG-1,0,0,3,0,0,0,0,0,0,0,0,3
GCTTATGAAGCAGGAA-1,0,0,5,0,0,0,0,1,0,0,0,6
TCCTATCATAGGTAAC-1,0,0,1,0,5,0,0,0,0,0,0,6
CCAGAAAGCAACTCAT-1,0,0,1,0,1,0,5,0,0,0,0,7
ATTCATCGTTGAGGCA-1,0,0,1,0,0,4,0,0,0,0,1,6
CCACTATCCGGGTCAC-1,0,0,3,0,0,0,0,0,0,0,0,3
GCTGTATTACTGGCCC-1,0,0,6,0,0,0,0,0,0,0,0,6
TACATGCCGGAATTGT-1,0,0,2,0,4,0,0,0,0,0,0,6
GAACGTCTCATGGTCG-1,0,0,3,0,0,0,0,0,0,0,0,3
CGAGGATCGGGAACGA-1,0,0,3,2,0,0,0,0,0,0,0,5
TACGCTGCTGTGTTAA-1,0,0,3,0,1,0,0,0,0,0,0,4
AAACTCGTGATATAAG-1,0,0,3,0,0,1,0,0,0,0,0,4
CTGGTAACGAGCTCTT-1,0,0,2,0,1,0,0,0,0,2,0,5
ACAACAGCATGAGCTA-1,0,0,3,0,0,0,0,0,0,0,0,3
AAGCCGAAGCGGTTTA-1,0,0,1,0,0,0,0,1,4,0,0,6
TAGGTCGCCGGAACTG-1,0,0,3,0,0,0,0,0,0,3,0,6
TCTGAATTCCGTACAA-1,0,0,6,0,0,0,0,0,0,0,0,6
GAATAGACGCGACCCA-1,0,0,3,0,4,0,0,0,0,0,0,7
CCATGCCCTAGATTTC-1,0,0,1,0,2,0,0,1,0,0,0,4
CTCGCCGAATGTAGGG-1,0,0,2,0,2,1,0,0,0,0,0,5
GTGTCAGTGTACGTGG-1,0,0,1,0,0,0,2,1,2,0,0,6
ATGGGACCTGCTGAAC-1,0,0,3,0,3,0,0,0,0,0,0,6
CAAACGAGTATCGCAG-1,0,0,3,0,0,1,0,0,0,0,0,4
ACTCTTGTATAGTAAC-1,0,0,4,0,0,0,0,0,2,0,0,6
TGTACCTACACGAGGG-1,0,0,4,0,3,0,0,0,0,0,0,7
ACTCGCCGTTCGATAA-1,0,0,1,0,0,0,0,0,0,0,0,1
AAAGCTTGCCTACATA-1,0,0,3,0,0,0,0,0,0,0,0,3
GGAATGCGCTAGCGTG-1,0,0,4,0,0,0,0,0,0,0,0,4
ATGTACGATGACGTCG-1,0,0,2,0,0,0,0,0,0,0,0,2
TCGGGAGACAGCGTAC-1,0,0,3,0,0,0,0,0,0,0,0,3
GAGGGCCATAATATTA-1,0,0,2,0,1,0,0,0,0,0,0,3
GCGCATCCAGTCAGCA-1,0,0,2,0,0,0,2,0,0,1,0,5
CTAGTCACGTCTTAAG-1,0,0,1,0,0,0,0,0,0,5,0,6
GCGTCTCTGCATTGGG-1,0,0,2,0,0,0,3,0,0,0,0,5
CTAACCGCGCGCCCGT-1,0,0,4,0,4,0,0,0,0,0,0,8
AAGTGCTTCTCTATTG-1,0,0,2,0,1,1,0,2,0,0,0,6
AGTGAGCCTCGCCGCC-1,0,0,4,0,0,0,0,0,0,0,0,4
GGCAAGCCAGGGATAG-1,0,0,3,0,0,0,0,0,0,0,0,3
GCAGGACTATAGAATA-1,0,0,2,0,3,0,0,2,0,0,0,7
ACCGATGGTAGCATCG-1,0,0,2,0,2,0,0,0,0,0,0,4
CGTTGTAAGATTGATT-1,0,0,4,0,0,0,0,0,0,0,0,4
TTCAAAGTCTCTAGCC-1,0,0,2,0,0,2,0,3,0,0,0,7
TCATATGAGCTTTGTT-1,0,0,1,0,2,1,0,0,0,0,0,4
ACTCCCTAGAATAGTA-1,0,0,2,0,1,0,4,0,0,0,0,7
AAACCGTTCGTCCAGG-1,0,0,2,0,1,2,0,0,0,0,0,5
GGTTTAATTACCATCG-1,0,0,3,0,4,0,0,0,0,0,0,7
GGTAGGCCAATATCAC-1,0,0,3,0,0,0,0,0,0,0,0,3
TGAAAGGACCTGACTC-1,0,0,1,2,0,0,0,0,4,0,0,7
AAATTAACGGGTAGCT-1,0,0,1,0,0,0,2,0,0,0,0,3
ATAAGTAGGGCGACTC-1,0,0,5,0,0,0,0,0,0,0,0,5
CCTATATTTGTCCTGG-1,0,0,1,1,2,0,0,0,0,1,0,5
GAGTATACCCTAATCA-1,0,0,1,0,0,3,0,0,0,0,0,4
GTGCAGCGTAGAGTAG-1,0,0,3,0,0,0,0,0,0,3,0,6
GCAGATTAGGGATATC-1,0,0,3,0,0,0,2,3,0,0,0,8
CAACCTGAACCTGCCA-1,0,0,1,2,0,2,0,0,0,0,0,5
ATATAACACGGGCGCA-1,0,0,1,0,0,0,0,0,5,0,0,6
CTATCGGGTCTCAACA-1,0,0,2,1,0,0,0,0,0,0,0,3
TTGAATTCACGTGAGG-1,0,0,1,0,0,3,2,0,0,0,0,6
ATGGTATTGGGAACCG-1,0,0,1,0,5,0,0,0,0,0,0,6
GTGGTGATGGTTTGTG-1,0,0,1,0,0,0,0,0,0,2,0,3
GAGATGGCTTTAATCA-1,0,0,1,0,0,0,5,1,0,0,0,7
CTTTACCGAATAGTAG-1,0,0,1,0,5,0,0,0,0,0,0,6
CATTGCGGGTCAATTC-1,0,0,3,0,0,0,2,0,0,0,0,5
TATGGTCTGAGTAACA-1,0,0,3,0,0,0,0,0,0,3,0,6
GGAGACCAATGTGCTT-1,0,0,3,0,0,0,0,0,2,0,0,5
TGCTCGGCGAAACCCA-1,0,0,2,0,0,0,0,0,0,4,0,6
ACACACCAGGACCAGT-1,0,0,1,0,2,0,3,0,0,0,0,6
CCGCTTGCTGACATGG-1,0,0,2,0,0,0,0,0,0,2,0,4
CTCTGGACGCCTGGTG-1,0,0,1,0,0,0,0,0,0,0,0,1
CACTCGAGCTGAACAA-1,0,0,1,0,2,0,0,0,0,1,3,7
GATTTGCGCTAACACC-1,0,0,1,0,0,0,0,0,0,0,0,1
ACTCCCGAATTCGTTT-1,0,0,1,0,0,0,0,0,0,1,0,2
CCATGCCTGTTTAGTA-1,0,0,1,1,0,1,0,0,0,0,0,3
AAAGGCCCTATAATAC-1,0,0,1,0,0,0,0,0,0,3,0,4
TTGCACAATTCAGAAA-1,0,0,2,0,3,0,3,0,0,0,0,8
TCAGCAGTAGGCCCTG-1,0,0,1,0,0,0,0,5,0,0,0,6
TTCTAACCGAAGCTTA-1,0,0,1,0,3,0,2,0,1,0,0,7
CCACGGTGCCCGGTAG-1,0,0,1,2,0,0,0,0,0,0,0,3
TAGGTTCGAGTTCGTC-1,0,0,1,2,0,2,0,0,0,0,0,5
AGGTGGTGACCTTCGC-1,0,0,1,2,0,0,0,0,0,1,0,4
GTAGCTCCGGGAGGCT-1,0,0,1,2,0,2,0,0,0,0,0,5
TATTCCTCCGCCCACT-1,0,0,1,0,2,0,0,4,1,0,0,8
GGATGACGCGAGTTTA-1,0,0,1,0,0,2,0,2,2,0,0,7
GTCTATCTGAGTTTCT-1,0,0,1,0,0,0,0,0,6,0,0,7
ACCCATTTGTCCCTCT-1,0,0,0,2,0,0,0,0,0,0,0,2
ATCAAAGAGCCGTGGT-1,0,0,0,2,0,0,0,0,0,0,0,2
GTTTGGTGATCGGTGC-1,0,0,0,3,0,0,0,0,1,0,0,4
CCGCTATCAGCACCAG-1,0,0,0,3,0,0,2,0,0,0,1,6
GGGTCAGGAGCTAGAT-1,0,0,0,4,0,0,0,0,0,0,0,4
GCTGAGGCGTGAGTAT-1,0,0,0,4,0,0,0,0,0,0,0,4
ATACGAAGGCTTTCCA-1,0,0,0,2,0,3,0,0,0,0,0,5
TGGCAAGCACAAGTCG-1,0,0,0,4,0,0,0,0,0,0,0,4
TCCCACTCTCTTCCGG-1,0,0,0,1,0,0,0,0,0,0,0,1
TCTGGGTAGCGCTCAT-1,0,0,0,4,0,0,0,0,0,1,0,5
ATTGCGATCAGTAACT-1,0,0,0,2,0,3,0,0,0,0,0,5
AAGTCTAGTAGCTGCC-1,0,0,0,4,0,0,0,0,0,0,0,4
GAGGCCTGTTGATACA-1,0,0,0,1,3,0,0,0,0,0,0,4
ATATGTCTCCCTAGCC-1,0,0,0,4,2,0,0,0,0,0,0,6
GTGTACGAACCGTTCC-1,0,0,0,3,0,0,0,0,0,0,0,3
GGAGGCCGAAGTCGTC-1,0,0,0,2,0,0,0,0,0,0,0,2
TAGGTGACGATAACCT-1,0,0,0,3,0,0,0,0,0,0,0,3
AGACGACGATGCCGCT-1,0,0,0,3,0,0,2,0,0,0,1,6
GTTCGTCTGGGTCCCT-1,0,0,0,2,0,2,0,0,0,0,0,4
TTCGGGACTAATCGCG-1,0,0,0,6,0,0,0,0,0,0,0,6
ACATGGCGCCAAAGTA-1,0,0,0,2,0,1,0,0,0,0,0,3
TAGTCTGTGACGTTGC-1,0,0,0,4,0,0,0,0,0,0,0,4
CTCATCACTTAGTGAT-1,0,0,0,2,0,0,0,0,0,0,0,2
GCCAACCATTTCCGGA-1,0,0,0,3,0,1,0,0,0,0,2,6
AGTGGCGTCTGAAGGT-1,0,0,0,4,0,0,0,0,0,0,0,4
TTGTTTCATTAGTCTA-1,0,0,0,4,0,1,0,0,0,0,0,5
CGAATGACGCATAATG-1,0,0,0,5,0,0,0,0,0,0,0,5
TCTGTTACCCAGCATA-1,0,0,0,2,0,2,0,0,0,0,0,4
GCCCGATCTGTGGTCG-1,0,0,0,4,0,0,0,0,0,0,0,4
TTGAGCGCCACGTGAT-1,0,0,0,3,0,0,0,0,0,0,0,3
CAGAACTTAGCCCTCT-1,0,0,0,2,2,0,0,2,0,0,0,6
CCCTTTGACAGGTCTT-1,0,0,0,3,0,0,0,0,0,0,0,3
TCGTCTTAGGCGTTAA-1,0,0,0,1,0,3,2,0,0,0,0,6
GTGGAGTCGGCGGTTG-1,0,0,0,2,0,0,3,0,0,0,0,5
CCTATGTCCACTCCAC-1,0,0,0,3,0,0,0,0,0,0,0,3
CTTTAGTGCTATTATT-1,0,0,0,4,0,1,0,0,0,0,0,5
CGCTTCGGTCTAAGAC-1,0,0,0,2,0,0,0,0,0,0,0,2
CAATATTCTTGACCTA-1,0,0,0,5,1,0,1,0,0,0,0,7
TAGCAGTATGACTAAA-1,0,0,0,2,2,0,0,0,0,0,0,4
AATTGAACGCTCTGGT-1,0,0,0,4,0,0,0,0,0,0,0,4
AGCAGCCAGATGAATA-1,0,0,0,3,0,0,0,0,0,0,0,3
GGGCGCAGCGTTACTC-1,0,0,0,1,0,0,0,0,0,0,0,1
GCAAGAATTCCTTGGC-1,0,0,0,2,0,2,1,0,0,0,0,5
TTCTATTAAACGCAGC-1,0,0,0,2,1,1,0,0,0,1,0,5
GGAACTTTGGCGATTA-1,0,0,0,3,2,0,0,0,0,0,0,5
GATAGGTAACGTTGAC-1,0,0,0,3,0,0,0,0,0,2,0,5
ATAATTAGCTAAGTAG-1,0,0,0,4,0,0,0,0,2,0,0,6
GCGGACCGCGTTGTGG-1,0,0,0,5,0,0,0,0,0,0,0,5
GCCTCATCTGGAAATA-1,0,0,0,1,1,0,0,0,2,1,0,5
TAAACCCAGGAGGGCA-1,0,0,0,3,0,0,2,3,0,0,0,8
GGCAAGCCCATAGTGG-1,0,0,0,4,0,0,0,0,0,0,0,4
CCCGTTTCGCAGATGT-1,0,0,0,2,0,1,0,0,0,0,2,5
ATAAACGGACCCGTAA-1,0,0,0,5,0,0,0,0,0,1,0,6
ACCGATAGGCATAACC-1,0,0,0,4,0,0,0,0,0,0,0,4
GAGCCAGCTACCTGTG-1,0,0,0,2,4,0,0,0,0,0,0,6
CTCTTGTCCCGCTTGG-1,0,0,0,2,0,0,0,0,0,0,0,2
GCGCGGTCTAGTAACT-1,0,0,0,1,0,0,0,0,0,0,0,1
TAGATATGGACTGGAA-1,0,0,0,3,0,1,0,0,1,0,0,5
TTCGCTAGGAAGTTGT-1,0,0,0,3,0,0,0,0,0,0,0,3
CTTAGTAGGCCTACAG-1,0,0,0,2,0,4,0,0,0,0,0,6
ACAAGGATGCTTTAGG-1,0,0,0,1,0,0,0,0,0,6,0,7
GCAGATCCATAAGACT-1,0,0,0,3,0,0,0,0,0,0,2,5
GTTAAGGGTGCGATGT-1,0,0,0,4,0,0,2,0,0,0,0,6
GTGATCCTTGTCATGA-1,0,0,0,1,0,3,2,0,0,0,0,6
TATCTTGCAATACAAC-1,0,0,0,2,0,0,0,0,0,1,0,3
TTGGGTTTATTCAGCG-1,0,0,0,3,0,0,0,0,0,0,0,3
TAATTAGGACATCCGT-1,0,0,0,2,0,3,0,0,0,0,0,5
ACAAAGCATGACCTAG-1,0,0,0,3,2,0,0,1,0,0,0,6
ATAAGTAGGATTCAGA-1,0,0,0,3,0,0,0,0,0,0,3,6
TCGTGTTCGACCACAA-1,0,0,0,2,0,0,0,0,0,0,0,2
ACCGACACATCTCCCA-1,0,0,0,2,1,0,0,0,0,0,0,3
AAGTTTATGGGCCCAA-1,0,0,0,2,0,3,0,0,1,0,0,6
ACGGTACAGTTCAATG-1,0,0,0,2,0,0,0,0,0,0,0,2
ACGCATTCGTGAGTAC-1,0,0,0,1,0,2,0,0,0,0,0,3
ATCTAGCTTGTGAGGG-1,0,0,0,3,0,0,0,0,1,0,1,5
TTGCCAAGCAGAACCC-1,0,0,0,3,0,0,0,0,0,0,3,6
TACGTGCAAGGTTCCT-1,0,0,0,4,0,0,0,0,0,0,0,4
GAACTGTGGAGAGACA-1,0,0,0,2,0,0,0,0,0,1,0,3
CGTCGCATGTGAGCCA-1,0,0,0,2,0,0,0,0,0,0,0,2
GTTGCGCTAACATTAC-1,0,0,0,4,0,0,0,0,0,0,0,4
GGTGATAAGGAGCAGT-1,0,0,0,3,0,0,0,0,1,0,0,4
CGTCGTCCTTCGCGAA-1,0,0,0,3,0,2,0,0,0,0,0,5
TATAGATGGTCGCAGT-1,0,0,0,1,0,2,0,0,0,0,0,3
GCGAAACGATCGGGAG-1,0,0,0,4,0,1,0,0,0,0,0,5
CCCAATGAGATTTGCA-1,0,0,0,2,0,2,0,0,0,0,0,4
AGTAGAAGGCGCCTCA-1,0,0,0,3,0,0,0,2,1,0,0,6
TTGGACCATCTGGCAA-1,0,0,0,1,1,0,1,0,0,0,4,7
GCTGCACGGTTTCTTA-1,0,0,0,3,1,0,0,0,0,0,0,4
GTTATATTATCTCCCT-1,0,0,0,1,0,0,4,0,0,0,1,6
GGCACTCCACTGGGCA-1,0,0,0,3,0,1,0,0,0,0,2,6
GTCGTCTGGTTGGCTA-1,0,0,0,1,0,0,0,0,2,0,0,3
AATGATGCGACTCCTG-1,0,0,0,3,3,0,0,0,0,0,0,6
GGTATTGCCGAGTTTA-1,0,0,0,2,0,0,0,0,0,0,0,2
GGTCAGTGGGTCCCAC-1,0,0,0,4,0,0,0,0,0,0,0,4
ATACGTTATGCACGGA-1,0,0,0,4,0,0,0,0,0,0,0,4
TCGGGCCGTCGTGGTA-1,0,0,0,2,0,0,1,0,0,0,2,5
CAATTTCGTATAAGGG-1,0,0,0,3,2,1,0,0,0,1,0,7
ATTGTCTGTTTCATGT-1,0,0,0,1,0,2,0,0,0,0,0,3
CCCTCGATAATACACA-1,0,0,0,3,0,0,0,0,0,0,0,3
TCCGCCTGTCTACAAG-1,0,0,0,1,0,1,0,0,0,0,0,2
GGCGGTAGGATCATTG-1,0,0,0,2,0,0,0,0,0,0,0,2
AGTCTAAAGTATACTC-1,0,0,0,3,0,0,0,0,0,0,0,3
CAGCAGTCTGTGCTGC-1,0,0,0,3,0,0,0,0,2,0,1,6
GTATCAAGGTACTTCC-1,0,0,0,2,0,0,0,0,2,0,0,4
TCTGCATACCTTGCTT-1,0,0,0,2,0,0,0,0,0,0,0,2
CTGCAGAGAATCAGAG-1,0,0,0,2,1,0,0,0,0,0,0,3
GGGAAGACGGTCTGTC-1,0,0,0,1,1,0,0,0,2,0,0,4
TTATGAATGAAAGGGA-1,0,0,0,6,0,0,0,0,0,0,0,6
CTGAATCCGAGACCTC-1,0,0,0,2,0,0,0,1,2,0,0,5
CATACTTCTTTCTCCG-1,0,0,0,3,2,0,0,0,0,0,0,5
AGGCAGGGAGCGTACT-1,0,0,0,3,0,2,0,0,0,0,0,5
TTGCCGCTTTCTAGTA-1,0,0,0,3,0,0,0,0,0,0,0,3
TACAACGCACAACTCA-1,0,0,0,4,0,0,0,0,0,0,0,4
TACCGTAGGTTAACTA-1,0,0,0,2,0,2,0,0,0,0,0,4
GACGCCGTAAAGGCTA-1,0,0,0,1,0,2,0,0,0,0,0,3
AAGAGGCCCTTTGGAA-1,0,0,0,2,0,0,0,0,0,0,0,2
TATCCAATTGGTTATC-1,0,0,0,2,0,2,0,0,0,0,1,5
GTTACCTACAACTTGC-1,0,0,0,3,0,0,0,0,0,0,0,3
CCTCGCGCTGTGCGAT-1,0,0,0,1,0,0,0,0,0,1,0,2
ATCTAATATCCTACGG-1,0,0,0,3,0,0,0,0,0,0,0,3
ATCGGAGACAGACGGC-1,0,0,0,1,0,4,0,0,0,0,0,5
GGTGCTGGTACACATT-1,0,0,0,4,0,0,0,0,0,0,0,4
ATCCCATTTCCGTGGG-1,0,0,0,2,0,1,0,0,0,0,0,3
GGCTCGCGTTGAGGTA-1,0,0,0,2,2,0,4,0,0,0,0,8
AAAGGCTCTCGCGCCG-1,0,0,0,3,0,0,0,0,0,0,0,3
CATTCCCATTCCGTCG-1,0,0,0,1,0,2,0,0,0,0,0,3
GGGATTTACCGCACCT-1,0,0,0,3,0,0,1,0,0,0,0,4
CACATTTCTTGTCAGA-1,0,0,0,3,0,1,0,0,0,0,0,4
TTGACAGGAGCTCCCG-1,0,0,0,1,0,0,0,0,3,0,0,4
AAGTTGTGATGTTATA-1,0,0,0,2,0,0,0,0,0,0,0,2
CGCCCAGCACGCCTAG-1,0,0,0,3,0,0,0,0,0,1,0,4
TGCAAGAATGACGTAA-1,0,0,0,1,0,0,0,0,0,0,0,1
CATAGCGTTGCCCACC-1,0,0,0,1,0,0,0,0,0,2,2,5
AACCCGAGCAGAATCG-1,0,0,0,2,1,0,0,0,0,0,0,3
GTTCGGGCGTACCATT-1,0,0,0,2,0,2,0,0,0,0,0,4
TCTCGACGTATCGCCG-1,0,0,0,2,0,1,0,0,0,0,0,3
TGCTCTTGAGAGTTTG-1,0,0,0,2,0,0,0,0,2,0,0,4
TAACCTACCGTCCGAG-1,0,0,0,4,0,0,0,0,0,0,0,4
CTATCGCGTAGAGAAC-1,0,0,0,1,0,1,0,0,0,0,0,2
CGTATTGTTTCCTAAT-1,0,0,0,3,0,0,0,0,0,0,0,3
TACGCCGAGGGTACCC-1,0,0,0,6,0,1,0,0,0,0,0,7
CTCACATTTACTAAAT-1,0,0,0,2,0,1,0,0,0,0,0,3
TTCCGGCCTTGAGGCT-1,0,0,0,5,0,0,0,0,0,0,0,5
GAGATGGGAGTCGACA-1,0,0,0,1,0,0,0,0,0,1,0,2
TACCTACTCCCAGTAT-1,0,0,0,4,0,0,0,0,0,0,0,4
CCACTCAGATCCGCAA-1,0,0,0,2,0,0,0,0,2,0,2,6
TATCCATCTCGGTTAG-1,0,0,0,3,0,0,0,0,0,0,0,3
CTGGCTGGTTGTCAGT-1,0,0,0,3,0,0,0,0,0,0,0,3
CCATGTTCATCTATAT-1,0,0,0,1,0,0,0,0,0,0,0,1
AGATGATGGAGTCTGG-1,0,0,0,1,0,3,0,0,0,0,0,4
AGTCTCACAAGACTAC-1,0,0,0,4,2,0,0,0,0,0,0,6
GCGAAACTTAACTGGA-1,0,0,0,5,0,0,0,0,0,0,0,5
TATATCCCTGGGAGGA-1,0,0,0,4,0,0,1,0,0,0,0,5
GACTGCTGGTGAGAAA-1,0,0,0,3,0,0,0,0,0,0,0,3
CGGCCCAGGTATATCC-1,0,0,0,1,0,0,0,3,0,0,0,4
TCCAATAAAGGCTACC-1,0,0,0,4,0,0,0,0,0,2,0,6
GAGCGGAATGCGGTGT-1,0,0,0,1,5,0,0,0,0,0,0,6
CCAACTTGATAGATCC-1,0,0,0,2,0,0,0,0,3,0,0,5
GCACGCCTACTTAGAT-1,0,0,0,2,0,0,2,0,0,1,0,5
ATGGCGGAATAGTCGC-1,0,0,0,2,2,0,0,0,0,0,0,4
AGTCTTTAAAGTGTCC-1,0,0,0,4,0,0,0,0,1,0,0,5
ACTAGTTGCGATCGTC-1,0,0,0,1,0,0,0,0,0,3,2,6
CGAGACCCTAGAGTGT-1,0,0,0,1,0,2,2,0,0,0,0,5
GTCTTGAGGAGCAGTG-1,0,0,0,3,0,0,0,0,0,0,0,3
GGAAGGACACCGTATA-1,0,0,0,2,0,0,0,0,0,0,0,2
TGAGGAGTGCCAGCTT-1,0,0,0,4,0,1,0,0,0,0,0,5
GTCCATTACTGCTACG-1,0,0,0,1,0,0,0,0,0,0,3,4
GTTCGCCATAAGTGCC-1,0,0,0,2,0,0,0,0,0,0,0,2
TGCCAATGGGTACTCT-1,0,0,0,2,2,0,0,0,0,0,0,4
GAGCACGGCGCCTCTT-1,0,0,0,1,0,0,0,0,0,0,0,1
TTGGCGATCCGAATAT-1,0,0,0,3,0,0,0,0,0,0,0,3
CTATTCATGTGTCCCA-1,0,0,0,1,0,2,0,0,0,0,0,3
TGCGAGAATATTACCC-1,0,0,0,4,1,0,0,0,0,0,0,5
CCAATGTCACAGCAAG-1,0,0,0,4,0,0,0,0,0,0,0,4
TACGCCTCCATTCCGA-1,0,0,0,3,0,0,0,0,0,0,0,3
AGACCCACCGCTGATC-1,0,0,0,2,0,1,0,0,0,0,0,3
TGTCCGCAAACAATTC-1,0,0,0,1,1,0,0,0,0,0,0,2
GCAAACGTCGCCAGGT-1,0,0,0,5,0,0,0,0,0,0,0,5
CCGCCGTTGAGGATAA-1,0,0,0,2,0,0,0,0,4,0,0,6
CTAGCCGATGTTATGA-1,0,0,0,2,0,0,0,0,0,0,0,2
GCCTCCGACAATTCAC-1,0,0,0,5,0,0,0,0,0,0,0,5
CGTCACGTCCATTGGT-1,0,0,0,2,0,0,0,0,1,0,0,3
TCGGCGAACCCAAACC-1,0,0,0,2,0,0,3,0,0,0,1,6
AGTATACACAGCGACA-1,0,0,0,2,0,1,0,0,0,0,0,3
CAACGTGGTGGAGTCT-1,0,0,0,2,0,0,0,0,0,0,0,2
GCCACAATTTAAGGAC-1,0,0,0,2,0,0,4,0,0,0,0,6
TTATTATCTGGAAGGC-1,0,0,0,5,0,0,0,0,0,0,0,5
CCGTAGGAAATCCCTG-1,0,0,0,3,0,0,0,0,0,0,0,3
ATCTGACATGGAAGGA-1,0,0,0,2,0,1,0,0,3,0,0,6
TGGTCCCACGCTACGG-1,0,0,0,4,0,0,0,1,0,0,0,5
CTTGTCAACATTCGAG-1,0,0,0,3,0,0,0,0,0,0,0,3
ACAATTTGGCCATATT-1,0,0,0,1,0,0,0,0,0,2,0,3
CTAAAGGGAAATAGGA-1,0,0,0,4,0,0,0,0,0,0,0,4
ACGTATTACTCCGATC-1,0,0,0,4,0,0,0,2,0,0,0,6
TCACAGGAGAATAAGA-1,0,0,0,2,0,2,0,0,0,1,0,5
TTGGTTCGCTCAAAGG-1,0,0,0,3,0,0,0,0,0,0,0,3
ACTTCCATGCGGGACA-1,0,0,0,3,0,2,0,0,0,0,0,5
ATAAACGTTGCACCAC-1,0,0,0,4,0,0,0,0,0,0,0,4
AAGGTGATAAACCAGC-1,0,0,0,1,0,0,0,0,0,0,5,6
ACGGCCAACATGGACT-1,0,0,0,3,2,0,0,0,0,0,0,5
GGTGTTGGGCGTCTTA-1,0,0,0,1,0,0,0,2,0,0,0,3
GATAGGATTAATTACA-1,0,0,0,4,0,0,0,0,0,0,0,4
TCCGAATGGTCCTGAG-1,0,0,0,2,0,0,0,0,0,0,0,2
CTCTATTTGGCTGCAG-1,0,0,0,2,0,0,0,2,0,0,0,4
GACGGTCCTAGGGTGT-1,0,0,0,2,0,0,0,0,0,0,0,2
CGGAACGTAAACATAG-1,0,0,0,4,0,2,0,0,0,0,0,6
CCGGCACGACCGTTTC-1,0,0,0,3,0,0,0,0,0,0,0,3
TATCTACCACAGCGGG-1,0,0,0,3,0,0,1,0,0,1,0,5
GAGTAAACCGGAAAGT-1,0,0,0,2,3,0,0,0,0,0,0,5
ACCAACGCTTATTTAT-1,0,0,0,5,0,0,0,0,0,0,0,5
CTGGTTCGCGAGCTAC-1,0,0,0,1,0,0,0,0,0,0,0,1
CTTAGATGTTTCATCC-1,0,0,0,1,0,0,0,1,0,0,0,2
GTTAAGTTAGAGTGGG-1,0,0,0,1,0,2,0,0,0,0,0,3
CATTACATAGATTGTG-1,0,0,0,4,0,0,0,0,0,0,0,4
CTTACACGGTATTCCA-1,0,0,0,1,0,0,0,0,0,0,0,1
AATGTTGTCGTGAGAC-1,0,0,0,1,0,0,3,0,0,0,0,4
GAGTCCGCTTACCGGA-1,0,0,0,3,0,0,0,0,0,0,3,6
TTCAGTTCAAGAGGAG-1,0,0,0,1,0,1,0,0,0,0,0,2
GAACCCTCTGTGTTCT-1,0,0,0,3,0,0,0,0,0,0,0,3
GCGAGCGCATGCTCCC-1,0,0,0,4,0,0,0,2,0,0,0,6
GAATGTGGTCCGGATT-1,0,0,0,1,4,0,0,0,0,0,0,5
ACCTACAGTATGTGGT-1,0,0,0,1,0,2,0,0,0,0,0,3
AGGGAGACATACTTCG-1,0,0,0,4,0,0,0,0,0,0,0,4
ATCCCATCCACAGCGC-1,0,0,0,1,0,0,0,0,0,0,0,1
GTTAACTATGTTGTCA-1,0,0,0,2,0,0,0,0,0,0,3,5
TTGAGTCCCGCTGCTG-1,0,0,0,1,0,0,0,2,0,0,0,3
AGCCCGGTAGCCTGTA-1,0,0,0,4,0,0,0,0,0,0,0,4
GGGATGGTCGTAACCG-1,0,0,0,2,0,0,0,0,0,2,0,4
GGTTACCCGACACTTT-1,0,0,0,3,0,0,0,0,0,1,0,4
GTACGCTTCATTGCAC-1,0,0,0,2,0,0,0,0,0,3,0,5
GTCCAATATTTAGCCT-1,0,0,0,2,0,0,3,1,0,0,0,6
TCAACGCGACCGGCAG-1,0,0,0,1,0,0,0,0,0,0,0,1
TAGCTCGCCTGATAAC-1,0,0,0,2,0,3,0,0,0,0,0,5
CACTCCTATGTAAGAT-1,0,0,0,2,0,4,0,0,0,0,0,6
CTAGGTCTGAAGGAAT-1,0,0,0,1,0,2,0,0,0,0,0,3
CCAGATGTAAATGGGT-1,0,0,0,2,0,0,0,0,1,0,0,3
ATTTCCGGGTTCTGCG-1,0,0,0,2,0,1,1,0,0,2,0,6
GACCTTCCACGTCTAC-1,0,0,0,1,0,2,0,0,0,1,2,6
CAGAGGCGATGCATGA-1,0,0,0,2,0,0,0,0,0,0,0,2
TGATTCCCGGTTACCT-1,0,0,0,2,0,0,0,0,0,0,0,2
CCTTCGTATAGAATCC-1,0,0,0,1,0,0,0,0,0,2,0,3
AATAATCTTCGTATCG-1,0,0,0,3,0,0,0,0,0,0,0,3
CCGAACCTTCCCGGCC-1,0,0,0,2,0,1,0,0,0,0,0,3
CTCGTTACGGCTACCA-1,0,0,0,2,0,0,0,0,0,0,1,3
TACGCCATATTCTAAT-1,0,0,0,3,0,2,0,0,0,0,0,5
ATTCGCAGAGGACACT-1,0,0,0,2,0,0,0,0,0,0,0,2
CCGTTCCGAATCTCGG-1,0,0,0,2,0,0,0,0,0,0,0,2
ATATGGGATAGCAACT-1,0,0,0,3,0,0,0,0,0,0,0,3
GCCGGTCGTATCTCTC-1,0,0,0,1,0,0,0,1,0,0,0,2
GACACTGGAACCCGAT-1,0,0,0,2,1,0,0,0,0,0,0,3
TGCGACACCCTAGTGC-1,0,0,0,1,0,0,0,0,0,2,0,3
TCCTAAATTGGGAAGC-1,0,0,0,1,0,2,0,0,0,0,0,3
ATCCAGAGCAACAACC-1,0,0,0,1,0,0,0,0,3,0,0,4
GTTTGACCAAATCCTA-1,0,0,0,1,0,0,0,0,0,0,0,1
GTTCGGAGCACTCAAC-1,0,0,0,1,0,0,0,0,0,0,0,1
TACGACGCTTGCTGCG-1,0,0,0,2,0,0,3,0,0,0,0,5
TCTTAGAGCTCCAATT-1,0,0,0,1,0,2,0,0,0,0,0,3
TGATTCGTCTATCACT-1,0,0,0,1,0,0,0,0,0,2,0,3
AACACACGCTCGCCGC-1,0,0,0,1,0,2,0,2,0,0,0,5
GGACTCTTCCGGTTGA-1,0,0,0,1,0,1,0,0,0,1,0,3
ACGCAAACTAATAGAT-1,0,0,0,1,0,3,1,0,0,0,0,5
TCATCGACGACCGTCG-1,0,0,0,2,0,0,0,0,0,0,0,2
GTGAGGACACTTAAGG-1,0,0,0,1,0,2,1,0,0,0,0,4
CCGAGAAGTCGCATAA-1,0,0,0,1,0,0,0,0,4,0,0,5
ACTGTCCAGGATTATA-1,0,0,0,1,0,0,0,0,0,0,0,1
GATCGCGGGCTCTCCA-1,0,0,0,1,0,0,0,2,0,0,0,3
ACCGATATTTAATCAT-1,0,0,0,1,0,0,0,3,0,0,0,4
AAACTCGGTTCGCAAT-1,0,0,0,0,3,0,0,0,3,0,0,6
GCCGGGTTAGGGTCGC-1,0,0,0,0,5,0,0,0,0,0,0,5
GAAGGCTACCATTGTT-1,0,0,0,0,2,3,0,0,0,0,0,5
CGAATGAAGTCATTGC-1,0,0,0,0,2,0,0,0,0,0,0,2
TCGTTAGGAGTCCCTA-1,0,0,0,0,3,0,0,0,0,0,0,3
CTGGGATAAATAATGG-1,0,0,0,0,4,0,0,0,0,0,0,4
CTGGTAAAGACTTACA-1,0,0,0,0,1,0,0,0,0,0,0,1
TTGACTATTGTCCGGC-1,0,0,0,0,6,0,0,0,2,0,0,8
CGGGCAGCTAAACCGC-1,0,0,0,0,1,0,0,0,0,0,0,1
TGAGCGGAAAGTGTTC-1,0,0,0,0,3,0,0,0,0,0,0,3
TCCCTAGATCAATAGG-1,0,0,0,0,5,0,0,0,0,0,0,5
ATCTGGGCTGTTCTTG-1,0,0,0,0,2,0,0,0,0,0,0,2
GGTCTTGAGCGCTCTT-1,0,0,0,0,2,0,0,3,0,0,0,5
CGTGACCAGTCCTCTG-1,0,0,0,0,4,0,0,0,0,2,0,6
GTCTCAAGGCCCGGCT-1,0,0,0,0,5,0,1,0,0,0,0,6
TTACTCCGGCCGGGAA-1,0,0,0,0,3,0,0,3,0,0,0,6
GGCCTGCTCTGATGTT-1,0,0,0,0,2,0,0,0,0,1,0,3
CTTGAGTTAGGGTAAT-1,0,0,0,0,3,0,4,0,0,0,0,7
TTATCCGGGATCTATA-1,0,0,0,0,5,0,0,0,0,0,0,5
CCTTGACCACTTTATT-1,0,0,0,0,2,0,0,0,0,0,0,2
GCTCCATGAGTGCAGA-1,0,0,0,0,1,0,0,0,0,0,0,1
CACCCTAACAAGATCT-1,0,0,0,0,3,0,0,3,0,0,0,6
TCTGGCCGTTCAAGTT-1,0,0,0,0,3,0,0,0,0,0,0,3
ATGGGTGTATACCTCC-1,0,0,0,0,5,0,0,1,0,0,0,6
CTTGGCCAAGCTGGGA-1,0,0,0,0,3,0,0,0,0,0,0,3
AGTTCCTATTTATGTT-1,0,0,0,0,4,0,0,0,0,0,1,5
GGTTTAATTGAGCAGG-1,0,0,0,0,3,0,0,0,0,0,0,3
GTTCGGATCGGGAACA-1,0,0,0,0,6,0,0,0,0,0,0,6
GTGTGAATAACTTAGG-1,0,0,0,0,3,0,0,0,0,0,1,4
ATATCTTAGGGCCTTC-1,0,0,0,0,4,0,0,0,1,0,0,5
GTTCATCGTTTGGCTG-1,0,0,0,0,3,0,0,0,0,0,0,3
TCTCCCTGGGCAGCGT-1,0,0,0,0,2,2,0,0,0,0,0,4
CTGTCAAATGGCTCGG-1,0,0,0,0,2,0,0,0,0,0,0,2
AGATACCGGTGTTCAC-1,0,0,0,0,3,0,0,3,0,0,0,6
CCACCAACTTTACTGT-1,0,0,0,0,1,5,0,0,0,0,0,6
GTAACTGCCCAAGGAG-1,0,0,0,0,3,1,1,1,0,0,0,6
TCTTTAAGACTATGAA-1,0,0,0,0,2,0,0,0,4,0,0,6
CGTAGAGAGTAATTAT-1,0,0,0,0,3,0,0,0,2,0,0,5
TCATTTAAGTCTCCGA-1,0,0,0,0,4,0,0,0,1,0,0,5
CGACAATTTGATCTAA-1,0,0,0,0,3,0,0,0,0,0,3,6
AGATACCAATAGAACC-1,0,0,0,0,5,0,0,0,0,0,0,5
CAACCAGTGGCCTACC-1,0,0,0,0,3,0,0,0,1,0,0,4
AGAGGCTTCGGAAACC-1,0,0,0,0,3,0,1,0,0,3,0,7
CAAGGATCGCATGTTC-1,0,0,0,0,3,0,1,0,0,0,0,4
TGGTTCAACGGGTAAT-1,0,0,0,0,4,0,3,0,0,0,0,7
ACAAGGAAATCCGCCC-1,0,0,0,0,4,0,1,0,0,0,1,6
TTAAACTCGAATTCAT-1,0,0,0,0,5,0,0,2,0,0,0,7
TGTCCACGGCTCAACT-1,0,0,0,0,4,0,0,0,0,0,0,4
TGGGCAATAGTTGGGT-1,0,0,0,0,4,0,0,0,3,0,0,7
ACTACAAAGAGAGGTG-1,0,0,0,0,7,0,0,0,0,0,1,8
CTGGGTAGGCAGTTAA-1,0,0,0,0,4,0,2,0,0,0,0,6
AGGGCTGCAGTTACAG-1,0,0,0,0,4,2,0,0,0,0,0,6
TCTCTCGCCGCACATA-1,0,0,0,0,4,0,1,0,1,2,0,8
GAACCTTTAACGATCC-1,0,0,0,0,2,0,0,5,0,0,0,7
TACTACGTGCAATGCG-1,0,0,0,0,6,0,0,0,0,0,0,6
CTGCCATGCATCACAT-1,0,0,0,0,5,0,0,0,0,0,0,5
AAGACTGCAAGCTACT-1,0,0,0,0,3,0,0,3,0,0,0,6
CGGTTGACCTGGCATA-1,0,0,0,0,4,0,0,1,0,0,0,5
GGGTCACCGTGACGGT-1,0,0,0,0,7,0,0,0,0,0,0,7
GTGACGAGGGTGACCC-1,0,0,0,0,3,0,0,0,0,0,0,3
GTGACGCAGGTTTCAT-1,0,0,0,0,2,0,0,4,0,0,0,6
AAATTGATAGTCCTTT-1,0,0,0,0,2,0,6,0,1,0,0,9
ACCATCGTATATGGTA-1,0,0,0,0,2,0,0,4,0,0,0,6
GGCCGTTTGGGTTTCA-1,0,0,0,0,2,0,2,2,0,1,0,7
AGTTAAACACTTGCGA-1,0,0,0,0,8,0,0,0,0,0,0,8
TCAGTGTATACGTCAT-1,0,0,0,0,6,0,0,2,0,0,0,8
CGATCCGACCCAGTGC-1,0,0,0,0,5,0,0,0,0,0,0,5
GCAGCACACAGCCCAG-1,0,0,0,0,2,0,0,3,0,0,0,5
GATGTTCAATCCACGA-1,0,0,0,0,5,1,0,0,0,0,0,6
ACTCCAATATCATCAT-1,0,0,0,0,4,0,0,0,3,0,0,7
AGTCAACACCACCATC-1,0,0,0,0,3,0,0,3,0,0,0,6
GGGAACGGGAGGTTAG-1,0,0,0,0,1,0,7,0,0,0,0,8
CGGGAATTTATGTAAA-1,0,0,0,0,5,0,0,0,0,0,0,5
ACAAATCGCACCGAAT-1,0,0,0,0,2,0,0,0,4,0,0,6
CCCGTAGCTGGGAAGA-1,0,0,0,0,2,0,3,1,0,0,0,6
AGGGACCGGCTGCGTT-1,0,0,0,0,2,2,0,0,0,0,0,4
TGCAGAGTACCGAGCA-1,0,0,0,0,2,0,0,3,2,0,0,7
AATAGAACAGAGTGGC-1,0,0,0,0,3,3,0,0,0,0,0,6
AAATTACCTATCGATG-1,0,0,0,0,3,0,0,0,0,0,0,3
TCCGGCCTAGCGTACA-1,0,0,0,0,1,5,0,0,0,0,0,6
GTGATCAAGCGTGCAC-1,0,0,0,0,5,0,0,0,0,0,0,5
AAAGTTGACTCCCGTA-1,0,0,0,0,6,0,0,0,0,0,0,6
AACTCTCAGTGTGCTC-1,0,0,0,0,2,0,1,0,0,3,0,6
ACTTGTGGATGGAACG-1,0,0,0,0,5,0,0,0,0,0,0,5
GCATGAGGGACGCGGC-1,0,0,0,0,2,3,0,0,1,0,0,6
ACACTGGGACAGTCGT-1,0,0,0,0,2,0,4,0,0,0,0,6
ATAACGTTACCTCCAC-1,0,0,0,0,2,0,0,0,0,0,0,2
GCAAGTGTAAAGCATG-1,0,0,0,0,1,0,0,1,1,0,2,5
TACGTTTACCGGCAAT-1,0,0,0,0,4,0,0,3,0,0,0,7
TACCTCAGTTGTCTGT-1,0,0,0,0,3,0,0,0,2,0,0,5
TAGGCGATGAGGTCTC-1,0,0,0,0,2,0,0,0,0,3,0,5
TTACATGCCACAACTA-1,0,0,0,0,3,0,0,0,3,0,0,6
TAATAGCTAAATGATG-1,0,0,0,0,3,0,1,0,0,0,0,4
ACTACATCCCGACAAG-1,0,0,0,0,1,0,0,0,4,0,0,5
CCCAATTTCACAACTT-1,0,0,0,0,9,0,0,0,0,0,0,9
CATTATCCCATTAACG-1,0,0,0,0,4,0,0,0,0,0,0,4
TATTCGTGCCAGAATA-1,0,0,0,0,3,0,0,0,3,0,0,6
GGACTCACAAATTAGG-1,0,0,0,0,5,0,2,0,0,0,0,7
ATGACTATGCGACATT-1,0,0,0,0,3,1,0,2,0,0,0,6
TCCTTACGACGGTCCG-1,0,0,0,0,2,0,0,3,0,0,0,5
GTGTCGTATAGCGTTC-1,0,0,0,0,3,0,0,0,1,0,0,4
GCCACTCAGAGCGCGA-1,0,0,0,0,1,0,0,0,0,0,7,8
AGTCGTGGGCATTACG-1,0,0,0,0,1,0,3,0,0,0,3,7
GAGTGCACGGACAACA-1,0,0,0,0,5,0,0,1,0,0,0,6
ATTATTATGTCCGTCA-1,0,0,0,0,2,0,0,4,0,0,0,6
TATACACAGACGCCTT-1,0,0,0,0,4,0,0,0,0,0,0,4
GTAATAAAGGGCTCCC-1,0,0,0,0,3,0,0,0,0,2,0,5
ATCGCTGCGTGCAGCA-1,0,0,0,0,3,0,0,0,0,0,0,3
AGTGAACAAACTTCTC-1,0,0,0,0,5,0,0,0,0,0,0,5
CCTATGGTCAAAGCTG-1,0,0,0,0,4,0,0,0,0,0,0,4
CATGCGACCAGTTTAA-1,0,0,0,0,4,0,0,2,0,0,0,6
GATACGATGGGAGTCA-1,0,0,0,0,4,0,0,0,0,0,0,4
AAGTTCGGCCAACAGG-1,0,0,0,0,2,0,0,2,3,0,0,7
AGTTTGCACCTGCCTC-1,0,0,0,0,2,3,0,0,1,0,0,6
CATGGGTATGCCTTAT-1,0,0,0,0,4,0,0,3,0,0,0,7
AGTACAGAAGCTTATA-1,0,0,0,0,4,0,1,0,0,0,0,5
TCAACATAGCGCCCTA-1,0,0,0,0,2,0,1,0,0,3,0,6
AACGGCCATCTCCGGT-1,0,0,0,0,4,0,0,2,0,0,0,6
CTGGCGCACAGGTCTG-1,0,0,0,0,6,0,1,0,0,0,0,7
CTTGCCCAGGCTCTAC-1,0,0,0,0,3,0,0,0,0,2,0,5
TTGACTACCATATGGT-1,0,0,0,0,3,0,3,0,1,0,0,7
TGTATGGCGCAGACAG-1,0,0,0,0,1,0,0,0,4,0,0,5
GATCGCTACCCGATTT-1,0,0,0,0,1,0,0,5,0,0,0,6
GGTTTCAATCGGTCAG-1,0,0,0,0,2,2,2,0,0,0,0,6
ACGATGCATATGTTAT-1,0,0,0,0,4,0,0,0,0,0,0,4
AAGTGTTTGGAGACGG-1,0,0,0,0,5,0,1,0,0,0,0,6
GCCATCGATGCTGCAT-1,0,0,0,0,4,0,0,0,0,0,0,4
GAAACCTATACAAATG-1,0,0,0,0,3,1,0,0,0,0,0,4
TTACGGATGGTTCGAG-1,0,0,0,0,3,2,0,0,0,0,0,5
ACCGGGCCTTTGTTGA-1,0,0,0,0,5,0,0,1,0,0,0,6
GCTCAATCCGTTTATT-1,0,0,0,0,4,0,3,0,0,0,0,7
CACTCAAGAGCTATGG-1,0,0,0,0,4,0,0,3,0,0,0,7
CTAAAGAATGCCTACT-1,0,0,0,0,4,0,0,3,3,0,0,10
TGACCAAATCTTAAAC-1,0,0,0,0,2,0,0,0,0,0,0,2
AAAGTGTGATTTATCT-1,0,0,0,0,2,0,6,0,0,0,0,8
GGTGAAGTACAGGGAT-1,0,0,0,0,1,0,0,1,0,4,0,6
TCTAGGTGGCGACGCT-1,0,0,0,0,1,0,0,0,0,4,0,5
TTCGCGCGCCATACGA-1,0,0,0,0,1,2,0,0,0,0,4,7
TTCTGCTAGACTCCAA-1,0,0,0,0,2,0,0,0,1,0,0,3
CGTTGTCGGCAATTGA-1,0,0,0,0,5,0,0,0,0,0,0,5
AAGTTCACTCCAAGCT-1,0,0,0,0,5,0,0,0,0,0,0,5
GCGGTTCCCTATCATG-1,0,0,0,0,4,0,0,0,0,0,0,4
GTGGTTTCCGCCTTTC-1,0,0,0,0,4,0,0,0,0,0,3,7
TGTGCCGGTGCCGGAA-1,0,0,0,0,1,0,0,5,0,0,0,6
ACACATTTCCGTAGAC-1,0,0,0,0,4,0,0,0,0,0,0,4
GGTCGGTCGTCCACAG-1,0,0,0,0,2,3,0,0,0,0,0,5
ATATCAACCTACAGAG-1,0,0,0,0,2,0,0,0,0,0,3,5
CTCTTCTGGAAGTTAG-1,0,0,0,0,4,0,0,0,0,0,2,6
GAGCATCAACAACTTG-1,0,0,0,0,7,0,0,1,0,0,0,8
ACGTTCGTTCAGGAAA-1,0,0,0,0,4,0,2,0,0,1,0,7
TATGATCTTCTCTTTA-1,0,0,0,0,3,2,0,0,0,0,0,5
GTGGACCAACCCGATT-1,0,0,0,0,3,1,2,0,0,0,0,6
CCCTTTAATGGAGTTC-1,0,0,0,0,2,0,0,3,0,0,0,5
CGTTTCGCTCATTACA-1,0,0,0,0,4,0,0,0,0,0,0,4
AGTACTCTTATGCCCA-1,0,0,0,0,7,0,0,0,0,0,0,7
TATGGCTAGGCTAATT-1,0,0,0,0,3,0,0,0,0,0,0,3
CTAGTAGAAAGGGATT-1,0,0,0,0,2,0,0,3,0,0,0,5
TGGCAGATTACGATCA-1,0,0,0,0,2,2,1,0,0,0,0,5
GAGCGCGCACGAGTAG-1,0,0,0,0,3,2,0,0,0,0,0,5
GGATGAAGATCGCTGA-1,0,0,0,0,4,0,0,0,1,0,0,5
GGCCCAGCTGGTTTGC-1,0,0,0,0,4,0,0,2,0,0,0,6
CCATTCCCTGCCCACA-1,0,0,0,0,5,0,0,0,0,0,0,5
CGCCGCCCATGCCTGT-1,0,0,0,0,3,0,0,1,0,0,0,4
GCGAGGCCCGAGCAGA-1,0,0,0,0,3,1,0,0,0,0,0,4
ATCCAGGATTCGTGAA-1,0,0,0,0,3,0,0,4,0,0,0,7
GCCGATTGGCCAAGCT-1,0,0,0,0,4,0,0,0,2,0,0,6
TCTGATGTATTCTGTC-1,0,0,0,0,3,0,0,2,1,0,0,6
AAGTGAGTCGGGTTTA-1,0,0,0,0,3,0,0,0,0,0,3,6
GCCGTCGGTTTCGGGC-1,0,0,0,0,2,0,0,0,3,0,0,5
TGGTTTAAACGTGGGT-1,0,0,0,0,3,0,0,0,0,0,0,3
TAAGGGCCTGTCCGAT-1,0,0,0,0,1,0,0,5,0,0,0,6
GACACTGAGTTCAGTG-1,0,0,0,0,2,0,0,0,0,0,0,2
CATACTATGTAATTGT-1,0,0,0,0,6,0,0,0,0,0,0,6
GATCTTTGCAGGGTAT-1,0,0,0,0,2,0,0,4,1,0,0,7
CCGCGGAATGCGTCAC-1,0,0,0,0,2,0,3,2,0,0,0,7
AGGGACTCTACGCGAC-1,0,0,0,0,2,1,0,0,0,0,0,3
TGTCGTTATCACATAT-1,0,0,0,0,2,0,0,0,4,0,0,6
CTTTAGGAACACTGTT-1,0,0,0,0,4,0,2,0,0,0,0,6
CTCTACATCCTGCGTG-1,0,0,0,0,2,0,0,0,0,1,0,3
AACATTGTGACTCGAG-1,0,0,0,0,2,0,0,2,0,0,0,4
AGTTGACGGTCCTTGC-1,0,0,0,0,1,0,0,3,0,0,0,4
CGTGGCCGAATATCTA-1,0,0,0,0,6,0,0,0,0,0,0,6
ATACCTAACCAAGAAA-1,0,0,0,0,4,0,0,0,0,0,0,4
GCTACTATAGTAGAGT-1,0,0,0,0,4,0,5,0,0,0,0,9
AAGCTAGATCGAGTAA-1,0,0,0,0,2,2,0,0,0,0,0,4
ACGTTCGCAATCAATT-1,0,0,0,0,2,0,0,0,0,0,0,2
GGCATTGAACATCTCA-1,0,0,0,0,3,0,0,0,0,0,0,3
ATCAGACGGCACGCCG-1,0,0,0,0,3,1,0,0,0,0,0,4
ATGGGCCTCGGCCTCT-1,0,0,0,0,1,0,5,0,0,0,0,6
TTGGGACGTAAGAGTT-1,0,0,0,0,3,1,0,0,0,0,0,4
GAGATCTTCCATGACA-1,0,0,0,0,6,0,0,0,0,0,0,6
GCTGGCGGCGCATGCT-1,0,0,0,0,1,1,0,0,0,0,4,6
TTGATGCCGCTCGTCG-1,0,0,0,0,1,0,0,3,0,0,0,4
TGGAGAATAATCGTCC-1,0,0,0,0,3,0,0,0,2,0,0,5
GACGTTCGTAAATACA-1,0,0,0,0,3,0,0,0,3,0,0,6
CCACCCAAGGAAAGTG-1,0,0,0,0,2,0,0,4,0,0,0,6
CGTGGTACCCAAAGGC-1,0,0,0,0,1,2,0,0,0,0,0,3
AAATAGGGTGCTATTG-1,0,0,0,0,2,0,5,0,0,0,0,7
GGGAGTTAATGAGGCG-1,0,0,0,0,2,0,0,4,0,0,0,6
TTCAGCTGGCGTGCCC-1,0,0,0,0,3,0,0,1,2,0,0,6
TCGCCGACATATTCGC-1,0,0,0,0,2,0,0,0,0,0,0,2
AGCATATCAATATGCT-1,0,0,0,0,3,0,2,2,0,0,0,7
CTAGATGTGAGTGTAA-1,0,0,0,0,1,1,0,0,1,0,0,3
CTAGTGAAGGACAGGA-1,0,0,0,0,5,0,0,0,0,0,0,5
CGGCAATAAGATCGCC-1,0,0,0,0,2,0,0,2,0,0,0,4
AGACGCCCACTTCGCC-1,0,0,0,0,1,0,0,0,0,3,0,4
TAGCTAGTGATGATGG-1,0,0,0,0,2,0,0,5,0,0,0,7
CCGCTTACCTCACTCT-1,0,0,0,0,3,0,0,1,0,0,0,4
TCACGTGCCCGATTCA-1,0,0,0,0,1,0,5,0,0,0,0,6
TAACTATTACGCCAAA-1,0,0,0,0,1,0,0,6,0,0,0,7
GCATTGTAATTCATAT-1,0,0,0,0,3,0,0,0,2,0,0,5
TCAGAACGGCGGTAAT-1,0,0,0,0,1,0,0,0,2,0,0,3
CGTTCAAGGAAACGGA-1,0,0,0,0,1,0,0,4,0,0,0,5
TCAGACGCTATAGAAG-1,0,0,0,0,1,0,0,1,0,2,0,4
CATACGGCGTCTGGGC-1,0,0,0,0,2,0,3,0,0,0,0,5
ATCAGCCTCATGCTGC-1,0,0,0,0,1,5,0,0,0,0,0,6
CGTGCTTCTACCTAAA-1,0,0,0,0,3,0,0,3,2,0,0,8
AGTTTGGCACGGGTTG-1,0,0,0,0,1,0,1,2,1,0,0,5
TGAGTGCCTCTTAAAT-1,0,0,0,0,1,0,5,0,0,0,0,6
TGGGCAGGCCACCGCA-1,0,0,0,0,1,0,5,0,0,0,0,6
ATGACTATCAGCTGTG-1,0,0,0,0,1,0,0,2,0,0,4,7
CTCCGCCCACATGAGG-1,0,0,0,0,2,0,0,3,0,0,0,5
CGGTCAGTCCATATTT-1,0,0,0,0,1,0,0,0,0,0,0,1
GGCTCCTCCACCTGTT-1,0,0,0,0,2,0,0,1,1,0,0,4
TCTTAGAGTGAACTCT-1,0,0,0,0,2,1,0,0,0,0,0,3
TCTTCGCGGTGAGAGG-1,0,0,0,0,2,0,0,2,0,0,0,4
GTGACCTAAAGAATAA-1,0,0,0,0,1,0,0,4,0,0,0,5
AGCTGTAACCTCAATC-1,0,0,0,0,1,0,0,0,0,1,4,6
GTCTATTGCATGCTCG-1,0,0,0,0,1,0,0,0,0,0,0,1
GGTGGACTGCTCTGGC-1,0,0,0,0,2,0,0,2,0,0,0,4
AAATGATTCGATCAGC-1,0,0,0,0,2,0,0,0,0,0,0,2
GGTGTAAATCGATTGT-1,0,0,0,0,1,0,0,4,0,0,0,5
TCAGCCAATCCGTAAA-1,0,0,0,0,1,0,0,3,0,0,0,4
ATGTGGACATCTTGAT-1,0,0,0,0,1,0,0,5,0,0,0,6
TTGAAGGATGGGCGCC-1,0,0,0,0,1,0,0,2,0,0,0,3
GCGACATGTAAACATC-1,0,0,0,0,2,0,0,3,1,0,0,6
CGGGCGATGGATCACG-1,0,0,0,0,1,0,0,3,3,0,0,7
TGAGTAAATTAGCGTA-1,0,0,0,0,1,0,6,0,0,0,0,7
TACGTGGGCCCAGGGC-1,0,0,0,0,0,4,0,0,0,0,0,4
ATCTTATCGCACACCC-1,0,0,0,0,0,2,0,0,0,0,0,2
GGTTCTACTCGTCTGA-1,0,0,0,0,0,4,0,0,0,0,0,4
TCTTTAGCAGGCGAAC-1,0,0,0,0,0,4,0,0,0,0,0,4
AGGAGGCCTTCGCGCG-1,0,0,0,0,0,1,0,0,0,0,5,6
GACCGACGTGAAAGCA-1,0,0,0,0,0,5,0,0,0,0,0,5
GTCTCCGCCTCAATAC-1,0,0,0,0,0,3,0,0,0,0,0,3
CGCCGTCTACCCATCG-1,0,0,0,0,0,3,0,0,0,0,0,3
TAACAGCGTTTGTGCT-1,0,0,0,0,0,3,0,1,0,0,0,4
AGCGCTAGAGCGATGT-1,0,0,0,0,0,3,0,0,0,0,0,3
ACTCTCTGACTTAGGT-1,0,0,0,0,0,5,0,0,0,0,0,5
ATAATCTTGGAGAACC-1,0,0,0,0,0,2,0,0,1,0,1,4
TCCTAACCGTCGGGCA-1,0,0,0,0,0,5,0,0,0,0,0,5
GTAGACACGCCTGACT-1,0,0,0,0,0,3,0,0,0,0,0,3
CACCGTATCCCATCCG-1,0,0,0,0,0,3,0,0,0,0,0,3
ACATCGATCGTTTACC-1,0,0,0,0,0,2,0,0,0,0,3,5
TCTGCCAGAAACTGCA-1,0,0,0,0,0,3,2,0,0,0,0,5
ATATAAATGTAGCTGC-1,0,0,0,0,0,5,0,0,0,0,0,5
TCTTCCCATGGGCACA-1,0,0,0,0,0,5,0,0,0,0,2,7
CCATTTCTACCTATTA-1,0,0,0,0,0,3,0,0,0,0,0,3
TCGTCAAGTACGCGCA-1,0,0,0,0,0,1,6,0,0,0,0,7
GGATCTTACTGCCCTT-1,0,0,0,0,0,5,0,0,1,0,0,6
ACACCTTACTACTTGC-1,0,0,0,0,0,2,0,0,0,0,0,2
ATGCACGCGCTGTTCA-1,0,0,0,0,0,3,0,0,0,1,0,4
CTCGCTAGGTAAGCGA-1,0,0,0,0,0,2,0,0,0,0,0,2
ACATTAGTTTATATCC-1,0,0,0,0,0,4,0,0,0,0,0,4
ACTTACGCATCCACGC-1,0,0,0,0,0,4,0,0,0,0,0,4
AATTAAAGGTCGGCGT-1,0,0,0,0,0,3,0,0,0,1,0,4
AGCCCTCCCTGGTGGC-1,0,0,0,0,0,3,0,0,0,0,0,3
GATTCGACGGTTCACG-1,0,0,0,0,0,3,0,0,0,0,0,3
CGGTATGGGCACTCTG-1,0,0,0,0,0,3,0,0,0,0,0,3
GTGGTTACTTCTTTCG-1,0,0,0,0,0,4,0,0,0,0,1,5
CTAAATCCGGTGTACA-1,0,0,0,0,0,2,0,2,2,0,0,6
CGGTCCGTCGCAAGCC-1,0,0,0,0,0,2,2,1,0,0,0,5
AGAGCCGCCGAGATTT-1,0,0,0,0,0,2,4,0,0,0,0,6
TCTGGGAACCTTTGAA-1,0,0,0,0,0,3,0,0,0,0,2,5
GGATTAATCATGGACC-1,0,0,0,0,0,3,0,0,0,0,3,6
CTAGATTTACGACGGC-1,0,0,0,0,0,4,0,0,0,0,0,4
GTGCGAAATCGAACAC-1,0,0,0,0,0,3,0,2,0,1,0,6
ACCGAGTCTCCTTATT-1,0,0,0,0,0,3,2,0,0,0,0,5
CACCTTGGCGCCTTTG-1,0,0,0,0,0,2,4,0,0,0,0,6
TCAGAACCTCCACAGG-1,0,0,0,0,0,2,0,0,0,0,0,2
GTTAGCCCATGACATC-1,0,0,0,0,0,2,0,0,0,0,0,2
TACTTAAACATGTACA-1,0,0,0,0,0,2,0,0,0,0,0,2
AGAGTATAGTGTTACG-1,0,0,0,0,0,3,0,0,0,0,1,4
AATCTGCGTTGGGACG-1,0,0,0,0,0,1,2,0,0,0,3,6
ACTCCCTAATGCTAAA-1,0,0,0,0,0,4,0,0,0,0,0,4
GAGTCAGACCAGAATC-1,0,0,0,0,0,3,0,0,0,0,0,3
TCCACATCGTATATTG-1,0,0,0,0,0,4,0,0,0,0,0,4
GTACGTTTGCCCGTCA-1,0,0,0,0,0,3,0,0,0,0,0,3
CCGGAAGTTATCAGTC-1,0,0,0,0,0,3,0,0,0,0,0,3
CCTCTGTACTATTCTA-1,0,0,0,0,0,3,0,0,1,0,0,4
AACCTTTAAATACGGT-1,0,0,0,0,0,4,0,1,0,0,0,5
ATCAAACGAAGGTTTG-1,0,0,0,0,0,3,4,0,0,0,0,7
CTGTTGTTCAGTCGTA-1,0,0,0,0,0,2,0,0,0,0,0,2
TCGACAACTGAACCCG-1,0,0,0,0,0,5,0,0,0,0,0,5
ATACTACCCGTACCAC-1,0,0,0,0,0,2,0,4,0,0,0,6
GTGCGACAGGGAGTGT-1,0,0,0,0,0,2,2,0,0,0,0,4
AAATCTAGCCCTGCTA-1,0,0,0,0,0,1,0,0,0,4,0,5
TGAGAGATTTACCACG-1,0,0,0,0,0,2,0,0,5,0,0,7
CACGCGGAACTGTTGC-1,0,0,0,0,0,2,0,0,0,0,0,2
GGGTTAACATTTGAGT-1,0,0,0,0,0,3,0,0,0,0,0,3
TACTCGTTTGAATCAA-1,0,0,0,0,0,3,0,0,0,0,0,3
TCCAGGCAGGACGATC-1,0,0,0,0,0,2,0,3,0,0,0,5
TACGCCGCCTCAGAAG-1,0,0,0,0,0,2,0,0,0,0,0,2
ACTTATTTATGTGCCA-1,0,0,0,0,0,1,0,0,5,0,0,6
ACGGCACTTGCTTGGG-1,0,0,0,0,0,3,0,0,0,0,0,3
ATTCGTGCTATCTCTT-1,0,0,0,0,0,2,2,0,1,0,0,5
ACGCATACGTTTACTA-1,0,0,0,0,0,4,0,0,0,0,0,4
ATCTGCACCTCTGCGA-1,0,0,0,0,0,4,0,0,1,0,0,5
GAGCACCTGTGTCCAG-1,0,0,0,0,0,3,0,0,0,2,0,5
AAGGATCGATCGCTTG-1,0,0,0,0,0,3,0,0,0,0,0,3
TATTACCATCCTGCTT-1,0,0,0,0,0,4,0,0,0,0,2,6
ACCGCGGTGGAAGTCG-1,0,0,0,0,0,2,0,0,0,0,0,2
CTACCCTAAGGTCATA-1,0,0,0,0,0,6,0,0,0,0,0,6
AGCCACAGGTTACCCG-1,0,0,0,0,0,2,0,0,1,0,0,3
TCTACCCAATAGAGAG-1,0,0,0,0,0,3,0,0,0,0,2,5
AGCACTACCTCACCAG-1,0,0,0,0,0,4,0,0,0,1,0,5
TTACTAAAGGACTTTA-1,0,0,0,0,0,2,0,1,0,0,3,6
ACTATCCAGGGCATGG-1,0,0,0,0,0,2,0,4,0,0,0,6
GGTCTCCGTCCAGGTT-1,0,0,0,0,0,4,0,0,0,0,1,5
GCGGGCAGACGGGTGA-1,0,0,0,0,0,3,0,0,0,0,0,3
GCCTACGTTCTGTGCA-1,0,0,0,0,0,3,0,0,0,0,0,3
ACGACTCTAGGGCCGA-1,0,0,0,0,0,3,0,0,0,0,0,3
GATGCCTTCTGCGGCA-1,0,0,0,0,0,4,0,0,0,0,0,4
ATCAAGATCCCAGGAC-1,0,0,0,0,0,4,0,0,0,0,0,4
CTCGCATTGCATAGCC-1,0,0,0,0,0,2,0,0,0,2,0,4
GCGCGTCATTGGTACA-1,0,0,0,0,0,5,0,0,0,0,0,5
GAGCGCAAATACTCCG-1,0,0,0,0,0,4,0,0,0,0,0,4
ACAAATGGTAGTGTTT-1,0,0,0,0,0,2,0,0,1,0,4,7
CAATGTGCCAACCCTT-1,0,0,0,0,0,2,0,0,0,0,0,2
TACTATGGTTCCTCAG-1,0,0,0,0,0,2,1,0,0,1,0,4
CATGACTTCGCTGAAT-1,0,0,0,0,0,3,0,0,0,0,0,3
GATAGTGCGAGTAAGT-1,0,0,0,0,0,2,2,0,1,0,0,5
ATATAAAGCGCTCGTG-1,0,0,0,0,0,1,0,4,0,0,0,5
TCCGACCGCTAATCAA-1,0,0,0,0,0,5,1,0,0,0,0,6
CACAGGGCCATATAGT-1,0,0,0,0,0,3,0,0,0,0,0,3
CGCGACCGCGACAGAT-1,0,0,0,0,0,1,4,0,0,0,0,5
GTAATCTGATTCTTCG-1,0,0,0,0,0,1,6,0,0,0,0,7
TCTTCTATAACCCGCC-1,0,0,0,0,0,2,0,0,0,0,3,5
TTGGTATGGCTTGTGT-1,0,0,0,0,0,2,0,0,0,0,0,2
TGTATACGGATGATGA-1,0,0,0,0,0,3,0,0,0,0,0,3
TACGGAAGCCAAACCA-1,0,0,0,0,0,3,0,0,0,0,0,3
GAAGCCTGCACATTCC-1,0,0,0,0,0,4,0,0,2,0,0,6
ATTATTCAGAGTCACT-1,0,0,0,0,0,2,0,0,0,0,0,2
CGTGCCCTCCCGAAGA-1,0,0,0,0,0,3,0,0,0,1,1,5
GAGCTCAACATGAGCG-1,0,0,0,0,0,1,0,0,2,0,0,3
TACGGCATGGACGCTA-1,0,0,0,0,0,1,0,0,0,0,0,1
TGAATGAGTGTTTCCC-1,0,0,0,0,0,2,2,0,1,0,0,5
CATGAGATGCACTCTC-1,0,0,0,0,0,3,0,0,0,0,0,3
AGGCGATAACTGGCGT-1,0,0,0,0,0,1,0,0,0,2,3,6
CGTTGAGCGACCGTCG-1,0,0,0,0,0,3,0,0,0,0,0,3
ACATCCCGGCCATACG-1,0,0,0,0,0,3,0,0,0,0,0,3
CCGGAGCGTACTTTCT-1,0,0,0,0,0,3,0,0,0,0,0,3
ACCTCCGCCCTCGCTG-1,0,0,0,0,0,2,0,0,0,0,0,2
ATCTGCTGTTATCGCC-1,0,0,0,0,0,1,1,0,0,0,0,2
TCAAGCGCGGACGGTA-1,0,0,0,0,0,3,0,0,1,0,3,7
CGGCAAACATCGTGCG-1,0,0,0,0,0,1,0,0,3,0,0,4
GTCAACCAGGCCTATA-1,0,0,0,0,0,2,0,0,0,0,1,3
ACAGGCTTGCCCGACT-1,0,0,0,0,0,3,0,0,0,0,3,6
ACGTTCTGTACAAGTC-1,0,0,0,0,0,3,0,0,1,0,2,6
AAATACCTATAAGCAT-1,0,0,0,0,0,1,0,2,3,0,0,6
ATTACCACACTGCCTG-1,0,0,0,0,0,2,0,0,2,0,0,4
CTGCACCTAGTCCACA-1,0,0,0,0,0,3,0,0,0,0,0,3
GGTACTAAGTGCTTTG-1,0,0,0,0,0,3,0,0,0,0,0,3
TTAAGATAGGATTGAC-1,0,0,0,0,0,1,0,0,0,0,5,6
CTAGGCGCCCTATCAG-1,0,0,0,0,0,3,0,0,0,0,0,3
GAATCTGAACATTCTC-1,0,0,0,0,0,5,0,0,0,0,1,6
CCGCTCTTCCGAACTA-1,0,0,0,0,0,2,0,0,0,0,0,2
GTCGTACCATCTCGGG-1,0,0,0,0,0,1,0,1,3,0,0,5
TTAAGTATTGTTATCC-1,0,0,0,0,0,2,0,0,0,1,0,3
GATATGAGACACTAAC-1,0,0,0,0,0,1,4,1,0,0,0,6
TATCACCCAACCGACC-1,0,0,0,0,0,2,0,0,4,0,0,6
TTGAAGAATTCCCAGG-1,0,0,0,0,0,1,0,0,0,0,0,1
GTGTTACTATGCGTCC-1,0,0,0,0,0,4,0,0,0,0,0,4
ACCCGGAGCACCACAA-1,0,0,0,0,0,3,0,0,0,0,0,3
GTGATCACTAACGCCT-1,0,0,0,0,0,1,3,0,2,0,0,6
GGTTTAGCCTTTCTTG-1,0,0,0,0,0,1,0,0,0,4,0,5
CCAGCCTGGACCAATA-1,0,0,0,0,0,5,0,0,0,0,0,5
AATCATGTAAAGACTC-1,0,0,0,0,0,4,0,0,0,0,0,4
CTATATCCAGCCTGGC-1,0,0,0,0,0,3,0,0,0,0,0,3
CTTAGGTATAGACCAG-1,0,0,0,0,0,1,0,0,0,0,0,1
CCGTGAGGCATTCATG-1,0,0,0,0,0,2,0,0,0,0,0,2
GCCAGGAAAGAACACT-1,0,0,0,0,0,1,0,0,0,1,0,2
AAACCCGAACGAAATC-1,0,0,0,0,0,1,4,0,1,0,0,6
TATGATCCGGCACGCC-1,0,0,0,0,0,1,0,0,0,1,0,2
TCCCGCCTATGTGCGT-1,0,0,0,0,0,1,0,0,0,0,0,1
TTCTGCCGCGCCTAGA-1,0,0,0,0,0,1,0,2,0,0,0,3
CAAACCCTCCGGCGGG-1,0,0,0,0,0,3,0,0,0,0,0,3
ACCCGATTGGTTCCGA-1,0,0,0,0,0,1,0,0,5,0,0,6
TTGCTGATCATGTTCG-1,0,0,0,0,0,1,0,0,0,0,0,1
AGCCATATAGTATGTG-1,0,0,0,0,0,1,0,0,0,0,1,2
TAGTACCACAACTTTC-1,0,0,0,0,0,1,0,0,0,2,0,3
AGGCCACATTGGTTAC-1,0,0,0,0,0,1,0,0,0,0,0,1
GTTGAACCGGTTCCAT-1,0,0,0,0,0,1,0,4,0,0,0,5
ACCTACTATAAATCTA-1,0,0,0,0,0,2,0,0,0,0,0,2
CCGCTCCAGGGCGATC-1,0,0,0,0,0,1,0,0,0,0,0,1
ACCCGAGCGAAATTAC-1,0,0,0,0,0,0,3,0,3,0,0,6
ACATCCTGGTAACTGT-1,0,0,0,0,0,0,6,0,0,0,0,6
TTGAATATGGACTTTC-1,0,0,0,0,0,0,7,1,0,0,0,8
TCATCGATGGTCCCAA-1,0,0,0,0,0,0,8,0,0,0,0,8
AATATCGAATCAATGC-1,0,0,0,0,0,0,6,0,0,1,0,7
AATTCGATTCGAGGAT-1,0,0,0,0,0,0,2,0,0,3,0,5
TGGAAGAAGGGAACGT-1,0,0,0,0,0,0,1,6,0,0,0,7
ATAAGTTACCGCGACG-1,0,0,0,0,0,0,5,0,0,0,0,5
CGGAGCAATTTAATCG-1,0,0,0,0,0,0,4,0,0,0,0,4
CCTACATTCACAGACG-1,0,0,0,0,0,0,2,3,1,0,0,6
CGCGGCTCAACTTGAA-1,0,0,0,0,0,0,5,0,0,0,0,5
AGAAGGTTGCCGAATT-1,0,0,0,0,0,0,2,0,0,0,5,7
GAGGGTAGTAACAAAG-1,0,0,0,0,0,0,8,0,0,0,0,8
CCAACCTTATGTAACT-1,0,0,0,0,0,0,3,1,0,3,0,7
CATACGAACTAGCTGG-1,0,0,0,0,0,0,3,0,0,0,4,7
GCACACACTGGTAGCC-1,0,0,0,0,0,0,8,0,0,0,0,8
AGTCACTAGCTCTCGA-1,0,0,0,0,0,0,7,0,0,0,1,8
CCTAACCCAAACAAGT-1,0,0,0,0,0,0,5,0,0,3,0,8
AGACGAAGTGCCGGTC-1,0,0,0,0,0,0,7,0,0,0,0,7
TCGCCGAAGTTGCGTC-1,0,0,0,0,0,0,4,0,0,0,2,6
CGGTGCAGATAGAACG-1,0,0,0,0,0,0,7,0,0,0,0,7
TCTCGAGGAGGTTCGC-1,0,0,0,0,0,0,2,0,0,0,0,2
CGTAACTTCGACACTT-1,0,0,0,0,0,0,7,0,0,0,0,7
TAAGGCTGAATCCCTC-1,0,0,0,0,0,0,2,0,0,0,4,6
CGCAGGCGATCCAAAC-1,0,0,0,0,0,0,3,2,2,0,0,7
ATCAAACACTGTTCCA-1,0,0,0,0,0,0,1,1,1,0,4,7
GTCCGGGTTCACATTA-1,0,0,0,0,0,0,5,0,1,0,0,6
GTAGAGGGAGACAAGT-1,0,0,0,0,0,0,7,0,0,0,1,8
AACGCGACCTTGGGCG-1,0,0,0,0,0,0,5,1,0,0,0,6
CAATACGAGAGTCTGA-1,0,0,0,0,0,0,1,3,0,0,0,4
CTCCCAATGAGTCGCG-1,0,0,0,0,0,0,1,0,0,3,0,4
AGTCGACGGTCTCAAG-1,0,0,0,0,0,0,5,0,0,0,2,7
AGGGTGCCGTTCTTTA-1,0,0,0,0,0,0,8,0,0,0,0,8
CTATTTGCTTGGAGGA-1,0,0,0,0,0,0,4,0,0,0,0,4
CCGCACTTGCAATGAC-1,0,0,0,0,0,0,2,0,0,0,0,2
GCGACGATAGTTGTAC-1,0,0,0,0,0,0,3,2,0,0,0,5
CTATAGGCGTTGATGT-1,0,0,0,0,0,0,8,0,0,0,0,8
TGGGCCCATACTAATT-1,0,0,0,0,0,0,5,0,1,0,0,6
CATCATTACCCTGAGG-1,0,0,0,0,0,0,5,0,0,0,0,5
TGGCAGCAGTAATAGT-1,0,0,0,0,0,0,6,0,0,0,0,6
TGATGGCTGTTTCTGA-1,0,0,0,0,0,0,4,0,0,0,0,4
TAAGTTGCGACGTAGG-1,0,0,0,0,0,0,8,0,0,0,0,8
TCAAATTGTTGTGCCG-1,0,0,0,0,0,0,6,0,3,0,0,9
TACCTCCACACCAATG-1,0,0,0,0,0,0,8,0,0,0,0,8
TCGAGCCAGGCAGGCC-1,0,0,0,0,0,0,7,0,1,0,0,8
GATTGCTCCAGTTGCA-1,0,0,0,0,0,0,2,5,1,0,0,8
AGCCCGGCATTAGAGG-1,0,0,0,0,0,0,9,0,0,0,0,9
CTCAAACCACTGCCCG-1,0,0,0,0,0,0,8,0,0,0,0,8
GAGTGTGCGGTACCCA-1,0,0,0,0,0,0,5,0,0,1,0,6
GGTTAGCTATATGTCT-1,0,0,0,0,0,0,8,0,0,0,0,8
GCCGCTTGTGAGAAAC-1,0,0,0,0,0,0,9,0,0,0,0,9
TGCTAAGTGTCTATTT-1,0,0,0,0,0,0,7,0,0,0,0,7
AAGATGGCACCGGACC-1,0,0,0,0,0,0,8,0,0,0,0,8
AGCTAACAAGCAATGT-1,0,0,0,0,0,0,8,0,0,0,0,8
TAGTCTAACAACGAGA-1,0,0,0,0,0,0,9,0,0,0,0,9
GTCCTACGAATAGTCT-1,0,0,0,0,0,0,7,0,0,0,1,8
GCGGCTCTGACGTACC-1,0,0,0,0,0,0,8,0,0,0,0,8
CGAAACGCAATTCATG-1,0,0,0,0,0,0,8,0,0,0,0,8
GTAGTCGCGGGAATCA-1,0,0,0,0,0,0,8,0,0,0,0,8
GTATCAAACGTTAGCT-1,0,0,0,0,0,0,9,0,0,0,0,9
GGATGTCCTTACCGCA-1,0,0,0,0,0,0,6,0,0,0,0,6
TTGAACGACGTGCTGA-1,0,0,0,0,0,0,7,0,0,0,2,9
ATCTACCATCTGCTCC-1,0,0,0,0,0,0,7,0,0,0,0,7
ACGGACTCTCAAAGCG-1,0,0,0,0,0,0,3,0,0,0,4,7
GCTGGTTTAGGCCATA-1,0,0,0,0,0,0,1,0,9,0,0,10
TGGCAAACTAAATTAC-1,0,0,0,0,0,0,2,0,0,0,5,7
ACTTATACTTACCCGG-1,0,0,0,0,0,0,7,0,0,0,0,7
TTCTAGAAAGTCTTAT-1,0,0,0,0,0,0,8,0,0,0,0,8
CCTCGGACCGGGATAG-1,0,0,0,0,0,0,7,0,0,0,0,7
GTGCCATCACACGGTG-1,0,0,0,0,0,0,3,0,0,0,3,6
TGCTTCCCAAGCAGTA-1,0,0,0,0,0,0,5,0,0,0,0,5
CTGTGGTCGGGAGATA-1,0,0,0,0,0,0,5,0,0,0,3,8
TTGCATGCTGATCACG-1,0,0,0,0,0,0,4,2,0,0,0,6
AACGATAATGCCGTAG-1,0,0,0,0,0,0,7,0,0,0,0,7
GGCGAAATCTAACTTG-1,0,0,0,0,0,0,3,2,2,0,0,7
TCGAATATCCCGCAGG-1,0,0,0,0,0,0,7,0,0,0,0,7
ATAGCAACTAGGGAAG-1,0,0,0,0,0,0,8,0,0,0,0,8
TCTGAAGCACGTGGTC-1,0,0,0,0,0,0,4,0,0,0,3,7
GGACTCGACAGCGCAT-1,0,0,0,0,0,0,1,0,7,0,0,8
ACCAGTGCGGGAGACG-1,0,0,0,0,0,0,6,0,0,0,1,7
AGCCCGCAACAAGCAG-1,0,0,0,0,0,0,1,3,4,0,0,8
GCTAACTGAAGTCTGA-1,0,0,0,0,0,0,2,2,2,0,0,6
GAGGTACGCGTGTCCC-1,0,0,0,0,0,0,4,2,0,0,0,6
ACGTTAGATTTGCCCG-1,0,0,0,0,0,0,6,0,0,0,1,7
ATTCAACCATTTAAGG-1,0,0,0,0,0,0,6,0,0,0,2,8
ATACGTCCACTCCTGT-1,0,0,0,0,0,0,5,0,0,1,1,7
CTTTGCTGTCATGGAT-1,0,0,0,0,0,0,5,0,0,0,0,5
TAATAGAACAGAGTTA-1,0,0,0,0,0,0,3,3,2,0,0,8
AGTCAAATGATGTGAT-1,0,0,0,0,0,0,4,2,0,0,1,7
GATTACTGAATTTGGG-1,0,0,0,0,0,0,7,0,0,0,0,7
GCCGACCCACGACTGC-1,0,0,0,0,0,0,8,0,0,0,0,8
CGGGAGCTTCAGTGTA-1,0,0,0,0,0,0,5,0,0,2,0,7
TACCGGTCGTTTCCAT-1,0,0,0,0,0,0,7,0,0,0,0,7
GTGACCGCACACTACG-1,0,0,0,0,0,0,2,0,0,2,0,4
CATCGGACGGGTTAAT-1,0,0,0,0,0,0,4,0,0,2,0,6
ATTAAACATGCGGACC-1,0,0,0,0,0,0,6,0,0,0,0,6
GTGGTGGCCAAGTGAA-1,0,0,0,0,0,0,6,0,0,0,0,6
ATGTAGCGCGCGTAGG-1,0,0,0,0,0,0,6,0,0,0,0,6
TCTCATGAGATAGGGT-1,0,0,0,0,0,0,3,1,0,1,1,6
ACATCGGTCAGCCGCG-1,0,0,0,0,0,0,4,0,0,0,3,7
ATACGCCGGCGAAACC-1,0,0,0,0,0,0,6,0,0,0,0,6
AACAATACATTGTCGA-1,0,0,0,0,0,0,9,0,0,0,0,9
GCTATACGTCTCGGAC-1,0,0,0,0,0,0,1,6,0,0,0,7
ACCACGTGCAGCTATA-1,0,0,0,0,0,0,2,0,0,2,3,7
AAGTCAATTGTCGTCA-1,0,0,0,0,0,0,5,0,0,0,2,7
TTGATTAGCTGTTTCT-1,0,0,0,0,0,0,4,0,0,1,1,6
GAACGATAAGTTAAAG-1,0,0,0,0,0,0,4,0,0,0,0,4
TTGAGAGTACTGCTAA-1,0,0,0,0,0,0,2,0,0,0,5,7
TCAACTGCAGAGTCAG-1,0,0,0,0,0,0,4,0,0,0,3,7
ATAATAGCTGTTGAAT-1,0,0,0,0,0,0,7,0,0,0,0,7
GGGCGGGTTCCCTACG-1,0,0,0,0,0,0,4,0,0,2,0,6
ATGACGCGTTCTATCC-1,0,0,0,0,0,0,2,0,0,0,4,6
CTCACACGCAAGCCTA-1,0,0,0,0,0,0,2,0,0,0,0,2
AGAGTAAACTTCACTA-1,0,0,0,0,0,0,1,1,6,0,0,8
CTCTTCTATTGACTGG-1,0,0,0,0,0,0,1,0,4,0,0,5
AGCTCTAGACGTTCCA-1,0,0,0,0,0,0,1,5,0,0,0,6
ACGCGCTACACAGGGT-1,0,0,0,0,0,0,1,6,0,0,0,7
TCCAACTTTAAATTCT-1,0,0,0,0,0,0,0,3,3,0,0,6
AAAGGCTACGGACCAT-1,0,0,0,0,0,0,0,4,0,0,0,4
TTAGGTCATAACCGAC-1,0,0,0,0,0,0,0,2,5,0,0,7
CGAGTGAAGGTACCAG-1,0,0,0,0,0,0,0,5,2,0,0,7
ATGCCATTTGCGACCA-1,0,0,0,0,0,0,0,7,0,0,0,7
CTACTCAAGGTATAGT-1,0,0,0,0,0,0,0,6,0,1,0,7
GCAACAGCAGTATGCG-1,0,0,0,0,0,0,0,3,4,0,0,7
GTGCCCGTTCGGATTC-1,0,0,0,0,0,0,0,6,0,0,0,6
GATTAACCGAAAGCCC-1,0,0,0,0,0,0,0,9,0,0,0,9
GTCCGGACCTGAAATT-1,0,0,0,0,0,0,0,5,1,0,0,6
CGAGGGACTGCGGTCG-1,0,0,0,0,0,0,0,3,4,0,0,7
GAATAGTGCTCGATTA-1,0,0,0,0,0,0,0,6,3,0,0,9
CTACGACTAGCTATAA-1,0,0,0,0,0,0,0,4,0,0,0,4
TACACCTCTTCGAATC-1,0,0,0,0,0,0,0,5,0,0,2,7
AGCAAAGGCCGCTAGT-1,0,0,0,0,0,0,0,4,0,0,0,4
GACAAACATATGCAGG-1,0,0,0,0,0,0,0,3,4,0,0,7
TACCAATAAAGTACCA-1,0,0,0,0,0,0,0,6,0,0,0,6
AGAAGGTACACTTCAC-1,0,0,0,0,0,0,0,3,4,0,0,7
GGCCGAGACTCTGGTG-1,0,0,0,0,0,0,0,4,0,0,0,4
ACAATGAATACGGAGA-1,0,0,0,0,0,0,0,3,6,0,0,9
CAGGCGCCATGCTAGG-1,0,0,0,0,0,0,0,6,0,0,0,6
GCGTAAATGGCCATAA-1,0,0,0,0,0,0,0,5,0,0,0,5
TCAACGAGGAGACAAA-1,0,0,0,0,0,0,0,4,2,0,0,6
CTCACTGTGATACTTA-1,0,0,0,0,0,0,0,3,1,0,0,4
GGGTACTTCATGAACT-1,0,0,0,0,0,0,0,5,1,0,0,6
CTGGGCCTGCTATATC-1,0,0,0,0,0,0,0,5,2,0,0,7
GCTTAATGTAACTAAC-1,0,0,0,0,0,0,0,6,1,0,0,7
GAAATTGTCTCTATAA-1,0,0,0,0,0,0,0,8,0,0,0,8
TGAGTTAAAGACATTC-1,0,0,0,0,0,0,0,3,1,0,2,6
TCTTTCCTTCGAGATA-1,0,0,0,0,0,0,0,4,0,0,0,4
TTGAGAAGTTTAGCAT-1,0,0,0,0,0,0,0,4,3,0,0,7
CTGGTGAATGGGCCTA-1,0,0,0,0,0,0,0,5,0,0,0,5
TAGTCTTTCCGAATTG-1,0,0,0,0,0,0,0,3,2,0,0,5
TTAAAGGCGATGCTCG-1,0,0,0,0,0,0,0,4,0,0,0,4
AGCTCTTTACTCAGTT-1,0,0,0,0,0,0,0,6,0,0,0,6
AGTCGTCGACCACCAA-1,0,0,0,0,0,0,0,2,5,0,0,7
GATAGAACCCGCTAGG-1,0,0,0,0,0,0,0,2,0,0,0,2
AAACGAGACGGTTGAT-1,0,0,0,0,0,0,0,4,4,0,0,8
CCCAGGAAGAATTCGA-1,0,0,0,0,0,0,0,2,0,0,0,2
GATCCTAAATCGGGAC-1,0,0,0,0,0,0,0,3,0,0,0,3
ACAATAGTCGTACGTT-1,0,0,0,0,0,0,0,3,0,0,0,3
GACACTTCCAATTACC-1,0,0,0,0,0,0,0,2,0,0,0,2
TCACCCTCTTAAGATT-1,0,0,0,0,0,0,0,5,0,0,0,5
AGGCCTATCATACCAA-1,0,0,0,0,0,0,0,5,0,0,0,5
CGCTTTCCGCCAAGGT-1,0,0,0,0,0,0,0,2,0,0,0,2
GCCCGCGCGTAAACGG-1,0,0,0,0,0,0,0,2,4,0,0,6
GCACTGCCTACCTTTA-1,0,0,0,0,0,0,0,4,2,0,0,6
ACTTCAGGCTGATCCC-1,0,0,0,0,0,0,0,5,0,0,0,5
AGGCTTCCCGAAGAAG-1,0,0,0,0,0,0,0,3,3,0,0,6
AGCAACATATCTTATT-1,0,0,0,0,0,0,0,5,1,0,0,6
ATATTCCACATAGTGA-1,0,0,0,0,0,0,0,6,0,0,0,6
TGGTTAAGGGCGCTGG-1,0,0,0,0,0,0,0,2,2,0,0,4
TAAATTTAGTAACACC-1,0,0,0,0,0,0,0,2,4,0,0,6
AATCGCCTCAGCGCCA-1,0,0,0,0,0,0,0,6,0,0,0,6
AAATGACTGATCAAAC-1,0,0,0,0,0,0,0,3,0,0,0,3
TTGACCAGGAACAACT-1,0,0,0,0,0,0,0,6,0,0,0,6
ATATACGCTCGTGACG-1,0,0,0,0,0,0,0,2,0,0,0,2
GAAGTCTCCCTAGCGA-1,0,0,0,0,0,0,0,4,0,0,0,4
ACCTAAGTACCTTTCA-1,0,0,0,0,0,0,0,7,0,0,0,7
AAGTGCCTTGACTGTA-1,0,0,0,0,0,0,0,2,2,0,2,6
AGTGATTCAAGCAGGA-1,0,0,0,0,0,0,0,4,0,0,0,4
GAAGTTTCCACTCAAT-1,0,0,0,0,0,0,0,6,0,0,0,6
ATCATAGCCCTATGTA-1,0,0,0,0,0,0,0,4,0,0,0,4
TTCGCACTGTACGACA-1,0,0,0,0,0,0,0,1,0,5,0,6
GGGACCCGTATATCTT-1,0,0,0,0,0,0,0,4,0,0,0,4
CGATTCGCCTGGCTGC-1,0,0,0,0,0,0,0,2,0,0,4,6
CGTCGCTTGGTTATAC-1,0,0,0,0,0,0,0,1,4,0,0,5
GCGTCGCCAGGGTGAT-1,0,0,0,0,0,0,0,2,0,0,0,2
ATGGCAGCATTACGAT-1,0,0,0,0,0,0,0,5,0,0,0,5
GAGTATGCCCGCCTTG-1,0,0,0,0,0,0,0,4,0,0,0,4
GTTCAGTCGCCAAATG-1,0,0,0,0,0,0,0,1,4,0,0,5
GATAGGTGTCCCGGGC-1,0,0,0,0,0,0,0,4,0,0,0,4
CTTCGATTGCGCAAGC-1,0,0,0,0,0,0,0,4,0,0,0,4
GGCCCGGAGCATGTCT-1,0,0,0,0,0,0,0,2,0,0,0,2
CGGAGCATGGCGATCC-1,0,0,0,0,0,0,0,1,2,1,0,4
AACTACCCGTTTGTCA-1,0,0,0,0,0,0,0,4,4,0,0,8
CTGGTTTCGAGCAAGA-1,0,0,0,0,0,0,0,3,2,0,0,5
GCGTGGTACTGGGTTA-1,0,0,0,0,0,0,0,5,0,0,0,5
TCGAAGAACCGAGCAC-1,0,0,0,0,0,0,0,2,3,0,0,5
GATTGGGAAAGGTTGT-1,0,0,0,0,0,0,0,4,0,0,0,4
GGCAGCAAACCTATGC-1,0,0,0,0,0,0,0,5,0,0,0,5
TAGCGTCCGGTGTGGT-1,0,0,0,0,0,0,0,4,0,0,1,5
CGATAGTCGTACTGCA-1,0,0,0,0,0,0,0,4,0,0,0,4
GTACAGAGGCAAGGGT-1,0,0,0,0,0,0,0,4,0,0,0,4
AATAACACTAGAACAA-1,0,0,0,0,0,0,0,4,0,1,0,5
CACTCTCAAGCATCGA-1,0,0,0,0,0,0,0,2,0,3,0,5
AACCGCTAAGGGATGC-1,0,0,0,0,0,0,0,2,5,0,0,7
ACGGGCGTATGCGACA-1,0,0,0,0,0,0,0,1,3,0,0,4
TCAAGAAATACTAGCT-1,0,0,0,0,0,0,0,3,4,0,0,7
CGGCGCCATCAATCCC-1,0,0,0,0,0,0,0,6,0,0,0,6
GGTGCATAAATGATTA-1,0,0,0,0,0,0,0,3,5,0,0,8
CACATGATTCAGCAAC-1,0,0,0,0,0,0,0,5,0,0,0,5
TAGACGAAACGCCAAT-1,0,0,0,0,0,0,0,5,0,1,0,6
GAGGAATATCTCTTTG-1,0,0,0,0,0,0,0,2,2,0,0,4
GTTGAGTCCCGCCGGT-1,0,0,0,0,0,0,0,5,1,0,0,6
AGGATATCCGACTGCA-1,0,0,0,0,0,0,0,2,0,0,0,2
GGGCGTCACCACGTAA-1,0,0,0,0,0,0,0,5,0,0,0,5
GCAGGAACTTAGATCT-1,0,0,0,0,0,0,0,4,0,0,0,4
TCCGCGGCCCAATGAA-1,0,0,0,0,0,0,0,2,4,0,0,6
GACTCACCCACGTGAG-1,0,0,0,0,0,0,0,4,0,0,0,4
CCCTACTTGAACAATG-1,0,0,0,0,0,0,0,3,2,0,0,5
ACCGCAATAACTGCCT-1,0,0,0,0,0,0,0,2,4,0,0,6
TTCCTCGGACTAACCA-1,0,0,0,0,0,0,0,3,0,0,3,6
TAATCAACCAAATGGG-1,0,0,0,0,0,0,0,2,3,0,0,5
TGCCTTGGCCAGGCAA-1,0,0,0,0,0,0,0,4,0,0,0,4
CTCAGTCACGACAAAT-1,0,0,0,0,0,0,0,3,1,0,0,4
TACTGAACAGATTTAG-1,0,0,0,0,0,0,0,3,0,0,0,3
TAGTCTGCGGCACATT-1,0,0,0,0,0,0,0,1,0,0,0,1
TTACGTATCTATGACA-1,0,0,0,0,0,0,0,3,0,0,0,3
GCCGCACTCCGTTTCA-1,0,0,0,0,0,0,0,5,0,0,0,5
TTGGATATCGTCTACG-1,0,0,0,0,0,0,0,3,0,0,0,3
GCACAAACGAGGCGTG-1,0,0,0,0,0,0,0,2,4,0,0,6
GTTCTTGTAACTCAAT-1,0,0,0,0,0,0,0,1,4,0,0,5
GAAACCGAATTACCTT-1,0,0,0,0,0,0,0,1,7,0,0,8
CGACACGCTCCGACAG-1,0,0,0,0,0,0,0,5,0,2,0,7
TAGTAGCTTATACCAG-1,0,0,0,0,0,0,0,2,3,0,0,5
GATGCTGTATTTCATC-1,0,0,0,0,0,0,0,4,0,0,0,4
AAGAGGCATGGATCGC-1,0,0,0,0,0,0,0,3,4,0,0,7
ACGTAGGAGAGTCGCT-1,0,0,0,0,0,0,0,3,0,0,0,3
AAACTGCTGGCTCCAA-1,0,0,0,0,0,0,0,4,0,0,0,4
CCTGACCACCGATGGT-1,0,0,0,0,0,0,0,1,3,0,0,4
TAGACGCCCGTACCGG-1,0,0,0,0,0,0,0,3,5,0,0,8
TGTCATTTGTTGGGAA-1,0,0,0,0,0,0,0,3,0,0,0,3
GATGTCCGGATCACAT-1,0,0,0,0,0,0,0,2,1,0,0,3
AACGCTGTTGCTGAAA-1,0,0,0,0,0,0,0,1,0,4,0,5
ACGAGGTTTACAACGT-1,0,0,0,0,0,0,0,2,1,0,0,3
GTCGATAGGTGACTTT-1,0,0,0,0,0,0,0,4,0,0,0,4
TCGTTTACGCGACCCT-1,0,0,0,0,0,0,0,1,2,0,0,3
CATCCAATATAGTTTG-1,0,0,0,0,0,0,0,2,0,2,0,4
ACTATTTCCGGGCCCA-1,0,0,0,0,0,0,0,1,5,0,0,6
CCTGGTCGAATGTGGG-1,0,0,0,0,0,0,0,4,0,0,0,4
TGGTGCCCTGCCTTAC-1,0,0,0,0,0,0,0,2,0,0,0,2
CAGCGATTCCCTTCAA-1,0,0,0,0,0,0,0,2,0,0,5,7
GATCTCGACGCTGTGG-1,0,0,0,0,0,0,0,1,1,0,0,2
CTTCTGGGCGTACCTA-1,0,0,0,0,0,0,0,1,3,0,0,4
AACTAGGCTTGGGTGT-1,0,0,0,0,0,0,0,2,2,0,0,4
AGCGATGCGCCTAATA-1,0,0,0,0,0,0,0,0,3,0,0,3
AGTGAGTCGAATTAAC-1,0,0,0,0,0,0,0,0,4,0,0,4
AGGTTTCACACACCTT-1,0,0,0,0,0,0,0,0,5,0,0,5
CCTGTTCAACCTCGGG-1,0,0,0,0,0,0,0,0,5,0,0,5
GACTCTAGAGTTCCAA-1,0,0,0,0,0,0,0,0,4,0,0,4
CTAGCTTAATGGTCCC-1,0,0,0,0,0,0,0,0,3,0,0,3
CGAAGTTGCTCTGTGT-1,0,0,0,0,0,0,0,0,2,0,0,2
TCTGACTGTAATGGTT-1,0,0,0,0,0,0,0,0,1,0,0,1
GGTTACCACCCTCGGG-1,0,0,0,0,0,0,0,0,6,0,0,6
GTCTATACACGCATGG-1,0,0,0,0,0,0,0,0,2,0,0,2
TGCGTTTGTTGACACT-1,0,0,0,0,0,0,0,0,5,0,0,5
CACAGTTCGCTTCCCA-1,0,0,0,0,0,0,0,0,2,0,0,2
ACTTGTTACCGGATCA-1,0,0,0,0,0,0,0,0,2,0,0,2
AAGGGAACGACTGGCT-1,0,0,0,0,0,0,0,0,4,0,0,4
GGCTACTATACACTCC-1,0,0,0,0,0,0,0,0,4,0,0,4
CGAGATGTTGCCTATA-1,0,0,0,0,0,0,0,0,2,0,0,2
TATGAAGAATTAAGGT-1,0,0,0,0,0,0,0,0,4,0,0,4
GGTACGTTGCGGCCGG-1,0,0,0,0,0,0,0,0,1,0,0,1
CGGACCTTTACGTCCC-1,0,0,0,0,0,0,0,0,4,0,0,4
GCGCCTCCCACTCCGA-1,0,0,0,0,0,0,0,0,5,0,0,5
ACTTTACCCTCATGAA-1,0,0,0,0,0,0,0,0,3,0,0,3
TGCAAAGTTCGTCTGT-1,0,0,0,0,0,0,0,0,2,0,0,2
TCAACGCAGGAAATAA-1,0,0,0,0,0,0,0,0,9,0,0,9
GATCAACATAAAGGGA-1,0,0,0,0,0,0,0,0,8,0,0,8
CACGTTCGTGCTCTAG-1,0,0,0,0,0,0,0,0,7,0,0,7
GTCTCCTGCCAGTATG-1,0,0,0,0,0,0,0,0,8,0,0,8
TAATACTAGAACAGAC-1,0,0,0,0,0,0,0,0,9,0,0,9
TGACTCCGAATCATAC-1,0,0,0,0,0,0,0,0,7,0,0,7
TGCAACCCATCTGCGG-1,0,0,0,0,0,0,0,0,6,0,0,6
GAAGAAACGATATTGT-1,0,0,0,0,0,0,0,0,8,0,0,8
TTCCAATCTGGCTATC-1,0,0,0,0,0,0,0,0,6,0,0,6
CCGTTACGTTAGAACA-1,0,0,0,0,0,0,0,0,1,0,0,1
GGACACAAGTTTACAC-1,0,0,0,0,0,0,0,0,2,0,0,2
GTCTAGTGAGCCGCTT-1,0,0,0,0,0,0,0,0,4,0,0,4
TAACTCATCCGCGCGG-1,0,0,0,0,0,0,0,0,3,0,0,3
GCGGAGAAACTTCGCA-1,0,0,0,0,0,0,0,0,5,0,0,5
AACTCAAGTTAATTGC-1,0,0,0,0,0,0,0,0,7,0,0,7
TGCCGTGGGACCCAAT-1,0,0,0,0,0,0,0,0,3,0,0,3
ATTTGTCTTGGGAGCT-1,0,0,0,0,0,0,0,0,4,0,0,4
CGTGCACACCACTGTA-1,0,0,0,0,0,0,0,0,2,0,0,2
AACCCGCTGTATTCCA-1,0,0,0,0,0,0,0,0,4,0,0,4
GCGGCAAAGTATTGCC-1,0,0,0,0,0,0,0,0,3,0,0,3
CCTCACCTTAGCATCG-1,0,0,0,0,0,0,0,0,5,0,0,5
TCAAGGTTACTACACC-1,0,0,0,0,0,0,0,0,3,2,0,5
TCGGACGCCCAGCCCA-1,0,0,0,0,0,0,0,0,1,2,0,3
CACCCAAATCTTATGT-1,0,0,0,0,0,0,0,0,6,0,0,6
TCTCTTACCGCGAACC-1,0,0,0,0,0,0,0,0,4,0,0,4
CAAGTGTGGTTGCAAA-1,0,0,0,0,0,0,0,0,5,1,0,6
TACACAGCCGTGGTGC-1,0,0,0,0,0,0,0,0,5,0,0,5
ATGGTCGCGTGGTTTC-1,0,0,0,0,0,0,0,0,2,0,5,7
CTATTTGGTTACGGAT-1,0,0,0,0,0,0,0,0,7,0,0,7
CGATCCACCATTGTTG-1,0,0,0,0,0,0,0,0,3,0,0,3
TATATCAAAGTGATCT-1,0,0,0,0,0,0,0,0,3,0,0,3
CGGCTCTAAAGCTGCA-1,0,0,0,0,0,0,0,0,6,0,0,6
GTTCCCGTAAACATAT-1,0,0,0,0,0,0,0,0,3,0,0,3
GGGTCGTGGCAAGTGT-1,0,0,0,0,0,0,0,0,2,0,4,6
AAATTCCAGGTCCAAA-1,0,0,0,0,0,0,0,0,4,0,0,4
GACATCGATTTATAAC-1,0,0,0,0,0,0,0,0,4,0,0,4
GCGACGGTAGTCTCCT-1,0,0,0,0,0,0,0,0,1,0,0,1
GGGCAGAGCAATCGTT-1,0,0,0,0,0,0,0,0,3,0,0,3
TCGCTGCCAATGCTGT-1,0,0,0,0,0,0,0,0,5,0,0,5
GCAGCTGTCAACGCAT-1,0,0,0,0,0,0,0,0,7,0,0,7
TACGGGTAATAACATA-1,0,0,0,0,0,0,0,0,4,0,0,4
GGGAGCGACCGTAGTG-1,0,0,0,0,0,0,0,0,7,0,0,7
GGACTCGTGAGTGGTC-1,0,0,0,0,0,0,0,0,4,0,0,4
CGGTTCAAGTAGGTGT-1,0,0,0,0,0,0,0,0,2,0,0,2
TAGGTTCTGCTGAGAA-1,0,0,0,0,0,0,0,0,6,0,0,6
TGCCGAAAGCGTATTC-1,0,0,0,0,0,0,0,0,5,0,0,5
AACTCTCAATAGAGCG-1,0,0,0,0,0,0,0,0,2,3,0,5
ATGAGGGCAGCGGCTA-1,0,0,0,0,0,0,0,0,6,0,0,6
GTGATCATAGATCTGC-1,0,0,0,0,0,0,0,0,4,1,0,5
TAGGTGCTCGCCTAGC-1,0,0,0,0,0,0,0,0,5,0,0,5
TAGGTGTTCCACAGAT-1,0,0,0,0,0,0,0,0,5,0,0,5
AACCCGACAACCCGTG-1,0,0,0,0,0,0,0,0,7,0,0,7
GTGCTATCCAGCTGGA-1,0,0,0,0,0,0,0,0,1,0,0,1
TCCGGGCTTGACGGGA-1,0,0,0,0,0,0,0,0,1,0,0,1
GGACACCTCGGTGTTG-1,0,0,0,0,0,0,0,0,3,0,0,3
TAACAGGTTCCCTTAG-1,0,0,0,0,0,0,0,0,3,0,0,3
TTGACCGTGTTAATGA-1,0,0,0,0,0,0,0,0,7,0,0,7
TGGAACCACTGACACA-1,0,0,0,0,0,0,0,0,5,0,0,5
AGGCACGTGACTGTCC-1,0,0,0,0,0,0,0,0,5,0,0,5
CCACAGTACCCATCCT-1,0,0,0,0,0,0,0,0,7,0,0,7
ATGTTGATTAGAGACT-1,0,0,0,0,0,0,0,0,3,0,0,3
AAACGGTTGCGAACTG-1,0,0,0,0,0,0,0,0,3,0,0,3
AATGTGCTAATCTGAG-1,0,0,0,0,0,0,0,0,4,2,0,6
TGATACATTTAGCCGT-1,0,0,0,0,0,0,0,0,4,0,0,4
ACGAGTACGGATGCCC-1,0,0,0,0,0,0,0,0,6,0,0,6
GAGGGAGTCAGATCGC-1,0,0,0,0,0,0,0,0,3,0,0,3
CCCAGTTAAGGCGCCG-1,0,0,0,0,0,0,0,0,4,0,0,4
ATTTATACTGGTAAAG-1,0,0,0,0,0,0,0,0,2,0,0,2
ATCTCGTGAGCGAAAC-1,0,0,0,0,0,0,0,0,4,0,0,4
CTTAATCGACTTAGTA-1,0,0,0,0,0,0,0,0,2,0,0,2
TTGAAAGGTGTAAAGG-1,0,0,0,0,0,0,0,0,1,0,0,1
GGACCTCTAGGCCGCC-1,0,0,0,0,0,0,0,0,4,0,0,4
TGACATGTAACGTGAC-1,0,0,0,0,0,0,0,0,3,0,0,3
CGTTAAACTAGTTAGG-1,0,0,0,0,0,0,0,0,3,0,0,3
CTCGTCTGTGCCTTCG-1,0,0,0,0,0,0,0,0,1,0,4,5
GAAGGGTCATTAAGAC-1,0,0,0,0,0,0,0,0,1,0,2,3
GCTAGGCACCACGGAG-1,0,0,0,0,0,0,0,0,2,3,0,5
CAGCTCGACAAGTTAA-1,0,0,0,0,0,0,0,0,2,0,0,2
TCGCATAAAGGGCGCA-1,0,0,0,0,0,0,0,0,2,0,0,2
TTGTGTATGCCACCAA-1,0,0,0,0,0,0,0,0,2,0,0,2
TTATGCGTCCCGGTCC-1,0,0,0,0,0,0,0,0,1,0,0,1
TGAGCTCAACTGTATA-1,0,0,0,0,0,0,0,0,2,0,0,2
CCAATTGAATGTTAAT-1,0,0,0,0,0,0,0,0,1,0,0,1
TAAATTGTGGGTAAAG-1,0,0,0,0,0,0,0,0,1,0,0,1
GTTTCTAGAGGCGCGG-1,0,0,0,0,0,0,0,0,1,2,0,3
TAAGAGGGACAGGGAC-1,0,0,0,0,0,0,0,0,0,5,0,5
AGGACAGTCGAATCCC-1,0,0,0,0,0,0,0,0,0,3,3,6
ACTCAAGTGCAAGGCT-1,0,0,0,0,0,0,0,0,0,3,0,3
GCGAGAGGCCATGTAA-1,0,0,0,0,0,0,0,0,0,2,0,2
ACTTTGTCGACGCACT-1,0,0,0,0,0,0,0,0,0,2,0,2
ATATGTCTAGAGCGTG-1,0,0,0,0,0,0,0,0,0,2,0,2
CGTTCAGACCCGCGAA-1,0,0,0,0,0,0,0,0,0,3,0,3
TACAGAAACGGTGGGC-1,0,0,0,0,0,0,0,0,0,1,6,7
CCTCTACAAGGATTGG-1,0,0,0,0,0,0,0,0,0,2,0,2
TACTCTTTCGTCTTCA-1,0,0,0,0,0,0,0,0,0,5,0,5
CGGAAAGAATCAAACG-1,0,0,0,0,0,0,0,0,0,5,0,5
ACCCTCCCGTCAGGGC-1,0,0,0,0,0,0,0,0,0,3,0,3
TTCCACACAGATTTGA-1,0,0,0,0,0,0,0,0,0,6,0,6
GCGCTATGCCGAGGCA-1,0,0,0,0,0,0,0,0,0,3,0,3
CGGTGCGCGTTGGTCC-1,0,0,0,0,0,0,0,0,0,4,0,4
CACGTCAATCAATGGA-1,0,0,0,0,0,0,0,0,0,2,0,2
GGCCGGCGTCTGCTAT-1,0,0,0,0,0,0,0,0,0,3,0,3
TTCGGGTTGCCACGGG-1,0,0,0,0,0,0,0,0,0,4,0,4
CCAGGCTGGCGTCTGA-1,0,0,0,0,0,0,0,0,0,2,0,2
GGTACAAACATGCTAT-1,0,0,0,0,0,0,0,0,0,4,0,4
TGAGGTGTGTGGCGGA-1,0,0,0,0,0,0,0,0,0,3,0,3
CACAGAGACGAGGACG-1,0,0,0,0,0,0,0,0,0,6,0,6
GTGATTCGCCGCTCAA-1,0,0,0,0,0,0,0,0,0,3,0,3
ACCCGGTTACACTTCC-1,0,0,0,0,0,0,0,0,0,2,0,2
TTCTTGAGCCGCGCTA-1,0,0,0,0,0,0,0,0,0,3,0,3
CTGGTAAAGTGTGGGC-1,0,0,0,0,0,0,0,0,0,3,0,3
CGCTTGGACGGATAGA-1,0,0,0,0,0,0,0,0,0,4,0,4
ACCATATCCGCAATAA-1,0,0,0,0,0,0,0,0,0,5,0,5
TTCCATCGACAGCGTG-1,0,0,0,0,0,0,0,0,0,2,0,2
GGAGGGTCAAGTAAGA-1,0,0,0,0,0,0,0,0,0,2,0,2
AGTGCGTAGCTCGTAA-1,0,0,0,0,0,0,0,0,0,6,0,6
GACGGTCAATAGAAGC-1,0,0,0,0,0,0,0,0,0,2,0,2
TAGACTACCTAGCGTT-1,0,0,0,0,0,0,0,0,0,3,0,3
GCACAAACCCTAGATG-1,0,0,0,0,0,0,0,0,0,5,0,5
CGCGAAGTGGCATACT-1,0,0,0,0,0,0,0,0,0,1,6,7
GTCTGGGCGGTCGAGA-1,0,0,0,0,0,0,0,0,0,4,0,4
TGCGGACTTGACTCCG-1,0,0,0,0,0,0,0,0,0,3,0,3
TACCAGGAATCCCGTC-1,0,0,0,0,0,0,0,0,0,3,0,3
TAGAGGGAGTTTATCT-1,0,0,0,0,0,0,0,0,0,3,0,3
CTGCTCTGACGGCAAA-1,0,0,0,0,0,0,0,0,0,2,0,2
ACACCGGTCTGACCGC-1,0,0,0,0,0,0,0,0,0,2,0,2
CCTACTGCGGCGGCCA-1,0,0,0,0,0,0,0,0,0,3,0,3
ATCGTGGAAAGTCTGG-1,0,0,0,0,0,0,0,0,0,3,0,3
GTTAACATCACTTAAA-1,0,0,0,0,0,0,0,0,0,6,0,6
GTGGAGCATGTCGGCC-1,0,0,0,0,0,0,0,0,0,4,0,4
CACAATGAGCTGCTAT-1,0,0,0,0,0,0,0,0,0,2,0,2
TACCGCGGACTTGCAG-1,0,0,0,0,0,0,0,0,0,3,0,3
ATCCTACCTAAGCTCT-1,0,0,0,0,0,0,0,0,0,3,0,3
CTGCTGAGGCCACGAA-1,0,0,0,0,0,0,0,0,0,6,0,6
TCTGCTTAGAACAAGC-1,0,0,0,0,0,0,0,0,0,3,0,3
TCCCAGCACACGACAT-1,0,0,0,0,0,0,0,0,0,2,0,2
TGGGCGATACAATAAG-1,0,0,0,0,0,0,0,0,0,1,0,1
TGTTCCGGCCTGAGCT-1,0,0,0,0,0,0,0,0,0,4,0,4
TATGATTCTGCTTGGT-1,0,0,0,0,0,0,0,0,0,2,0,2
CCTTGTGAACGTGGTT-1,0,0,0,0,0,0,0,0,0,1,0,1
CCTGTTTGAAGACACG-1,0,0,0,0,0,0,0,0,0,7,0,7
AGTGATATGAGTAGTT-1,0,0,0,0,0,0,0,0,0,4,0,4
TTCACGAAAGGATCAC-1,0,0,0,0,0,0,0,0,0,2,0,2
CGCCGCGTTCTGAACG-1,0,0,0,0,0,0,0,0,0,2,0,2
AAACCGGAAATGTTAA-1,0,0,0,0,0,0,0,0,0,3,0,3
TATATAGGGCTTTACG-1,0,0,0,0,0,0,0,0,0,2,0,2
CCTATACCGTCCTGTC-1,0,0,0,0,0,0,0,0,0,3,0,3
ACAAACCATGCGTCCT-1,0,0,0,0,0,0,0,0,0,2,0,2
ACTTATTAGGATCGGT-1,0,0,0,0,0,0,0,0,0,2,0,2
CTTATAGATGGCTGTT-1,0,0,0,0,0,0,0,0,0,2,0,2
TCGAGACCAACACCGT-1,0,0,0,0,0,0,0,0,0,2,0,2
TCCTCGGGCTGGGCTT-1,0,0,0,0,0,0,0,0,0,4,0,4
AACCCATCCCATGATC-1,0,0,0,0,0,0,0,0,0,2,0,2
TAGTCCTGCACTAAGC-1,0,0,0,0,0,0,0,0,0,1,0,1
ATTGTTCAACGATCCG-1,0,0,0,0,0,0,0,0,0,3,0,3
AGCACACGTTTAGACT-1,0,0,0,0,0,0,0,0,0,2,0,2
TGTGGCTCCCACCAAC-1,0,0,0,0,0,0,0,0,0,1,2,3
GCCCTGAGGATGGGCT-1,0,0,0,0,0,0,0,0,0,1,0,1
CGAATCTGCTCGACGC-1,0,0,0,0,0,0,0,0,0,2,0,2
CGCGGTACGGTATACA-1,0,0,0,0,0,0,0,0,0,1,0,1
AGTCGGTTGCGTGAGA-1,0,0,0,0,0,0,0,0,0,0,3,3
CGAGAGCTTTCACTAC-1,0,0,0,0,0,0,0,0,0,0,2,2
CTGCCTCATATGCAAC-1,0,0,0,0,0,0,0,0,0,0,4,4
CGAACCCGCATGCGTC-1,0,0,0,0,0,0,0,0,0,0,4,4
TCCAACTCAGCTATCT-1,0,0,0,0,0,0,0,0,0,0,6,6
GGGTTTAGGATAGGAT-1,0,0,0,0,0,0,0,0,0,0,5,5
GTATCTTTCATAACCA-1,0,0,0,0,0,0,0,0,0,0,7,7
GCTGAACTCTCCAGGG-1,0,0,0,0,0,0,0,0,0,0,2,2
AATATCGAGGGTTCTC-1,0,0,0,0,0,0,0,0,0,0,4,4
TAGATGGTTCCTTACT-1,0,0,0,0,0,0,0,0,0,0,4,4
CCGCACACGAACGTGT-1,0,0,0,0,0,0,0,0,0,0,2,2
CGCAGATCTTCACCCG-1,0,0,0,0,0,0,0,0,0,0,3,3
CCGATATGACGTAAGG-1,0,0,0,0,0,0,0,0,0,0,2,2
