method,count,mean,median,std
CytoSPACE,9,0.5523976393803567,0.55485328458717,0.12269983209707111
SVTuner + CytoSPACE,9,0.6058248701898136,0.6187633121277375,0.08528633975355927
"Tangram
(all genes)",9,0.5143036583119489,0.5102365624890665,0.13328366502589803
"Tangram
(marker genes)",9,0.5296894884827991,0.521671690770151,0.14319741881404868
novoSpaRc,9,0.5535960495948767,0.5635933448957503,0.1308186167053467
SpaOTsc,9,0.43584069396547087,0.408124643288332,0.14656604567756004
CellTrek,9,0.6049026679452394,0.6384421198796514,0.09996165700905392
