curve_order,false_positive_rate,true_positive_rate,threshold
0,0.0,0.0,inf
1,0.0005701254275940707,0.0,0.7327204273062451
2,0.002280501710376283,0.0,0.7178051196747104
3,0.002280501710376283,0.007462686567164179,0.7124321957355342
4,0.005131128848346636,0.007462686567164179,0.6818894129839862
5,0.005131128848346636,0.03731343283582089,0.6713486556795338
6,0.007411630558722919,0.03731343283582089,0.6602225566959622
7,0.007411630558722919,0.05223880597014925,0.6573143262902964
8,0.00798175598631699,0.05223880597014925,0.6569385329651372
9,0.00798175598631699,0.08955223880597014,0.6454805947245642
10,0.009122006841505131,0.08955223880597014,0.6441094836247571
11,0.009122006841505131,0.09701492537313433,0.644081933539772
12,0.010262257696693273,0.09701492537313433,0.6411100535235876
13,0.010262257696693273,0.1044776119402985,0.6403685858789566
14,0.011972633979475485,0.1044776119402985,0.6368052628408183
15,0.011972633979475485,0.12686567164179105,0.6364605927655683
16,0.012542759407069556,0.12686567164179105,0.635796020411356
17,0.012542759407069556,0.13432835820895522,0.6357540187402266
18,0.013112884834663626,0.13432835820895522,0.6355776661159762
19,0.013112884834663626,0.1417910447761194,0.634118633024052
20,0.013683010262257697,0.1417910447761194,0.6340227651203224
21,0.013683010262257697,0.14925373134328357,0.6335235380451149
22,0.014823261117445839,0.14925373134328357,0.6326566603453199
23,0.014823261117445839,0.17164179104477612,0.6314352379261783
24,0.01539338654503991,0.17164179104477612,0.6287392901962149
25,0.01539338654503991,0.1791044776119403,0.6272941324138364
26,0.01596351197263398,0.1791044776119403,0.6265070665624896
27,0.01596351197263398,0.20149253731343283,0.6234370845710978
28,0.01653363740022805,0.20149253731343283,0.6233256814674821
29,0.01653363740022805,0.208955223880597,0.6233151195998355
30,0.018814139110604332,0.208955223880597,0.6198877220515854
31,0.018814139110604332,0.21641791044776118,0.6173666390323079
32,0.023375142531356898,0.21641791044776118,0.613446189758389
33,0.023375142531356898,0.22388059701492538,0.6131313752148696
34,0.02451539338654504,0.22388059701492538,0.611743880039928
35,0.02451539338654504,0.23134328358208955,0.611382664321617
36,0.02565564424173318,0.23134328358208955,0.6097649370995897
37,0.02565564424173318,0.23880597014925373,0.6079033459284184
38,0.027936145952109463,0.23880597014925373,0.6042124643723936
39,0.027936145952109463,0.2462686567164179,0.6034637786068642
40,0.029076396807297605,0.2462686567164179,0.6032449893654269
41,0.029076396807297605,0.2537313432835821,0.6015063820280916
42,0.030216647662485746,0.2537313432835821,0.601084869118084
43,0.030216647662485746,0.26119402985074625,0.5992165209685236
44,0.03078677309007982,0.26119402985074625,0.5988300988242945
45,0.03078677309007982,0.26865671641791045,0.59781472898914
46,0.033637400228050174,0.26865671641791045,0.5957612713776221
47,0.033637400228050174,0.27611940298507465,0.5950410920006314
48,0.03420752565564424,0.27611940298507465,0.594194382907765
49,0.03420752565564424,0.29850746268656714,0.5918779112189203
50,0.03477765108323831,0.29850746268656714,0.5916329034655898
51,0.03477765108323831,0.30597014925373134,0.5913926139424992
52,0.046180159635119726,0.30597014925373134,0.5757269254029989
53,0.046180159635119726,0.31343283582089554,0.5753361366624882
54,0.046750285062713795,0.31343283582089554,0.5738002036198663
55,0.046750285062713795,0.3208955223880597,0.5730943468174247
56,0.04789053591790194,0.3208955223880597,0.5711524745258011
57,0.04789053591790194,0.3358208955223881,0.5705570382918356
58,0.052451539338654506,0.3358208955223881,0.5672729531867788
59,0.052451539338654506,0.34328358208955223,0.5667326231730296
60,0.053021664766248575,0.34328358208955223,0.5662378570498798
61,0.053021664766248575,0.35074626865671643,0.5649088290591461
62,0.053591790193842644,0.35074626865671643,0.5647919373642463
63,0.053591790193842644,0.3582089552238806,0.5641237523493106
64,0.056442417331812995,0.3582089552238806,0.5621630684225343
65,0.056442417331812995,0.3656716417910448,0.5604444180550128
66,0.05815279361459521,0.3656716417910448,0.5597286301967833
67,0.05815279361459521,0.3805970149253731,0.5590185900424907
68,0.05872291904218928,0.3805970149253731,0.5585623328545745
69,0.05872291904218928,0.3880597014925373,0.5576633100721717
70,0.062143671607753706,0.3880597014925373,0.5557942115389911
71,0.062143671607753706,0.39552238805970147,0.5551923681304435
72,0.06499429874572406,0.39552238805970147,0.5524303794712213
73,0.06499429874572406,0.40298507462686567,0.5522920484469191
74,0.06670467502850627,0.40298507462686567,0.5514412687252519
75,0.06670467502850627,0.41044776119402987,0.5512967207921756
76,0.06784492588369441,0.41044776119402987,0.5508243260764334
77,0.06784492588369441,0.417910447761194,0.550587695848028
78,0.07411630558722919,0.417910447761194,0.5477607779478426
79,0.07411630558722919,0.4253731343283582,0.5474748946573759
80,0.07525655644241733,0.4253731343283582,0.546034432953314
81,0.07525655644241733,0.43283582089552236,0.5455532793126859
82,0.07639680729760548,0.43283582089552236,0.5454402951205354
83,0.07639680729760548,0.44029850746268656,0.5451287932988513
84,0.07810718358038768,0.44029850746268656,0.5435400671981204
85,0.07810718358038768,0.4552238805970149,0.5429086298513476
86,0.07924743443557583,0.4552238805970149,0.5427759394685787
87,0.07924743443557583,0.4701492537313433,0.5417418920247886
88,0.08038768529076397,0.4701492537313433,0.5401834197261781
89,0.08038768529076397,0.47761194029850745,0.5400988414451638
90,0.08323831242873432,0.47761194029850745,0.5378489241352193
91,0.08323831242873432,0.4925373134328358,0.5369071841530824
92,0.0838084378563284,0.4925373134328358,0.5368209542594535
93,0.0838084378563284,0.5,0.5367673354405557
94,0.08779931584948689,0.5,0.5323729132184942
95,0.08779931584948689,0.5074626865671642,0.5321255279457946
96,0.09007981755986318,0.5074626865671642,0.5316409015169503
97,0.09007981755986318,0.5223880597014925,0.5307208130552901
98,0.09064994298745724,0.5223880597014925,0.530294927521249
99,0.09064994298745724,0.5298507462686567,0.5301673431387671
100,0.09920182440136831,0.5298507462686567,0.5251535081346012
101,0.09920182440136831,0.5373134328358209,0.5249126129131143
102,0.09977194982896237,0.5373134328358209,0.5245599462434706
103,0.09977194982896237,0.5447761194029851,0.5245258312116247
104,0.1031927023945268,0.5447761194029851,0.5228512617165006
105,0.1031927023945268,0.5597014925373134,0.5221267866919904
106,0.11003420752565564,0.5597014925373134,0.5181080918502917
107,0.11003420752565564,0.5671641791044776,0.5175696960373084
108,0.1168757126567845,0.5671641791044776,0.5135308844971099
109,0.1168757126567845,0.5746268656716418,0.5134176369065947
110,0.12542759407069556,0.5746268656716418,0.5097330790047734
111,0.12542759407069556,0.582089552238806,0.5090206171672289
112,0.1265678449258837,0.582089552238806,0.508496412446666
113,0.1265678449258837,0.5895522388059702,0.5084887346647778
114,0.12713797035347776,0.5895522388059702,0.5083671501898653
115,0.12713797035347776,0.5970149253731343,0.5078402438254155
116,0.13854047890535917,0.5970149253731343,0.5017713358174293
117,0.13854047890535917,0.6044776119402985,0.5016863844421177
118,0.14253135689851767,0.6044776119402985,0.4989160173503754
119,0.14253135689851767,0.6119402985074627,0.4988487583768077
120,0.14481185860889395,0.6119402985074627,0.4977636848664701
121,0.14481185860889395,0.6194029850746269,0.4977266692281987
122,0.1516533637400228,0.6194029850746269,0.4954023635744498
123,0.1516533637400228,0.6268656716417911,0.4951904137909056
124,0.15393386545039908,0.6268656716417911,0.4940605663183517
125,0.15393386545039908,0.6343283582089553,0.4933833006923284
126,0.15849486887115166,0.6343283582089553,0.4910624264262199
127,0.15849486887115166,0.6417910447761194,0.491042014250013
128,0.1636259977194983,0.6417910447761194,0.4889466676223981
129,0.1636259977194983,0.6492537313432836,0.4888747542670875
130,0.17274800456100342,0.6492537313432836,0.4853977250359665
131,0.17274800456100342,0.6567164179104478,0.4852661995565621
132,0.17616875712656785,0.6567164179104478,0.4836627641092753
133,0.17616875712656785,0.664179104477612,0.4836497856690991
134,0.17673888255416192,0.664179104477612,0.4834553514191297
135,0.17673888255416192,0.6716417910447762,0.4833820128762339
136,0.18244013683010263,0.6716417910447762,0.4807623918804067
137,0.18244013683010263,0.6791044776119403,0.4805190351347072
138,0.18814139110604333,0.6791044776119403,0.4783058311062142
139,0.18814139110604333,0.6865671641791045,0.478128715421615
140,0.1949828962371722,0.6865671641791045,0.475870553737037
141,0.1949828962371722,0.6940298507462687,0.4746260686867851
142,0.19555302166476624,0.6940298507462687,0.4744655089403031
143,0.19555302166476624,0.7014925373134329,0.4744594941311343
144,0.19783352337514254,0.7014925373134329,0.4735995439366015
145,0.19783352337514254,0.7089552238805971,0.4729926054873469
146,0.2063854047890536,0.7089552238805971,0.468954604473459
147,0.2063854047890536,0.7164179104477612,0.4684340648466215
148,0.20980615735461802,0.7164179104477612,0.4672898362400474
149,0.20980615735461802,0.7238805970149254,0.4672648393654601
150,0.22690992018244013,0.7238805970149254,0.4618132372859909
151,0.22690992018244013,0.7388059701492538,0.460648433370443
152,0.2314709236031927,0.7388059701492538,0.4580172551208861
153,0.2314709236031927,0.746268656716418,0.4576428706063358
154,0.23204104903078676,0.746268656716418,0.4575166121004275
155,0.23204104903078676,0.753731343283582,0.4575058515246774
156,0.2354618015963512,0.753731343283582,0.4567375702988622
157,0.2354618015963512,0.7611940298507462,0.4560604981305383
158,0.26054732041049034,0.7611940298507462,0.4473086543222181
159,0.26054732041049034,0.7686567164179104,0.4472920389379058
160,0.27765108323831245,0.7686567164179104,0.4420769438046568
161,0.27765108323831245,0.7761194029850746,0.4417939672922145
162,0.2805017103762828,0.7761194029850746,0.4410217847335484
163,0.2805017103762828,0.7835820895522388,0.4409616345506392
164,0.28506271379703535,0.7835820895522388,0.4394073721885543
165,0.28506271379703535,0.7910447761194029,0.4392917106830744
166,0.2936145952109464,0.7910447761194029,0.4361574218694532
167,0.2936145952109464,0.7985074626865671,0.4356568428155712
168,0.3033067274800456,0.7985074626865671,0.431698301207849
169,0.3033067274800456,0.8059701492537313,0.4314995401603847
170,0.3289623717217788,0.8059701492537313,0.4235766580785449
171,0.3289623717217788,0.8134328358208955,0.4231940255869673
172,0.33409350057012543,0.8134328358208955,0.4215851836724895
173,0.33409350057012543,0.8208955223880597,0.4214838805007114
174,0.33979475484606614,0.8208955223880597,0.4199297811802884
175,0.33979475484606614,0.8283582089552238,0.4196756015426886
176,0.35119726339794755,0.8283582089552238,0.416475923146418
177,0.35119726339794755,0.835820895522388,0.4163871388320328
178,0.3540478905359179,0.835820895522388,0.4156595722054275
179,0.3540478905359179,0.8432835820895522,0.415505639666302
180,0.37001140250855186,0.8432835820895522,0.409222270254694
181,0.37001140250855186,0.8507462686567164,0.4091204105774969
182,0.38027366020524517,0.8507462686567164,0.4049518653569289
183,0.38027366020524517,0.8582089552238806,0.404851856027003
184,0.3814139110604333,0.8582089552238806,0.4045925384879959
185,0.3814139110604333,0.8656716417910447,0.4045675242071009
186,0.4127708095781072,0.8656716417910447,0.3950392043414237
187,0.4127708095781072,0.8731343283582089,0.3949320990617037
188,0.41334093500570124,0.8731343283582089,0.3947291796708236
189,0.41334093500570124,0.8805970149253731,0.3946987041475963
190,0.4167616875712657,0.8805970149253731,0.3932193888370058
191,0.4167616875712657,0.8880597014925373,0.3927044599320413
192,0.43329532497149376,0.8880597014925373,0.3879149666299247
193,0.43329532497149376,0.8955223880597015,0.3878501070374848
194,0.4566704675028506,0.8955223880597015,0.3796147272646174
195,0.4566704675028506,0.9029850746268657,0.3796054057636011
196,0.4646522234891676,0.9029850746268657,0.376647647480849
197,0.4646522234891676,0.9104477611940298,0.3765702531028674
198,0.467502850627138,0.9104477611940298,0.3758120591148576
199,0.467502850627138,0.917910447761194,0.3754249872921483
200,0.47605473204104903,0.917910447761194,0.3733740411415789
201,0.47605473204104903,0.9253731343283582,0.3733244286612194
202,0.47776510832383123,0.9253731343283582,0.3731748647804451
203,0.47776510832383123,0.9328358208955224,0.3730944655481678
204,0.5307867730900798,0.9328358208955224,0.3573926157733987
205,0.5307867730900798,0.9402985074626866,0.3571785459905316
206,0.5689851767388826,0.9402985074626866,0.3461290870042344
207,0.5689851767388826,0.9477611940298507,0.345969237741375
208,0.5997719498289624,0.9477611940298507,0.3368018611824852
209,0.5997719498289624,0.9552238805970149,0.3365758451785216
210,0.620866590649943,0.9552238805970149,0.3304854580582068
211,0.620866590649943,0.9626865671641791,0.3302930173569955
212,0.7001140250855188,0.9626865671641791,0.3078075423290015
213,0.7001140250855188,0.9701492537313433,0.3075666669921376
214,0.7360319270239453,0.9701492537313433,0.2970782130577102
215,0.7360319270239453,0.9776119402985075,0.2969999033426407
216,0.7958950969213227,0.9776119402985075,0.276254455649552
217,0.7958950969213227,0.9850746268656716,0.2760702981616288
218,0.8101482326111744,0.9850746268656716,0.2716561935811869
219,0.8101482326111744,0.9925373134328358,0.2715497569893283
220,0.9207525655644242,0.9925373134328358,0.2256125960233019
221,0.9207525655644242,1.0,0.2253816157861399
222,1.0,1.0,0.0831969787619414
