cell_type,truth_mass,recovered_mass,composition_recovery,group,sample,method
Endothelial cells,364.14541415411924,255.53749516863348,0.7017457456171093,real_brca,real_brca7_candidate_stable_control_scnoise10,CytoSPACE
Epithelial cells,501.51577892603973,401.5884797039686,0.8007494411520644,real_brca,real_brca7_candidate_stable_control_scnoise10,CytoSPACE
NK cells,225.33425057937606,205.3311687337532,0.9112292880723137,real_brca,real_brca7_candidate_stable_control_scnoise10,CytoSPACE
PCs,650.9372159023021,365.479229939669,0.5614661767848945,real_brca,real_brca7_candidate_stable_control_scnoise10,CytoSPACE
PVL,236.48336397909364,218.39461945300306,0.9235094417563777,real_brca,real_brca7_candidate_stable_control_scnoise10,CytoSPACE
T cells CD4,263.41157937365836,180.76023013358497,0.68622735023038,real_brca,real_brca7_candidate_stable_control_scnoise10,CytoSPACE
T cells CD8,276.1723970854108,193.86342975048746,0.7019652644378216,real_brca,real_brca7_candidate_stable_control_scnoise10,CytoSPACE
Endothelial cells,364.14541415411924,255.53749516863348,0.7017457456171093,real_brca,real_brca7_candidate_stable_control_scnoise10,SVTuner + CytoSPACE
Epithelial cells,501.51577892603973,401.5884797039686,0.8007494411520644,real_brca,real_brca7_candidate_stable_control_scnoise10,SVTuner + CytoSPACE
NK cells,225.33425057937606,205.3311687337532,0.9112292880723137,real_brca,real_brca7_candidate_stable_control_scnoise10,SVTuner + CytoSPACE
PCs,650.9372159023021,365.479229939669,0.5614661767848945,real_brca,real_brca7_candidate_stable_control_scnoise10,SVTuner + CytoSPACE
PVL,236.48336397909364,218.39461945300306,0.9235094417563777,real_brca,real_brca7_candidate_stable_control_scnoise10,SVTuner + CytoSPACE
T cells CD4,263.41157937365836,180.76023013358497,0.68622735023038,real_brca,real_brca7_candidate_stable_control_scnoise10,SVTuner + CytoSPACE
T cells CD8,276.1723970854108,193.86342975048746,0.7019652644378216,real_brca,real_brca7_candidate_stable_control_scnoise10,SVTuner + CytoSPACE
Endothelial cells,364.14541415411924,211.4807513388156,0.580759067995044,real_brca,real_brca7_candidate_stable_control_scnoise10,"Tangram
(all genes)"
Epithelial cells,501.5157789260398,355.5764459342645,0.7090035067205782,real_brca,real_brca7_candidate_stable_control_scnoise10,"Tangram
(all genes)"
NK cells,225.33425057937606,165.85354051267166,0.7360334262822075,real_brca,real_brca7_candidate_stable_control_scnoise10,"Tangram
(all genes)"
PCs,650.9372159023021,408.8969170016662,0.6281664452613457,real_brca,real_brca7_candidate_stable_control_scnoise10,"Tangram
(all genes)"
PVL,236.48336397909367,168.11331578650237,0.7108885502887401,real_brca,real_brca7_candidate_stable_control_scnoise10,"Tangram
(all genes)"
T cells CD4,263.41157937365836,174.41093476767847,0.6621232642178975,real_brca,real_brca7_candidate_stable_control_scnoise10,"Tangram
(all genes)"
T cells CD8,276.1723970854108,166.34484793612708,0.6023224974387366,real_brca,real_brca7_candidate_stable_control_scnoise10,"Tangram
(all genes)"
Endothelial cells,364.14541415411924,221.0503494053276,0.6070386741483754,real_brca,real_brca7_candidate_stable_control_scnoise10,"Tangram
(marker genes)"
Epithelial cells,501.5157789260398,410.3241718779425,0.8181680200703204,real_brca,real_brca7_candidate_stable_control_scnoise10,"Tangram
(marker genes)"
NK cells,225.33425057937606,175.60422265881328,0.7793055081830762,real_brca,real_brca7_candidate_stable_control_scnoise10,"Tangram
(marker genes)"
PCs,650.9372159023021,433.1311266043241,0.6653961642121441,real_brca,real_brca7_candidate_stable_control_scnoise10,"Tangram
(marker genes)"
PVL,236.48336397909367,178.79525213434556,0.7560584775432744,real_brca,real_brca7_candidate_stable_control_scnoise10,"Tangram
(marker genes)"
T cells CD4,263.41157937365836,171.8958896076557,0.6525752968658052,real_brca,real_brca7_candidate_stable_control_scnoise10,"Tangram
(marker genes)"
T cells CD8,276.1723970854108,173.34435282859152,0.6276671914281932,real_brca,real_brca7_candidate_stable_control_scnoise10,"Tangram
(marker genes)"
Endothelial cells,364.14541415411924,259.26056243345647,0.7119698679597493,real_brca,real_brca7_candidate_stable_control_scnoise10,novoSpaRc
Epithelial cells,501.5157789260398,398.2446736645642,0.7940820416804765,real_brca,real_brca7_candidate_stable_control_scnoise10,novoSpaRc
NK cells,225.33425057937606,197.8441195175907,0.8780028735485035,real_brca,real_brca7_candidate_stable_control_scnoise10,novoSpaRc
PCs,650.9372159023021,394.2173488411613,0.6056150104963866,real_brca,real_brca7_candidate_stable_control_scnoise10,novoSpaRc
PVL,236.48336397909367,216.68404305461112,0.916276051763908,real_brca,real_brca7_candidate_stable_control_scnoise10,novoSpaRc
T cells CD4,263.41157937365836,181.8178832229941,0.6902425613001592,real_brca,real_brca7_candidate_stable_control_scnoise10,novoSpaRc
T cells CD8,276.1723970854108,186.50295513319753,0.6753135255422302,real_brca,real_brca7_candidate_stable_control_scnoise10,novoSpaRc
Endothelial cells,364.14541415411924,178.19013946294353,0.4893378648660591,real_brca,real_brca7_candidate_stable_control_scnoise10,SpaOTsc
Epithelial cells,501.5157789260398,316.78405169756985,0.63165321014613,real_brca,real_brca7_candidate_stable_control_scnoise10,SpaOTsc
NK cells,225.33425057937606,91.6837964130046,0.4068790970625575,real_brca,real_brca7_candidate_stable_control_scnoise10,SpaOTsc
PCs,650.9372159023021,252.40067812703268,0.38774965075113327,real_brca,real_brca7_candidate_stable_control_scnoise10,SpaOTsc
PVL,236.48336397909367,150.88431977361546,0.638033548046764,real_brca,real_brca7_candidate_stable_control_scnoise10,SpaOTsc
T cells CD4,263.41157937365836,103.46773732499452,0.3927987432102291,real_brca,real_brca7_candidate_stable_control_scnoise10,SpaOTsc
T cells CD8,276.1723970854108,102.89891741650337,0.37258943508637543,real_brca,real_brca7_candidate_stable_control_scnoise10,SpaOTsc
Endothelial cells,364.14541415411924,343.1776966816409,0.9424193834180647,real_brca,real_brca7_candidate_stable_control_scnoise10,CellTrek
Epithelial cells,501.5157789260398,222.38524097835528,0.44342620974872893,real_brca,real_brca7_candidate_stable_control_scnoise10,CellTrek
NK cells,225.33425057937606,186.34067302968367,0.826952283332726,real_brca,real_brca7_candidate_stable_control_scnoise10,CellTrek
PCs,650.9372159023021,535.8894989798596,0.8232583510178195,real_brca,real_brca7_candidate_stable_control_scnoise10,CellTrek
PVL,236.48336397909367,143.83166692415978,0.6082105079360899,real_brca,real_brca7_candidate_stable_control_scnoise10,CellTrek
T cells CD4,263.41157937365836,225.05381558123145,0.8543808746614927,real_brca,real_brca7_candidate_stable_control_scnoise10,CellTrek
T cells CD8,276.1723970854108,191.89886032857515,0.6948517026096106,real_brca,real_brca7_candidate_stable_control_scnoise10,CellTrek
Endothelial cells,364.1454141511308,251.34371376394137,0.6902289689679478,real_brca,real_brca7_candidate_stable_control_missing_epithelial_cells_scnoise10,CytoSPACE
NK cells,225.3342505847074,208.76458446606324,0.9264662780928844,real_brca,real_brca7_candidate_stable_control_missing_epithelial_cells_scnoise10,CytoSPACE
PCs,650.9372159077486,366.2248240422134,0.5626115930881345,real_brca,real_brca7_candidate_stable_control_missing_epithelial_cells_scnoise10,CytoSPACE
PVL,737.9991429168356,279.344319399337,0.3785157775323,real_brca,real_brca7_candidate_stable_control_missing_epithelial_cells_scnoise10,CytoSPACE
T cells CD4,263.41157937368104,184.88188672434964,0.7018745613383701,real_brca,real_brca7_candidate_stable_control_missing_epithelial_cells_scnoise10,CytoSPACE
T cells CD8,276.1723970658968,193.89514317530202,0.7020800964733531,real_brca,real_brca7_candidate_stable_control_missing_epithelial_cells_scnoise10,CytoSPACE
Endothelial cells,364.14541415113075,293.7676832276466,0.8067317939797661,real_brca,real_brca7_candidate_stable_control_missing_epithelial_cells_scnoise10,SVTuner + CytoSPACE
NK cells,225.33425058470743,212.29813072497046,0.942147632568461,real_brca,real_brca7_candidate_stable_control_missing_epithelial_cells_scnoise10,SVTuner + CytoSPACE
PCs,650.9372159077485,401.1881134656468,0.6163238230374949,real_brca,real_brca7_candidate_stable_control_missing_epithelial_cells_scnoise10,SVTuner + CytoSPACE
PVL,737.9991429168356,332.3532364212935,0.450343661793041,real_brca,real_brca7_candidate_stable_control_missing_epithelial_cells_scnoise10,SVTuner + CytoSPACE
T cells CD4,263.41157937368104,185.37995104647146,0.7037653830072811,real_brca,real_brca7_candidate_stable_control_missing_epithelial_cells_scnoise10,SVTuner + CytoSPACE
T cells CD8,276.1723970658967,192.26171497731616,0.6961655727362251,real_brca,real_brca7_candidate_stable_control_missing_epithelial_cells_scnoise10,SVTuner + CytoSPACE
Endothelial cells,364.14541415113075,186.40383293489225,0.5118939459101065,real_brca,real_brca7_candidate_stable_control_missing_epithelial_cells_scnoise10,"Tangram
(all genes)"
NK cells,225.3342505847074,153.59337706504726,0.6816246383605523,real_brca,real_brca7_candidate_stable_control_missing_epithelial_cells_scnoise10,"Tangram
(all genes)"
PCs,650.9372159077486,380.5985540983466,0.5846931851447335,real_brca,real_brca7_candidate_stable_control_missing_epithelial_cells_scnoise10,"Tangram
(all genes)"
PVL,737.9991429168356,267.6164830754749,0.3626243819440754,real_brca,real_brca7_candidate_stable_control_missing_epithelial_cells_scnoise10,"Tangram
(all genes)"
T cells CD4,263.4115793736811,158.84017216197947,0.6030113502969645,real_brca,real_brca7_candidate_stable_control_missing_epithelial_cells_scnoise10,"Tangram
(all genes)"
T cells CD8,276.1723970658967,155.01715473328954,0.5613057509737346,real_brca,real_brca7_candidate_stable_control_missing_epithelial_cells_scnoise10,"Tangram
(all genes)"
Endothelial cells,364.14541415113075,196.36685115847348,0.5392539450654062,real_brca,real_brca7_candidate_stable_control_missing_epithelial_cells_scnoise10,"Tangram
(marker genes)"
NK cells,225.3342505847074,158.76698408611347,0.7045843393720119,real_brca,real_brca7_candidate_stable_control_missing_epithelial_cells_scnoise10,"Tangram
(marker genes)"
PCs,650.9372159077486,385.13388018804915,0.5916605638394328,real_brca,real_brca7_candidate_stable_control_missing_epithelial_cells_scnoise10,"Tangram
(marker genes)"
PVL,737.9991429168356,284.86495008963357,0.3859963156105382,real_brca,real_brca7_candidate_stable_control_missing_epithelial_cells_scnoise10,"Tangram
(marker genes)"
T cells CD4,263.4115793736811,149.04456621871756,0.5658238964782937,real_brca,real_brca7_candidate_stable_control_missing_epithelial_cells_scnoise10,"Tangram
(marker genes)"
T cells CD8,276.1723970658967,156.6876449817862,0.5673544736782634,real_brca,real_brca7_candidate_stable_control_missing_epithelial_cells_scnoise10,"Tangram
(marker genes)"
Endothelial cells,364.14541415113075,253.5086983160055,0.6961743536080676,real_brca,real_brca7_candidate_stable_control_missing_epithelial_cells_scnoise10,novoSpaRc
NK cells,225.3342505847074,196.68021857151055,0.872837653668521,real_brca,real_brca7_candidate_stable_control_missing_epithelial_cells_scnoise10,novoSpaRc
PCs,650.9372159077486,393.5706868067664,0.6046215782238261,real_brca,real_brca7_candidate_stable_control_missing_epithelial_cells_scnoise10,novoSpaRc
PVL,737.9991429168356,279.2668130214445,0.37841075521806505,real_brca,real_brca7_candidate_stable_control_missing_epithelial_cells_scnoise10,novoSpaRc
T cells CD4,263.4115793736811,185.39305970641786,0.7038151479415999,real_brca,real_brca7_candidate_stable_control_missing_epithelial_cells_scnoise10,novoSpaRc
T cells CD8,276.1723970658967,188.09696278181642,0.6810853104082489,real_brca,real_brca7_candidate_stable_control_missing_epithelial_cells_scnoise10,novoSpaRc
Endothelial cells,364.14541415113075,149.54293585985243,0.41066818377613246,real_brca,real_brca7_candidate_stable_control_missing_epithelial_cells_scnoise10,SpaOTsc
NK cells,225.3342505847074,89.62409194003692,0.3977384339374787,real_brca,real_brca7_candidate_stable_control_missing_epithelial_cells_scnoise10,SpaOTsc
PCs,650.9372159077486,241.18376016608778,0.37051770012834623,real_brca,real_brca7_candidate_stable_control_missing_epithelial_cells_scnoise10,SpaOTsc
PVL,737.9991429168356,246.2945859123385,0.33373288882002566,real_brca,real_brca7_candidate_stable_control_missing_epithelial_cells_scnoise10,SpaOTsc
T cells CD4,263.4115793736811,100.54007444649714,0.3816843385759778,real_brca,real_brca7_candidate_stable_control_missing_epithelial_cells_scnoise10,SpaOTsc
T cells CD8,276.1723970658967,99.26294193456407,0.3594238344930584,real_brca,real_brca7_candidate_stable_control_missing_epithelial_cells_scnoise10,SpaOTsc
Endothelial cells,364.14541415113075,270.9473380695787,0.7440635733425104,real_brca,real_brca7_candidate_stable_control_missing_epithelial_cells_scnoise10,CellTrek
NK cells,225.3342505847074,149.57752017916204,0.6638028608213424,real_brca,real_brca7_candidate_stable_control_missing_epithelial_cells_scnoise10,CellTrek
PCs,650.9372159077486,544.1312843032997,0.835919764618919,real_brca,real_brca7_candidate_stable_control_missing_epithelial_cells_scnoise10,CellTrek
PVL,737.9991429168356,473.7649245135426,0.6419586378394083,real_brca,real_brca7_candidate_stable_control_missing_epithelial_cells_scnoise10,CellTrek
T cells CD4,263.4115793736811,206.6371436979059,0.7844649205977623,real_brca,real_brca7_candidate_stable_control_missing_epithelial_cells_scnoise10,CellTrek
T cells CD8,276.1723970658967,145.412171450656,0.5265268107730535,real_brca,real_brca7_candidate_stable_control_missing_epithelial_cells_scnoise10,CellTrek
Endothelial cells,364.1454141647398,246.57720399868788,0.6771393910432058,real_brca,real_brca7_candidate_stable_control_missing_epithelial_cells_pcs_scnoise10,CytoSPACE
NK cells,225.33425058574704,204.4772030068156,0.9074395147443658,real_brca,real_brca7_candidate_stable_control_missing_epithelial_cells_pcs_scnoise10,CytoSPACE
PVL,1388.9363588051428,278.97536452680583,0.20085539755529142,real_brca,real_brca7_candidate_stable_control_missing_epithelial_cells_pcs_scnoise10,CytoSPACE
T cells CD4,263.41157937133875,195.29036190451987,0.7413886753596869,real_brca,real_brca7_candidate_stable_control_missing_epithelial_cells_pcs_scnoise10,CytoSPACE
T cells CD8,276.1723970730318,200.8039873795256,0.7270965147412051,real_brca,real_brca7_candidate_stable_control_missing_epithelial_cells_pcs_scnoise10,CytoSPACE
Endothelial cells,364.1454141647398,340.88776614637436,0.9361308776283431,real_brca,real_brca7_candidate_stable_control_missing_epithelial_cells_pcs_scnoise10,SVTuner + CytoSPACE
NK cells,225.33425058574704,206.55799741653206,0.916673771872643,real_brca,real_brca7_candidate_stable_control_missing_epithelial_cells_pcs_scnoise10,SVTuner + CytoSPACE
PVL,1388.9363588051428,408.299821925399,0.2939658245224757,real_brca,real_brca7_candidate_stable_control_missing_epithelial_cells_pcs_scnoise10,SVTuner + CytoSPACE
T cells CD4,263.41157937133875,182.23379340070215,0.6918214978841231,real_brca,real_brca7_candidate_stable_control_missing_epithelial_cells_pcs_scnoise10,SVTuner + CytoSPACE
T cells CD8,276.1723970730318,206.9719553340879,0.7494302744504755,real_brca,real_brca7_candidate_stable_control_missing_epithelial_cells_pcs_scnoise10,SVTuner + CytoSPACE
Endothelial cells,364.1454141647398,160.80699595207358,0.4416010464416402,real_brca,real_brca7_candidate_stable_control_missing_epithelial_cells_pcs_scnoise10,"Tangram
(all genes)"
NK cells,225.33425058574704,155.9526423820103,0.6920947080908378,real_brca,real_brca7_candidate_stable_control_missing_epithelial_cells_pcs_scnoise10,"Tangram
(all genes)"
PVL,1388.9363588051424,293.1258149274517,0.21104337363564915,real_brca,real_brca7_candidate_stable_control_missing_epithelial_cells_pcs_scnoise10,"Tangram
(all genes)"
T cells CD4,263.41157937133875,159.52838317167306,0.6056240335083424,real_brca,real_brca7_candidate_stable_control_missing_epithelial_cells_pcs_scnoise10,"Tangram
(all genes)"
T cells CD8,276.1723970730318,160.35087930800688,0.5806187765593506,real_brca,real_brca7_candidate_stable_control_missing_epithelial_cells_pcs_scnoise10,"Tangram
(all genes)"
Endothelial cells,364.1454141647398,161.62268014761884,0.4438410422340251,real_brca,real_brca7_candidate_stable_control_missing_epithelial_cells_pcs_scnoise10,"Tangram
(marker genes)"
NK cells,225.33425058574704,155.63054540646715,0.6906652894618195,real_brca,real_brca7_candidate_stable_control_missing_epithelial_cells_pcs_scnoise10,"Tangram
(marker genes)"
PVL,1388.9363588051424,301.8483697503101,0.21732339846728516,real_brca,real_brca7_candidate_stable_control_missing_epithelial_cells_pcs_scnoise10,"Tangram
(marker genes)"
T cells CD4,263.41157937133875,150.58832540360584,0.5716845317240865,real_brca,real_brca7_candidate_stable_control_missing_epithelial_cells_pcs_scnoise10,"Tangram
(marker genes)"
T cells CD8,276.1723970730318,154.46658749258583,0.559312187349912,real_brca,real_brca7_candidate_stable_control_missing_epithelial_cells_pcs_scnoise10,"Tangram
(marker genes)"
Endothelial cells,364.1454141647398,248.9150636854086,0.6835595177172796,real_brca,real_brca7_candidate_stable_control_missing_epithelial_cells_pcs_scnoise10,novoSpaRc
NK cells,225.33425058574704,193.14383609076367,0.8571437124569136,real_brca,real_brca7_candidate_stable_control_missing_epithelial_cells_pcs_scnoise10,novoSpaRc
PVL,1388.9363588051424,279.38413314538354,0.20114970090186768,real_brca,real_brca7_candidate_stable_control_missing_epithelial_cells_pcs_scnoise10,novoSpaRc
T cells CD4,263.41157937133875,181.56859770664357,0.6892961886488718,real_brca,real_brca7_candidate_stable_control_missing_epithelial_cells_pcs_scnoise10,novoSpaRc
T cells CD8,276.1723970730318,185.66712500365162,0.6722870459590257,real_brca,real_brca7_candidate_stable_control_missing_epithelial_cells_pcs_scnoise10,novoSpaRc
Endothelial cells,364.1454141647398,140.06676120082017,0.3846451328299683,real_brca,real_brca7_candidate_stable_control_missing_epithelial_cells_pcs_scnoise10,SpaOTsc
NK cells,225.33425058574704,97.7154611311884,0.4336467309216469,real_brca,real_brca7_candidate_stable_control_missing_epithelial_cells_pcs_scnoise10,SpaOTsc
PVL,1388.9363588051424,290.4619399705813,0.2091254492181747,real_brca,real_brca7_candidate_stable_control_missing_epithelial_cells_pcs_scnoise10,SpaOTsc
T cells CD4,263.41157937133875,108.69752427008184,0.4126527942678172,real_brca,real_brca7_candidate_stable_control_missing_epithelial_cells_pcs_scnoise10,SpaOTsc
T cells CD8,276.1723970730318,107.84349801377769,0.3904933988940946,real_brca,real_brca7_candidate_stable_control_missing_epithelial_cells_pcs_scnoise10,SpaOTsc
Endothelial cells,364.1454141647398,334.1175107593792,0.9175387022949684,real_brca,real_brca7_candidate_stable_control_missing_epithelial_cells_pcs_scnoise10,CellTrek
NK cells,225.33425058574704,203.58524731968487,0.9034811476305686,real_brca,real_brca7_candidate_stable_control_missing_epithelial_cells_pcs_scnoise10,CellTrek
PVL,1388.9363588051424,410.0335723041198,0.2952140821317822,real_brca,real_brca7_candidate_stable_control_missing_epithelial_cells_pcs_scnoise10,CellTrek
T cells CD4,263.41157937133875,105.31893915415256,0.3998265353615358,real_brca,real_brca7_candidate_stable_control_missing_epithelial_cells_pcs_scnoise10,CellTrek
T cells CD8,276.1723970730318,183.38663912516745,0.6640295738052061,real_brca,real_brca7_candidate_stable_control_missing_epithelial_cells_pcs_scnoise10,CellTrek
AT2,808.2428200776989,464.54274661592035,0.5747564161117601,human_lung_5loc,human_lung_5loc_fine9_clustered_sim_scnoise10,CytoSPACE
B_cell,381.77038989053176,138.1934500363122,0.3619805351482015,human_lung_5loc,human_lung_5loc_fine9_clustered_sim_scnoise10,CytoSPACE
Ciliated,44.626338722081854,20.07503298620503,0.4498471880300494,human_lung_5loc,human_lung_5loc_fine9_clustered_sim_scnoise10,CytoSPACE
DC,172.5689823711981,61.25001196605638,0.3549305971701613,human_lung_5loc,human_lung_5loc_fine9_clustered_sim_scnoise10,CytoSPACE
Endothelia_vascular,326.64062081756106,315.0693599780856,0.9645749484233977,human_lung_5loc,human_lung_5loc_fine9_clustered_sim_scnoise10,CytoSPACE
Erythrocyte,53.85757584802273,12.659523798346433,0.23505558129964,human_lung_5loc,human_lung_5loc_fine9_clustered_sim_scnoise10,CytoSPACE
Fibroblast,415.3601107745484,403.1046202704647,0.9704943007617411,human_lung_5loc,human_lung_5loc_fine9_clustered_sim_scnoise10,CytoSPACE
Macrophage_alveolar,646.3900131639563,484.85782514216146,0.7501010462226583,human_lung_5loc,human_lung_5loc_fine9_clustered_sim_scnoise10,CytoSPACE
Mast_cell,424.5431483344009,111.19782988938616,0.261923506069161,human_lung_5loc,human_lung_5loc_fine9_clustered_sim_scnoise10,CytoSPACE
AT2,808.2428200776989,464.54274661592035,0.5747564161117601,human_lung_5loc,human_lung_5loc_fine9_clustered_sim_scnoise10,SVTuner + CytoSPACE
B_cell,381.77038989053176,138.1934500363122,0.3619805351482015,human_lung_5loc,human_lung_5loc_fine9_clustered_sim_scnoise10,SVTuner + CytoSPACE
Ciliated,44.626338722081854,20.07503298620503,0.4498471880300494,human_lung_5loc,human_lung_5loc_fine9_clustered_sim_scnoise10,SVTuner + CytoSPACE
DC,172.5689823711981,61.25001196605638,0.3549305971701613,human_lung_5loc,human_lung_5loc_fine9_clustered_sim_scnoise10,SVTuner + CytoSPACE
Endothelia_vascular,326.64062081756106,315.0693599780856,0.9645749484233977,human_lung_5loc,human_lung_5loc_fine9_clustered_sim_scnoise10,SVTuner + CytoSPACE
Erythrocyte,53.85757584802273,12.659523798346433,0.23505558129964,human_lung_5loc,human_lung_5loc_fine9_clustered_sim_scnoise10,SVTuner + CytoSPACE
Fibroblast,415.3601107745484,403.1046202704647,0.9704943007617411,human_lung_5loc,human_lung_5loc_fine9_clustered_sim_scnoise10,SVTuner + CytoSPACE
Macrophage_alveolar,646.3900131639563,484.85782514216146,0.7501010462226583,human_lung_5loc,human_lung_5loc_fine9_clustered_sim_scnoise10,SVTuner + CytoSPACE
Mast_cell,424.5431483344009,111.19782988938616,0.261923506069161,human_lung_5loc,human_lung_5loc_fine9_clustered_sim_scnoise10,SVTuner + CytoSPACE
AT2,808.2428200776988,594.2236256094195,0.7352043356875042,human_lung_5loc,human_lung_5loc_fine9_clustered_sim_scnoise10,"Tangram
(all genes)"
B_cell,381.77038989053176,144.57533130199516,0.3786970784807341,human_lung_5loc,human_lung_5loc_fine9_clustered_sim_scnoise10,"Tangram
(all genes)"
Ciliated,44.62633872208187,26.181945273709335,0.5866926578216928,human_lung_5loc,human_lung_5loc_fine9_clustered_sim_scnoise10,"Tangram
(all genes)"
DC,172.56898237119813,60.04987516343358,0.34797606347510074,human_lung_5loc,human_lung_5loc_fine9_clustered_sim_scnoise10,"Tangram
(all genes)"
Endothelia_vascular,326.64062081756106,317.4747261042347,0.9719389012597861,human_lung_5loc,human_lung_5loc_fine9_clustered_sim_scnoise10,"Tangram
(all genes)"
Erythrocyte,53.85757584802272,42.96995036331349,0.7978441228875148,human_lung_5loc,human_lung_5loc_fine9_clustered_sim_scnoise10,"Tangram
(all genes)"
Fibroblast,415.3601107745484,402.28154507224696,0.9685127065333429,human_lung_5loc,human_lung_5loc_fine9_clustered_sim_scnoise10,"Tangram
(all genes)"
Macrophage_alveolar,646.3900131639564,460.7146018402936,0.7127501855809669,human_lung_5loc,human_lung_5loc_fine9_clustered_sim_scnoise10,"Tangram
(all genes)"
Mast_cell,424.54314833440094,131.40219553310754,0.3095143474783055,human_lung_5loc,human_lung_5loc_fine9_clustered_sim_scnoise10,"Tangram
(all genes)"
AT2,808.2428200776988,643.0352880866633,0.7955966599552922,human_lung_5loc,human_lung_5loc_fine9_clustered_sim_scnoise10,"Tangram
(marker genes)"
B_cell,381.77038989053176,162.35085317956154,0.4252578447116178,human_lung_5loc,human_lung_5loc_fine9_clustered_sim_scnoise10,"Tangram
(marker genes)"
Ciliated,44.62633872208187,30.018397505724018,0.6726609971897696,human_lung_5loc,human_lung_5loc_fine9_clustered_sim_scnoise10,"Tangram
(marker genes)"
DC,172.56898237119813,59.47321143089121,0.3446344216306703,human_lung_5loc,human_lung_5loc_fine9_clustered_sim_scnoise10,"Tangram
(marker genes)"
Endothelia_vascular,326.64062081756106,313.4004583762354,0.9594656585938811,human_lung_5loc,human_lung_5loc_fine9_clustered_sim_scnoise10,"Tangram
(marker genes)"
Erythrocyte,53.85757584802272,39.278462410154866,0.7293024572994572,human_lung_5loc,human_lung_5loc_fine9_clustered_sim_scnoise10,"Tangram
(marker genes)"
Fibroblast,415.3601107745484,400.19993325482255,0.9635011231784976,human_lung_5loc,human_lung_5loc_fine9_clustered_sim_scnoise10,"Tangram
(marker genes)"
Macrophage_alveolar,646.3900131639564,429.7654363401879,0.6648701675271369,human_lung_5loc,human_lung_5loc_fine9_clustered_sim_scnoise10,"Tangram
(marker genes)"
Mast_cell,424.54314833440094,147.05228107880035,0.3463777042586289,human_lung_5loc,human_lung_5loc_fine9_clustered_sim_scnoise10,"Tangram
(marker genes)"
AT2,808.2428200776988,551.2831035580539,0.6820760913224784,human_lung_5loc,human_lung_5loc_fine9_clustered_sim_scnoise10,novoSpaRc
B_cell,381.77038989053176,118.28175196843455,0.3098243213737725,human_lung_5loc,human_lung_5loc_fine9_clustered_sim_scnoise10,novoSpaRc
Ciliated,44.62633872208187,15.625030423837462,0.35013023410109895,human_lung_5loc,human_lung_5loc_fine9_clustered_sim_scnoise10,novoSpaRc
DC,172.56898237119813,62.70295843326657,0.3633501082969342,human_lung_5loc,human_lung_5loc_fine9_clustered_sim_scnoise10,novoSpaRc
Endothelia_vascular,326.64062081756106,319.2652340337146,0.9774204850413695,human_lung_5loc,human_lung_5loc_fine9_clustered_sim_scnoise10,novoSpaRc
Erythrocyte,53.85757584802272,29.075636250612487,0.539861584796523,human_lung_5loc,human_lung_5loc_fine9_clustered_sim_scnoise10,novoSpaRc
Fibroblast,415.3601107745484,382.4215342826351,0.9206987487785222,human_lung_5loc,human_lung_5loc_fine9_clustered_sim_scnoise10,novoSpaRc
Macrophage_alveolar,646.3900131639564,492.7901671590831,0.7623728045347867,human_lung_5loc,human_lung_5loc_fine9_clustered_sim_scnoise10,novoSpaRc
Mast_cell,424.54314833440094,103.50193184946966,0.24379602463385897,human_lung_5loc,human_lung_5loc_fine9_clustered_sim_scnoise10,novoSpaRc
AT2,808.2428200776988,388.0801661565803,0.4801529398297321,human_lung_5loc,human_lung_5loc_fine9_clustered_sim_scnoise10,SpaOTsc
B_cell,381.77038989053176,51.59282796172376,0.13514098874068628,human_lung_5loc,human_lung_5loc_fine9_clustered_sim_scnoise10,SpaOTsc
Ciliated,44.62633872208187,8.38618348032652,0.18792004274769006,human_lung_5loc,human_lung_5loc_fine9_clustered_sim_scnoise10,SpaOTsc
DC,172.56898237119813,21.24566006865441,0.1231140137510617,human_lung_5loc,human_lung_5loc_fine9_clustered_sim_scnoise10,SpaOTsc
Endothelia_vascular,326.64062081756106,216.0705918452664,0.6614933295940205,human_lung_5loc,human_lung_5loc_fine9_clustered_sim_scnoise10,SpaOTsc
Erythrocyte,53.85757584802272,13.032553746422249,0.2419818111234339,human_lung_5loc,human_lung_5loc_fine9_clustered_sim_scnoise10,SpaOTsc
Fibroblast,415.3601107745484,208.70773391029616,0.5024741868474216,human_lung_5loc,human_lung_5loc_fine9_clustered_sim_scnoise10,SpaOTsc
Macrophage_alveolar,646.3900131639564,377.8603273099178,0.5845701814920735,human_lung_5loc,human_lung_5loc_fine9_clustered_sim_scnoise10,SpaOTsc
Mast_cell,424.54314833440094,47.7770475186482,0.11253755408864952,human_lung_5loc,human_lung_5loc_fine9_clustered_sim_scnoise10,SpaOTsc
AT2,808.2428200776988,263.6849616771951,0.3262447313195387,human_lung_5loc,human_lung_5loc_fine9_clustered_sim_scnoise10,CellTrek
B_cell,381.77038989053176,348.94709426935833,0.9140234641283073,human_lung_5loc,human_lung_5loc_fine9_clustered_sim_scnoise10,CellTrek
Ciliated,44.62633872208187,7.25755110652217,0.16262931968763575,human_lung_5loc,human_lung_5loc_fine9_clustered_sim_scnoise10,CellTrek
DC,172.56898237119813,69.5917149437071,0.4032689651841049,human_lung_5loc,human_lung_5loc_fine9_clustered_sim_scnoise10,CellTrek
Endothelia_vascular,326.64062081756106,300.1709412830517,0.9189639075867007,human_lung_5loc,human_lung_5loc_fine9_clustered_sim_scnoise10,CellTrek
Erythrocyte,53.85757584802272,3.4833333557218307,0.06467675718549287,human_lung_5loc,human_lung_5loc_fine9_clustered_sim_scnoise10,CellTrek
Fibroblast,415.3601107745484,272.5554717375212,0.6561907719768028,human_lung_5loc,human_lung_5loc_fine9_clustered_sim_scnoise10,CellTrek
Macrophage_alveolar,646.3900131639564,526.2071196002901,0.8140706212718327,human_lung_5loc,human_lung_5loc_fine9_clustered_sim_scnoise10,CellTrek
Mast_cell,424.54314833440094,176.0261174855585,0.41462479886003856,human_lung_5loc,human_lung_5loc_fine9_clustered_sim_scnoise10,CellTrek
B_cell,381.52038989053176,141.35304631064483,0.3704993233813866,human_lung_5loc,human_lung_5loc_fine9_clustered_sim_missing_at2_scnoise10,CytoSPACE
Ciliated,853.119158810124,124.5,0.1459350651246007,human_lung_5loc,human_lung_5loc_fine9_clustered_sim_missing_at2_scnoise10,CytoSPACE
DC,172.5689823675429,58.80000001115638,0.34073330678813574,human_lung_5loc,human_lung_5loc_fine9_clustered_sim_missing_at2_scnoise10,CytoSPACE
Endothelia_vascular,326.6406208153388,319.3895913370513,0.9778012010258001,human_lung_5loc,human_lung_5loc_fine9_clustered_sim_missing_at2_scnoise10,CytoSPACE
Erythrocyte,52.52424252135606,16.36547616443447,0.3115794798521913,human_lung_5loc,human_lung_5loc_fine9_clustered_sim_missing_at2_scnoise10,CytoSPACE
Fibroblast,414.36011077008254,391.17726942406006,0.9440514645511183,human_lung_5loc,human_lung_5loc_fine9_clustered_sim_missing_at2_scnoise10,CytoSPACE
Macrophage_alveolar,644.723346490623,495.72919538853114,0.7689021936104824,human_lung_5loc,human_lung_5loc_fine9_clustered_sim_missing_at2_scnoise10,CytoSPACE
Mast_cell,421.54314833440094,121.72759186774798,0.2887666241254718,human_lung_5loc,human_lung_5loc_fine9_clustered_sim_missing_at2_scnoise10,CytoSPACE
B_cell,381.52038989053176,176.44827525380558,0.46248714335931884,human_lung_5loc,human_lung_5loc_fine9_clustered_sim_missing_at2_scnoise10,SVTuner + CytoSPACE
Ciliated,853.119158810124,156.0,0.18285839485492134,human_lung_5loc,human_lung_5loc_fine9_clustered_sim_missing_at2_scnoise10,SVTuner + CytoSPACE
DC,172.5689823675429,80.06393075815245,0.4639531951786663,human_lung_5loc,human_lung_5loc_fine9_clustered_sim_missing_at2_scnoise10,SVTuner + CytoSPACE
Endothelia_vascular,326.6406208153388,320.0989263740504,0.979972807959526,human_lung_5loc,human_lung_5loc_fine9_clustered_sim_missing_at2_scnoise10,SVTuner + CytoSPACE
Erythrocyte,52.52424252135606,11.084523805316536,0.21103633814061443,human_lung_5loc,human_lung_5loc_fine9_clustered_sim_missing_at2_scnoise10,SVTuner + CytoSPACE
Fibroblast,414.36011077008254,405.0232033171102,0.9774666836640722,human_lung_5loc,human_lung_5loc_fine9_clustered_sim_missing_at2_scnoise10,SVTuner + CytoSPACE
Macrophage_alveolar,644.723346490623,574.1142096867493,0.8904814953759385,human_lung_5loc,human_lung_5loc_fine9_clustered_sim_missing_at2_scnoise10,SVTuner + CytoSPACE
Mast_cell,421.5431483344009,148.2457813800915,0.35167403850789525,human_lung_5loc,human_lung_5loc_fine9_clustered_sim_missing_at2_scnoise10,SVTuner + CytoSPACE
B_cell,381.52038989053176,139.04764344489146,0.3644566506256399,human_lung_5loc,human_lung_5loc_fine9_clustered_sim_missing_at2_scnoise10,"Tangram
(all genes)"
Ciliated,853.119158810124,94.13109916659229,0.11033757499700315,human_lung_5loc,human_lung_5loc_fine9_clustered_sim_missing_at2_scnoise10,"Tangram
(all genes)"
DC,172.5689823675429,58.74095583196995,0.3403911585157383,human_lung_5loc,human_lung_5loc_fine9_clustered_sim_missing_at2_scnoise10,"Tangram
(all genes)"
Endothelia_vascular,326.6406208153388,307.00774552023324,0.9398945690033919,human_lung_5loc,human_lung_5loc_fine9_clustered_sim_missing_at2_scnoise10,"Tangram
(all genes)"
Erythrocyte,52.52424252135606,40.88732398160819,0.7784467137243081,human_lung_5loc,human_lung_5loc_fine9_clustered_sim_missing_at2_scnoise10,"Tangram
(all genes)"
Fibroblast,414.36011077008254,382.24852991654086,0.9225032042928487,human_lung_5loc,human_lung_5loc_fine9_clustered_sim_missing_at2_scnoise10,"Tangram
(all genes)"
Macrophage_alveolar,644.723346490623,462.1206521277077,0.7167735659692429,human_lung_5loc,human_lung_5loc_fine9_clustered_sim_missing_at2_scnoise10,"Tangram
(all genes)"
Mast_cell,421.5431483344009,128.90547555340567,0.30579426106849633,human_lung_5loc,human_lung_5loc_fine9_clustered_sim_missing_at2_scnoise10,"Tangram
(all genes)"
B_cell,381.52038989053176,155.82724280710926,0.4084375224396793,human_lung_5loc,human_lung_5loc_fine9_clustered_sim_missing_at2_scnoise10,"Tangram
(marker genes)"
Ciliated,853.119158810124,116.72097730725096,0.13681673433526673,human_lung_5loc,human_lung_5loc_fine9_clustered_sim_missing_at2_scnoise10,"Tangram
(marker genes)"
DC,172.5689823675429,58.064360988966584,0.3364704374584493,human_lung_5loc,human_lung_5loc_fine9_clustered_sim_missing_at2_scnoise10,"Tangram
(marker genes)"
Endothelia_vascular,326.6406208153388,303.5945233516129,0.9294450965522911,human_lung_5loc,human_lung_5loc_fine9_clustered_sim_missing_at2_scnoise10,"Tangram
(marker genes)"
Erythrocyte,52.52424252135606,36.14551298216674,0.688168191430275,human_lung_5loc,human_lung_5loc_fine9_clustered_sim_missing_at2_scnoise10,"Tangram
(marker genes)"
Fibroblast,414.36011077008254,383.46625545797724,0.9254420140619002,human_lung_5loc,human_lung_5loc_fine9_clustered_sim_missing_at2_scnoise10,"Tangram
(marker genes)"
Macrophage_alveolar,644.723346490623,430.9594661634198,0.6684409188983631,human_lung_5loc,human_lung_5loc_fine9_clustered_sim_missing_at2_scnoise10,"Tangram
(marker genes)"
Mast_cell,421.5431483344009,145.8404954307457,0.3459681316301544,human_lung_5loc,human_lung_5loc_fine9_clustered_sim_missing_at2_scnoise10,"Tangram
(marker genes)"
B_cell,381.52038989053176,113.89874709753619,0.2985390823547248,human_lung_5loc,human_lung_5loc_fine9_clustered_sim_missing_at2_scnoise10,novoSpaRc
Ciliated,853.119158810124,114.52537842653982,0.1342431209565994,human_lung_5loc,human_lung_5loc_fine9_clustered_sim_missing_at2_scnoise10,novoSpaRc
DC,172.5689823675429,65.60253099350948,0.3801525053545667,human_lung_5loc,human_lung_5loc_fine9_clustered_sim_missing_at2_scnoise10,novoSpaRc
Endothelia_vascular,326.6406208153388,319.6780181873095,0.9786842107676328,human_lung_5loc,human_lung_5loc_fine9_clustered_sim_missing_at2_scnoise10,novoSpaRc
Erythrocyte,52.52424252135606,32.806106573388405,0.6245898084117943,human_lung_5loc,human_lung_5loc_fine9_clustered_sim_missing_at2_scnoise10,novoSpaRc
Fibroblast,414.36011077008254,369.36457856315235,0.8914095950903512,human_lung_5loc,human_lung_5loc_fine9_clustered_sim_missing_at2_scnoise10,novoSpaRc
Macrophage_alveolar,644.723346490623,494.50967816429835,0.7670106579140151,human_lung_5loc,human_lung_5loc_fine9_clustered_sim_missing_at2_scnoise10,novoSpaRc
Mast_cell,421.5431483344009,105.2897361411585,0.24977214445823342,human_lung_5loc,human_lung_5loc_fine9_clustered_sim_missing_at2_scnoise10,novoSpaRc
B_cell,381.52038989053176,52.236640754332626,0.13691703546780473,human_lung_5loc,human_lung_5loc_fine9_clustered_sim_missing_at2_scnoise10,SpaOTsc
Ciliated,853.119158810124,90.15636870030252,0.10567851837490891,human_lung_5loc,human_lung_5loc_fine9_clustered_sim_missing_at2_scnoise10,SpaOTsc
DC,172.5689823675429,22.700936893119714,0.1315470287978551,human_lung_5loc,human_lung_5loc_fine9_clustered_sim_missing_at2_scnoise10,SpaOTsc
Endothelia_vascular,326.6406208153388,222.82711050078768,0.6821781992226849,human_lung_5loc,human_lung_5loc_fine9_clustered_sim_missing_at2_scnoise10,SpaOTsc
Erythrocyte,52.52424252135606,12.119093077124598,0.23073332418258186,human_lung_5loc,human_lung_5loc_fine9_clustered_sim_missing_at2_scnoise10,SpaOTsc
Fibroblast,414.36011077008254,216.1515657587772,0.521651481743893,human_lung_5loc,human_lung_5loc_fine9_clustered_sim_missing_at2_scnoise10,SpaOTsc
Macrophage_alveolar,644.723346490623,379.8184310625768,0.5891184693869325,human_lung_5loc,human_lung_5loc_fine9_clustered_sim_missing_at2_scnoise10,SpaOTsc
Mast_cell,421.5431483344009,48.69653479451239,0.1155196923183828,human_lung_5loc,human_lung_5loc_fine9_clustered_sim_missing_at2_scnoise10,SpaOTsc
B_cell,381.52038989053176,295.09700757023893,0.7734763734512591,human_lung_5loc,human_lung_5loc_fine9_clustered_sim_missing_at2_scnoise10,CellTrek
Ciliated,853.119158810124,77.63659838998603,0.09100322925377576,human_lung_5loc,human_lung_5loc_fine9_clustered_sim_missing_at2_scnoise10,CellTrek
DC,172.5689823675429,113.73272144738434,0.6590565690719133,human_lung_5loc,human_lung_5loc_fine9_clustered_sim_missing_at2_scnoise10,CellTrek
Endothelia_vascular,326.6406208153388,318.7325581894637,0.9757897146835702,human_lung_5loc,human_lung_5loc_fine9_clustered_sim_missing_at2_scnoise10,CellTrek
Erythrocyte,52.52424252135606,1.1388888951045189,0.021683109368811043,human_lung_5loc,human_lung_5loc_fine9_clustered_sim_missing_at2_scnoise10,CellTrek
Fibroblast,414.36011077008254,293.2452613968073,0.7077063012938553,human_lung_5loc,human_lung_5loc_fine9_clustered_sim_missing_at2_scnoise10,CellTrek
Macrophage_alveolar,644.723346490623,536.197890323743,0.8316712792275803,human_lung_5loc,human_lung_5loc_fine9_clustered_sim_missing_at2_scnoise10,CellTrek
Mast_cell,421.5431483344009,284.2400163989165,0.6742845128001824,human_lung_5loc,human_lung_5loc_fine9_clustered_sim_missing_at2_scnoise10,CellTrek
B_cell,381.52038990592,133.9429510498409,0.35107678277134863,human_lung_5loc,human_lung_5loc_fine9_clustered_sim_missing_at2_fibroblast_scnoise10,CytoSPACE
Ciliated,1262.8126029604168,125.0,0.09898539158301238,human_lung_5loc,human_lung_5loc_fine9_clustered_sim_missing_at2_fibroblast_scnoise10,CytoSPACE
DC,172.23564902137895,65.2291552351953,0.37872040780070243,human_lung_5loc,human_lung_5loc_fine9_clustered_sim_missing_at2_fibroblast_scnoise10,CytoSPACE
Endothelia_vascular,326.64062075415006,323.93329752149305,0.9917116149656882,human_lung_5loc,human_lung_5loc_fine9_clustered_sim_missing_at2_fibroblast_scnoise10,CytoSPACE
Erythrocyte,54.02424252135606,16.99761903528136,0.31462947450974654,human_lung_5loc,human_lung_5loc_fine9_clustered_sim_missing_at2_fibroblast_scnoise10,CytoSPACE
Macrophage_alveolar,645.3900131704945,490.0537601881944,0.7593141359296731,human_lung_5loc,human_lung_5loc_fine9_clustered_sim_missing_at2_fibroblast_scnoise10,CytoSPACE
Mast_cell,422.3764816662835,121.49191780037957,0.2876389265829659,human_lung_5loc,human_lung_5loc_fine9_clustered_sim_missing_at2_fibroblast_scnoise10,CytoSPACE
B_cell,381.52038990592,230.5261603612848,0.6042302494452021,human_lung_5loc,human_lung_5loc_fine9_clustered_sim_missing_at2_fibroblast_scnoise10,SVTuner + CytoSPACE
Ciliated,1262.8126029604168,216.4999987331321,0.17144269721856611,human_lung_5loc,human_lung_5loc_fine9_clustered_sim_missing_at2_fibroblast_scnoise10,SVTuner + CytoSPACE
DC,172.23564902137892,86.8664266491753,0.5043463832414445,human_lung_5loc,human_lung_5loc_fine9_clustered_sim_missing_at2_fibroblast_scnoise10,SVTuner + CytoSPACE
Endothelia_vascular,326.64062075415006,326.56919007220023,0.999781317210992,human_lung_5loc,human_lung_5loc_fine9_clustered_sim_missing_at2_fibroblast_scnoise10,SVTuner + CytoSPACE
Erythrocyte,54.02424252135606,7.783333342319882,0.14407112398185112,human_lung_5loc,human_lung_5loc_fine9_clustered_sim_missing_at2_fibroblast_scnoise10,SVTuner + CytoSPACE
Macrophage_alveolar,645.3900131704945,631.7580735325713,0.9788779817478799,human_lung_5loc,human_lung_5loc_fine9_clustered_sim_missing_at2_fibroblast_scnoise10,SVTuner + CytoSPACE
Mast_cell,422.37648166628355,190.85429335780302,0.45185823937184916,human_lung_5loc,human_lung_5loc_fine9_clustered_sim_missing_at2_fibroblast_scnoise10,SVTuner + CytoSPACE
B_cell,381.52038990592,129.67703058242498,0.3398954132291654,human_lung_5loc,human_lung_5loc_fine9_clustered_sim_missing_at2_fibroblast_scnoise10,"Tangram
(all genes)"
Ciliated,1262.812602960417,94.92991565480884,0.0751733989922687,human_lung_5loc,human_lung_5loc_fine9_clustered_sim_missing_at2_fibroblast_scnoise10,"Tangram
(all genes)"
DC,172.23564902137892,56.615979536079834,0.3287123186039861,human_lung_5loc,human_lung_5loc_fine9_clustered_sim_missing_at2_fibroblast_scnoise10,"Tangram
(all genes)"
Endothelia_vascular,326.64062075415006,285.9517967601732,0.8754324434602339,human_lung_5loc,human_lung_5loc_fine9_clustered_sim_missing_at2_fibroblast_scnoise10,"Tangram
(all genes)"
Erythrocyte,54.02424252135606,40.26401117919964,0.7452952470973206,human_lung_5loc,human_lung_5loc_fine9_clustered_sim_missing_at2_fibroblast_scnoise10,"Tangram
(all genes)"
Macrophage_alveolar,645.3900131704945,448.89753312767255,0.6955445915911407,human_lung_5loc,human_lung_5loc_fine9_clustered_sim_missing_at2_fibroblast_scnoise10,"Tangram
(all genes)"
Mast_cell,422.3764816662835,124.12425526097212,0.2938711330974194,human_lung_5loc,human_lung_5loc_fine9_clustered_sim_missing_at2_fibroblast_scnoise10,"Tangram
(all genes)"
B_cell,381.52038990592,149.56517148342127,0.39202405805965673,human_lung_5loc,human_lung_5loc_fine9_clustered_sim_missing_at2_fibroblast_scnoise10,"Tangram
(marker genes)"
Ciliated,1262.812602960417,115.87084126568652,0.09175616476589639,human_lung_5loc,human_lung_5loc_fine9_clustered_sim_missing_at2_fibroblast_scnoise10,"Tangram
(marker genes)"
DC,172.23564902137892,56.70833887452518,0.3292485568274324,human_lung_5loc,human_lung_5loc_fine9_clustered_sim_missing_at2_fibroblast_scnoise10,"Tangram
(marker genes)"
Endothelia_vascular,326.64062075415006,284.85071598407,0.8720615192513557,human_lung_5loc,human_lung_5loc_fine9_clustered_sim_missing_at2_fibroblast_scnoise10,"Tangram
(marker genes)"
Erythrocyte,54.02424252135606,34.89127065149984,0.6458446990294615,human_lung_5loc,human_lung_5loc_fine9_clustered_sim_missing_at2_fibroblast_scnoise10,"Tangram
(marker genes)"
Macrophage_alveolar,645.3900131704945,414.8185066310538,0.642740820536171,human_lung_5loc,human_lung_5loc_fine9_clustered_sim_missing_at2_fibroblast_scnoise10,"Tangram
(marker genes)"
Mast_cell,422.3764816662835,140.93165963241802,0.3336636052188319,human_lung_5loc,human_lung_5loc_fine9_clustered_sim_missing_at2_fibroblast_scnoise10,"Tangram
(marker genes)"
B_cell,381.52038990592,109.9629678607838,0.2882230433028752,human_lung_5loc,human_lung_5loc_fine9_clustered_sim_missing_at2_fibroblast_scnoise10,novoSpaRc
Ciliated,1262.812602960417,119.88093417023946,0.09493168969742784,human_lung_5loc,human_lung_5loc_fine9_clustered_sim_missing_at2_fibroblast_scnoise10,novoSpaRc
DC,172.23564902137892,65.65415004879277,0.38118792724869277,human_lung_5loc,human_lung_5loc_fine9_clustered_sim_missing_at2_fibroblast_scnoise10,novoSpaRc
Endothelia_vascular,326.64062075415006,316.80442835675626,0.9698868059499645,human_lung_5loc,human_lung_5loc_fine9_clustered_sim_missing_at2_fibroblast_scnoise10,novoSpaRc
Erythrocyte,54.02424252135606,32.77951035858875,0.6067555754369133,human_lung_5loc,human_lung_5loc_fine9_clustered_sim_missing_at2_fibroblast_scnoise10,novoSpaRc
Macrophage_alveolar,645.3900131704945,491.43932067084904,0.7614609935729267,human_lung_5loc,human_lung_5loc_fine9_clustered_sim_missing_at2_fibroblast_scnoise10,novoSpaRc
Mast_cell,422.3764816662835,101.67823955295377,0.2407289325197064,human_lung_5loc,human_lung_5loc_fine9_clustered_sim_missing_at2_fibroblast_scnoise10,novoSpaRc
B_cell,381.52038990592,50.270857521482576,0.13176453697239873,human_lung_5loc,human_lung_5loc_fine9_clustered_sim_missing_at2_fibroblast_scnoise10,SpaOTsc
Ciliated,1262.812602960417,103.47670562562837,0.08194145780858338,human_lung_5loc,human_lung_5loc_fine9_clustered_sim_missing_at2_fibroblast_scnoise10,SpaOTsc
DC,172.23564902137892,21.556533207318488,0.1251572094964078,human_lung_5loc,human_lung_5loc_fine9_clustered_sim_missing_at2_fibroblast_scnoise10,SpaOTsc
Endothelia_vascular,326.64062075415006,217.05245864075175,0.6644992840744044,human_lung_5loc,human_lung_5loc_fine9_clustered_sim_missing_at2_fibroblast_scnoise10,SpaOTsc
Erythrocyte,54.02424252135606,11.986109606514795,0.221865389445796,human_lung_5loc,human_lung_5loc_fine9_clustered_sim_missing_at2_fibroblast_scnoise10,SpaOTsc
Macrophage_alveolar,645.3900131704945,372.04237002774585,0.5764613062419086,human_lung_5loc,human_lung_5loc_fine9_clustered_sim_missing_at2_fibroblast_scnoise10,SpaOTsc
Mast_cell,422.3764816662835,46.412804599748675,0.10988491692683564,human_lung_5loc,human_lung_5loc_fine9_clustered_sim_missing_at2_fibroblast_scnoise10,SpaOTsc
B_cell,381.52038990592,171.7833197728104,0.4502598663604082,human_lung_5loc,human_lung_5loc_fine9_clustered_sim_missing_at2_fibroblast_scnoise10,CellTrek
Ciliated,1262.812602960417,379.2934284744872,0.30035606833928324,human_lung_5loc,human_lung_5loc_fine9_clustered_sim_missing_at2_fibroblast_scnoise10,CellTrek
DC,172.23564902137892,39.13527780931609,0.22721938246627665,human_lung_5loc,human_lung_5loc_fine9_clustered_sim_missing_at2_fibroblast_scnoise10,CellTrek
Endothelia_vascular,326.64062075415006,325.9398607835461,0.9978546453622761,human_lung_5loc,human_lung_5loc_fine9_clustered_sim_missing_at2_fibroblast_scnoise10,CellTrek
Erythrocyte,54.02424252135606,4.4761904779893005,0.08285521960293732,human_lung_5loc,human_lung_5loc_fine9_clustered_sim_missing_at2_fibroblast_scnoise10,CellTrek
Macrophage_alveolar,645.3900131704945,486.5068138319531,0.7538183174573406,human_lung_5loc,human_lung_5loc_fine9_clustered_sim_missing_at2_fibroblast_scnoise10,CellTrek
Mast_cell,422.3764816662835,159.8933365844315,0.37855643844953,human_lung_5loc,human_lung_5loc_fine9_clustered_sim_missing_at2_fibroblast_scnoise10,CellTrek
Astro_CTX,210.0992666401564,158.03064490883503,0.7521713304192492,mouse_brain_refined,mouse_brain_refined7_balanced_clustered_sim_scnoise10,CytoSPACE
Ext_L56,2822.22733355742,1372.220507006734,0.48621898409475356,mouse_brain_refined,mouse_brain_refined7_balanced_clustered_sim_scnoise10,CytoSPACE
Ext_Thal_1,943.840952651629,904.7105772676202,0.9585413461091344,mouse_brain_refined,mouse_brain_refined7_balanced_clustered_sim_scnoise10,CytoSPACE
Inh_Pvalb,946.3162678504509,826.2774619233197,0.873151492788137,mouse_brain_refined,mouse_brain_refined7_balanced_clustered_sim_scnoise10,CytoSPACE
Micro,1306.8342520915796,1221.7774471181303,0.9349138539663187,mouse_brain_refined,mouse_brain_refined7_balanced_clustered_sim_scnoise10,CytoSPACE
Nb_1,84.89403888538527,73.58130338410456,0.8667428755916073,mouse_brain_refined,mouse_brain_refined7_balanced_clustered_sim_scnoise10,CytoSPACE
Oligo_2,2154.7878883233784,1384.0108679675266,0.6422956410082726,mouse_brain_refined,mouse_brain_refined7_balanced_clustered_sim_scnoise10,CytoSPACE
Astro_CTX,210.0992666401564,158.03064490883503,0.7521713304192492,mouse_brain_refined,mouse_brain_refined7_balanced_clustered_sim_scnoise10,SVTuner + CytoSPACE
Ext_L56,2822.22733355742,1372.220507006734,0.48621898409475356,mouse_brain_refined,mouse_brain_refined7_balanced_clustered_sim_scnoise10,SVTuner + CytoSPACE
Ext_Thal_1,943.840952651629,904.7105772676202,0.9585413461091344,mouse_brain_refined,mouse_brain_refined7_balanced_clustered_sim_scnoise10,SVTuner + CytoSPACE
Inh_Pvalb,946.3162678504509,826.2774619233197,0.873151492788137,mouse_brain_refined,mouse_brain_refined7_balanced_clustered_sim_scnoise10,SVTuner + CytoSPACE
Micro,1306.8342520915796,1221.7774471181303,0.9349138539663187,mouse_brain_refined,mouse_brain_refined7_balanced_clustered_sim_scnoise10,SVTuner + CytoSPACE
Nb_1,84.89403888538527,73.58130338410456,0.8667428755916073,mouse_brain_refined,mouse_brain_refined7_balanced_clustered_sim_scnoise10,SVTuner + CytoSPACE
Oligo_2,2154.7878883233784,1384.0108679675266,0.6422956410082726,mouse_brain_refined,mouse_brain_refined7_balanced_clustered_sim_scnoise10,SVTuner + CytoSPACE
Astro_CTX,210.0992666401564,198.84108889680633,0.9464149593504659,mouse_brain_refined,mouse_brain_refined7_balanced_clustered_sim_scnoise10,"Tangram
(all genes)"
Ext_L56,2822.22733355742,1443.2119805294483,0.5113733976597408,mouse_brain_refined,mouse_brain_refined7_balanced_clustered_sim_scnoise10,"Tangram
(all genes)"
Ext_Thal_1,943.840952651629,886.681208057563,0.93943921967628,mouse_brain_refined,mouse_brain_refined7_balanced_clustered_sim_scnoise10,"Tangram
(all genes)"
Inh_Pvalb,946.3162678504508,881.8792897521332,0.9319075659085037,mouse_brain_refined,mouse_brain_refined7_balanced_clustered_sim_scnoise10,"Tangram
(all genes)"
Micro,1306.8342520915799,1108.0895540092758,0.8479189707767344,mouse_brain_refined,mouse_brain_refined7_balanced_clustered_sim_scnoise10,"Tangram
(all genes)"
Nb_1,84.89403888538529,55.519032641020786,0.653980342671369,mouse_brain_refined,mouse_brain_refined7_balanced_clustered_sim_scnoise10,"Tangram
(all genes)"
Oligo_2,2154.7878883233784,1373.1657205429021,0.6372625946080245,mouse_brain_refined,mouse_brain_refined7_balanced_clustered_sim_scnoise10,"Tangram
(all genes)"
Astro_CTX,210.0992666401564,200.45835774204812,0.954112600903931,mouse_brain_refined,mouse_brain_refined7_balanced_clustered_sim_scnoise10,"Tangram
(marker genes)"
Ext_L56,2822.22733355742,1345.867010402983,0.4768811478792236,mouse_brain_refined,mouse_brain_refined7_balanced_clustered_sim_scnoise10,"Tangram
(marker genes)"
Ext_Thal_1,943.840952651629,892.1475555455281,0.9452308177973489,mouse_brain_refined,mouse_brain_refined7_balanced_clustered_sim_scnoise10,"Tangram
(marker genes)"
Inh_Pvalb,946.3162678504508,904.7218230777454,0.956045937086988,mouse_brain_refined,mouse_brain_refined7_balanced_clustered_sim_scnoise10,"Tangram
(marker genes)"
Micro,1306.8342520915799,1240.8284912609838,0.9494918649974515,mouse_brain_refined,mouse_brain_refined7_balanced_clustered_sim_scnoise10,"Tangram
(marker genes)"
Nb_1,84.89403888538529,59.73352331971255,0.7036244723891423,mouse_brain_refined,mouse_brain_refined7_balanced_clustered_sim_scnoise10,"Tangram
(marker genes)"
Oligo_2,2154.7878883233784,1549.5706562499072,0.7191290913815255,mouse_brain_refined,mouse_brain_refined7_balanced_clustered_sim_scnoise10,"Tangram
(marker genes)"
Astro_CTX,210.0992666401564,147.96590517576257,0.7042666428207406,mouse_brain_refined,mouse_brain_refined7_balanced_clustered_sim_scnoise10,novoSpaRc
Ext_L56,2822.22733355742,1385.6335672239074,0.49097163461928317,mouse_brain_refined,mouse_brain_refined7_balanced_clustered_sim_scnoise10,novoSpaRc
Ext_Thal_1,943.840952651629,928.7843584476794,0.984047530294538,mouse_brain_refined,mouse_brain_refined7_balanced_clustered_sim_scnoise10,novoSpaRc
Inh_Pvalb,946.3162678504508,859.1496629051672,0.9078885062989758,mouse_brain_refined,mouse_brain_refined7_balanced_clustered_sim_scnoise10,novoSpaRc
Micro,1306.8342520915799,1249.2169567439942,0.9559107857363169,mouse_brain_refined,mouse_brain_refined7_balanced_clustered_sim_scnoise10,novoSpaRc
Nb_1,84.89403888538529,74.67010678841822,0.8795683156178927,mouse_brain_refined,mouse_brain_refined7_balanced_clustered_sim_scnoise10,novoSpaRc
Oligo_2,2154.7878883233784,1385.634752568438,0.6430492579232884,mouse_brain_refined,mouse_brain_refined7_balanced_clustered_sim_scnoise10,novoSpaRc
Astro_CTX,210.0992666401564,173.51344030336992,0.8258640930934416,mouse_brain_refined,mouse_brain_refined7_balanced_clustered_sim_scnoise10,SpaOTsc
Ext_L56,2822.22733355742,1451.893005623637,0.5144493458624131,mouse_brain_refined,mouse_brain_refined7_balanced_clustered_sim_scnoise10,SpaOTsc
Ext_Thal_1,943.840952651629,874.0718287488862,0.9260795754764262,mouse_brain_refined,mouse_brain_refined7_balanced_clustered_sim_scnoise10,SpaOTsc
Inh_Pvalb,946.3162678504508,872.0162224832127,0.9214849750644042,mouse_brain_refined,mouse_brain_refined7_balanced_clustered_sim_scnoise10,SpaOTsc
Micro,1306.8342520915799,1198.1386382177186,0.9168252487261528,mouse_brain_refined,mouse_brain_refined7_balanced_clustered_sim_scnoise10,SpaOTsc
Nb_1,84.89403888538529,37.31047404228121,0.43949462803452854,mouse_brain_refined,mouse_brain_refined7_balanced_clustered_sim_scnoise10,SpaOTsc
Oligo_2,2154.7878883233784,1431.2029031999773,0.66419665293069,mouse_brain_refined,mouse_brain_refined7_balanced_clustered_sim_scnoise10,SpaOTsc
Astro_CTX,210.0992666401564,125.65542650870529,0.5980764641312113,mouse_brain_refined,mouse_brain_refined7_balanced_clustered_sim_scnoise10,CellTrek
Ext_L56,2822.22733355742,2433.834540379278,0.8623807555968312,mouse_brain_refined,mouse_brain_refined7_balanced_clustered_sim_scnoise10,CellTrek
Ext_Thal_1,943.840952651629,769.2798752371401,0.8150524440329946,mouse_brain_refined,mouse_brain_refined7_balanced_clustered_sim_scnoise10,CellTrek
Inh_Pvalb,946.3162678504508,649.9441454291245,0.6868149344039779,mouse_brain_refined,mouse_brain_refined7_balanced_clustered_sim_scnoise10,CellTrek
Micro,1306.8342520915799,592.6277761205802,0.4534835042562461,mouse_brain_refined,mouse_brain_refined7_balanced_clustered_sim_scnoise10,CellTrek
Nb_1,84.89403888538529,76.77884889952506,0.9044080115352213,mouse_brain_refined,mouse_brain_refined7_balanced_clustered_sim_scnoise10,CellTrek
Oligo_2,2154.7878883233784,1906.4850929529412,0.8847669430870806,mouse_brain_refined,mouse_brain_refined7_balanced_clustered_sim_scnoise10,CellTrek
Astro_CTX,210.09926664015748,205.58993203083767,0.9785371235157947,mouse_brain_refined,mouse_brain_refined7_balanced_clustered_sim_missing_micro_fill_ext_l56_scnoise10,CytoSPACE
Ext_L56,4129.061585509874,1383.7165001093788,0.33511645962493236,mouse_brain_refined,mouse_brain_refined7_balanced_clustered_sim_missing_micro_fill_ext_l56_scnoise10,CytoSPACE
Ext_Thal_1,943.8409526648583,897.134912514986,0.9505149251915785,mouse_brain_refined,mouse_brain_refined7_balanced_clustered_sim_missing_micro_fill_ext_l56_scnoise10,CytoSPACE
Inh_Pvalb,946.3162679272509,756.8617491572242,0.7997978845011345,mouse_brain_refined,mouse_brain_refined7_balanced_clustered_sim_missing_micro_fill_ext_l56_scnoise10,CytoSPACE
Nb_1,84.89403888599377,79.2953092564045,0.9340503797079565,mouse_brain_refined,mouse_brain_refined7_balanced_clustered_sim_missing_micro_fill_ext_l56_scnoise10,CytoSPACE
Oligo_2,2154.7878883718654,1375.5455625097854,0.6383670383209425,mouse_brain_refined,mouse_brain_refined7_balanced_clustered_sim_missing_micro_fill_ext_l56_scnoise10,CytoSPACE
Astro_CTX,210.09926664015742,186.97058662758602,0.8899154652824919,mouse_brain_refined,mouse_brain_refined7_balanced_clustered_sim_missing_micro_fill_ext_l56_scnoise10,SVTuner + CytoSPACE
Ext_L56,4129.061585509874,1654.447837137247,0.40068373960398285,mouse_brain_refined,mouse_brain_refined7_balanced_clustered_sim_missing_micro_fill_ext_l56_scnoise10,SVTuner + CytoSPACE
Ext_Thal_1,943.8409526648583,910.0608120587688,0.9642099227515886,mouse_brain_refined,mouse_brain_refined7_balanced_clustered_sim_missing_micro_fill_ext_l56_scnoise10,SVTuner + CytoSPACE
Inh_Pvalb,946.316267927251,790.1804352989094,0.8350067118994675,mouse_brain_refined,mouse_brain_refined7_balanced_clustered_sim_missing_micro_fill_ext_l56_scnoise10,SVTuner + CytoSPACE
Nb_1,84.89403888599377,81.51489450362541,0.9601957401637318,mouse_brain_refined,mouse_brain_refined7_balanced_clustered_sim_missing_micro_fill_ext_l56_scnoise10,SVTuner + CytoSPACE
Oligo_2,2154.7878883718654,1653.583814602393,0.767399809292516,mouse_brain_refined,mouse_brain_refined7_balanced_clustered_sim_missing_micro_fill_ext_l56_scnoise10,SVTuner + CytoSPACE
Astro_CTX,210.09926664015745,186.21917813558593,0.8863390201857697,mouse_brain_refined,mouse_brain_refined7_balanced_clustered_sim_missing_micro_fill_ext_l56_scnoise10,"Tangram
(all genes)"
Ext_L56,4129.061585509874,1425.5016434599056,0.34523622715205365,mouse_brain_refined,mouse_brain_refined7_balanced_clustered_sim_missing_micro_fill_ext_l56_scnoise10,"Tangram
(all genes)"
Ext_Thal_1,943.8409526648583,816.1137447213201,0.8646729540788511,mouse_brain_refined,mouse_brain_refined7_balanced_clustered_sim_missing_micro_fill_ext_l56_scnoise10,"Tangram
(all genes)"
Inh_Pvalb,946.316267927251,791.8011814083853,0.8367194015830401,mouse_brain_refined,mouse_brain_refined7_balanced_clustered_sim_missing_micro_fill_ext_l56_scnoise10,"Tangram
(all genes)"
Nb_1,84.89403888599378,54.821179186241864,0.6457600546000942,mouse_brain_refined,mouse_brain_refined7_balanced_clustered_sim_missing_micro_fill_ext_l56_scnoise10,"Tangram
(all genes)"
Oligo_2,2154.7878883718654,1306.344686999747,0.606252102143941,mouse_brain_refined,mouse_brain_refined7_balanced_clustered_sim_missing_micro_fill_ext_l56_scnoise10,"Tangram
(all genes)"
Astro_CTX,210.09926664015745,181.5487291886398,0.8641092950580503,mouse_brain_refined,mouse_brain_refined7_balanced_clustered_sim_missing_micro_fill_ext_l56_scnoise10,"Tangram
(marker genes)"
Ext_L56,4129.061585509874,1405.9243836130217,0.3404948932093519,mouse_brain_refined,mouse_brain_refined7_balanced_clustered_sim_missing_micro_fill_ext_l56_scnoise10,"Tangram
(marker genes)"
Ext_Thal_1,943.8409526648583,825.8800980013774,0.875020410663017,mouse_brain_refined,mouse_brain_refined7_balanced_clustered_sim_missing_micro_fill_ext_l56_scnoise10,"Tangram
(marker genes)"
Inh_Pvalb,946.316267927251,801.4633282991512,0.8469296740027769,mouse_brain_refined,mouse_brain_refined7_balanced_clustered_sim_missing_micro_fill_ext_l56_scnoise10,"Tangram
(marker genes)"
Nb_1,84.89403888599378,55.94573906393675,0.6590066840743389,mouse_brain_refined,mouse_brain_refined7_balanced_clustered_sim_missing_micro_fill_ext_l56_scnoise10,"Tangram
(marker genes)"
Oligo_2,2154.7878883718654,1496.1417429873375,0.6943336516142228,mouse_brain_refined,mouse_brain_refined7_balanced_clustered_sim_missing_micro_fill_ext_l56_scnoise10,"Tangram
(marker genes)"
Astro_CTX,210.09926664015745,200.09902309416708,0.9524022919931555,mouse_brain_refined,mouse_brain_refined7_balanced_clustered_sim_missing_micro_fill_ext_l56_scnoise10,novoSpaRc
Ext_L56,4129.061585509874,1385.6348579269284,0.33558105860894405,mouse_brain_refined,mouse_brain_refined7_balanced_clustered_sim_missing_micro_fill_ext_l56_scnoise10,novoSpaRc
Ext_Thal_1,943.8409526648583,923.2342639882279,0.9781672021981573,mouse_brain_refined,mouse_brain_refined7_balanced_clustered_sim_missing_micro_fill_ext_l56_scnoise10,novoSpaRc
Inh_Pvalb,946.316267927251,801.1238023203374,0.8465708869985574,mouse_brain_refined,mouse_brain_refined7_balanced_clustered_sim_missing_micro_fill_ext_l56_scnoise10,novoSpaRc
Nb_1,84.89403888599378,82.3215287092547,0.969697399128415,mouse_brain_refined,mouse_brain_refined7_balanced_clustered_sim_missing_micro_fill_ext_l56_scnoise10,novoSpaRc
Oligo_2,2154.7878883718654,1385.63466518,0.6430492173533473,mouse_brain_refined,mouse_brain_refined7_balanced_clustered_sim_missing_micro_fill_ext_l56_scnoise10,novoSpaRc
Astro_CTX,210.09926664015745,187.4156042851136,0.8920335957483624,mouse_brain_refined,mouse_brain_refined7_balanced_clustered_sim_missing_micro_fill_ext_l56_scnoise10,SpaOTsc
Ext_L56,4129.061585509874,1630.980859891084,0.39500037141966815,mouse_brain_refined,mouse_brain_refined7_balanced_clustered_sim_missing_micro_fill_ext_l56_scnoise10,SpaOTsc
Ext_Thal_1,943.8409526648583,876.7519649290953,0.9289191811964265,mouse_brain_refined,mouse_brain_refined7_balanced_clustered_sim_missing_micro_fill_ext_l56_scnoise10,SpaOTsc
Inh_Pvalb,946.316267927251,831.9710953075743,0.8791681211714442,mouse_brain_refined,mouse_brain_refined7_balanced_clustered_sim_missing_micro_fill_ext_l56_scnoise10,SpaOTsc
Nb_1,84.89403888599378,32.193360997833416,0.3792181573675231,mouse_brain_refined,mouse_brain_refined7_balanced_clustered_sim_missing_micro_fill_ext_l56_scnoise10,SpaOTsc
Oligo_2,2154.7878883718654,1414.4948884910084,0.6564427506411249,mouse_brain_refined,mouse_brain_refined7_balanced_clustered_sim_missing_micro_fill_ext_l56_scnoise10,SpaOTsc
Astro_CTX,210.09926664015745,151.62957802268878,0.7217044611697229,mouse_brain_refined,mouse_brain_refined7_balanced_clustered_sim_missing_micro_fill_ext_l56_scnoise10,CellTrek
Ext_L56,4129.061585509874,2912.0543120777693,0.7052581444406275,mouse_brain_refined,mouse_brain_refined7_balanced_clustered_sim_missing_micro_fill_ext_l56_scnoise10,CellTrek
Ext_Thal_1,943.8409526648583,437.9644332074086,0.46402355393761163,mouse_brain_refined,mouse_brain_refined7_balanced_clustered_sim_missing_micro_fill_ext_l56_scnoise10,CellTrek
Inh_Pvalb,946.316267927251,525.0416538125434,0.5548268286273469,mouse_brain_refined,mouse_brain_refined7_balanced_clustered_sim_missing_micro_fill_ext_l56_scnoise10,CellTrek
Nb_1,84.89403888599378,80.9947186639065,0.9540683860344568,mouse_brain_refined,mouse_brain_refined7_balanced_clustered_sim_missing_micro_fill_ext_l56_scnoise10,CellTrek
Oligo_2,2154.7878883718654,1062.992211583164,0.49331640358641027,mouse_brain_refined,mouse_brain_refined7_balanced_clustered_sim_missing_micro_fill_ext_l56_scnoise10,CellTrek
Astro_CTX,210.09926663135994,205.47331593086312,0.9779820711672759,mouse_brain_refined,mouse_brain_refined7_balanced_clustered_sim_missing_micro_oligo_2_fill_ext_l56_scnoise10,CytoSPACE
Ext_L56,6283.849473706749,1384.2029226011136,0.22027945264968177,mouse_brain_refined,mouse_brain_refined7_balanced_clustered_sim_missing_micro_oligo_2_fill_ext_l56_scnoise10,CytoSPACE
Ext_Thal_1,943.8409528470237,900.89630492226,0.95450012229791,mouse_brain_refined,mouse_brain_refined7_balanced_clustered_sim_missing_micro_oligo_2_fill_ext_l56_scnoise10,CytoSPACE
Inh_Pvalb,946.316267928873,758.5205571749531,0.8015507953118745,mouse_brain_refined,mouse_brain_refined7_balanced_clustered_sim_missing_micro_oligo_2_fill_ext_l56_scnoise10,CytoSPACE
Nb_1,84.89403888599377,68.28360529835433,0.8043392232763719,mouse_brain_refined,mouse_brain_refined7_balanced_clustered_sim_missing_micro_oligo_2_fill_ext_l56_scnoise10,CytoSPACE
Astro_CTX,210.09926663135994,205.5915140449315,0.9785446533978734,mouse_brain_refined,mouse_brain_refined7_balanced_clustered_sim_missing_micro_oligo_2_fill_ext_l56_scnoise10,SVTuner + CytoSPACE
Ext_L56,6283.849473706749,2057.8225616240125,0.3274780164984018,mouse_brain_refined,mouse_brain_refined7_balanced_clustered_sim_missing_micro_oligo_2_fill_ext_l56_scnoise10,SVTuner + CytoSPACE
Ext_Thal_1,943.8409528470238,914.419037314325,0.9688274645808175,mouse_brain_refined,mouse_brain_refined7_balanced_clustered_sim_missing_micro_oligo_2_fill_ext_l56_scnoise10,SVTuner + CytoSPACE
Inh_Pvalb,946.3162679288729,748.3491782100836,0.7908024025074998,mouse_brain_refined,mouse_brain_refined7_balanced_clustered_sim_missing_micro_oligo_2_fill_ext_l56_scnoise10,SVTuner + CytoSPACE
Nb_1,84.89403888599377,82.08126132471752,0.9668671958810489,mouse_brain_refined,mouse_brain_refined7_balanced_clustered_sim_missing_micro_oligo_2_fill_ext_l56_scnoise10,SVTuner + CytoSPACE
Astro_CTX,210.09926663135994,183.5564289167574,0.8736652529055488,mouse_brain_refined,mouse_brain_refined7_balanced_clustered_sim_missing_micro_oligo_2_fill_ext_l56_scnoise10,"Tangram
(all genes)"
Ext_L56,6283.849473706749,1409.6907557342677,0.22433553853140153,mouse_brain_refined,mouse_brain_refined7_balanced_clustered_sim_missing_micro_oligo_2_fill_ext_l56_scnoise10,"Tangram
(all genes)"
Ext_Thal_1,943.8409528470238,723.1684524331688,0.7661973664649607,mouse_brain_refined,mouse_brain_refined7_balanced_clustered_sim_missing_micro_oligo_2_fill_ext_l56_scnoise10,"Tangram
(all genes)"
Inh_Pvalb,946.3162679288729,644.6441451754374,0.6812142695024347,mouse_brain_refined,mouse_brain_refined7_balanced_clustered_sim_missing_micro_oligo_2_fill_ext_l56_scnoise10,"Tangram
(all genes)"
Nb_1,84.89403888599378,46.288924916522575,0.5452553032455562,mouse_brain_refined,mouse_brain_refined7_balanced_clustered_sim_missing_micro_oligo_2_fill_ext_l56_scnoise10,"Tangram
(all genes)"
Astro_CTX,210.09926663135994,175.29123679963436,0.8343257908995955,mouse_brain_refined,mouse_brain_refined7_balanced_clustered_sim_missing_micro_oligo_2_fill_ext_l56_scnoise10,"Tangram
(marker genes)"
Ext_L56,6283.849473706749,1447.5109323190366,0.2303541703816739,mouse_brain_refined,mouse_brain_refined7_balanced_clustered_sim_missing_micro_oligo_2_fill_ext_l56_scnoise10,"Tangram
(marker genes)"
Ext_Thal_1,943.8409528470238,745.0988938660813,0.7894326810237972,mouse_brain_refined,mouse_brain_refined7_balanced_clustered_sim_missing_micro_oligo_2_fill_ext_l56_scnoise10,"Tangram
(marker genes)"
Inh_Pvalb,946.3162679288729,650.0714538108617,0.6869494648270408,mouse_brain_refined,mouse_brain_refined7_balanced_clustered_sim_missing_micro_oligo_2_fill_ext_l56_scnoise10,"Tangram
(marker genes)"
Nb_1,84.89403888599378,46.78970373609536,0.551154172308027,mouse_brain_refined,mouse_brain_refined7_balanced_clustered_sim_missing_micro_oligo_2_fill_ext_l56_scnoise10,"Tangram
(marker genes)"
Astro_CTX,210.09926663135994,185.71129071307973,0.8839216513731515,mouse_brain_refined,mouse_brain_refined7_balanced_clustered_sim_missing_micro_oligo_2_fill_ext_l56_scnoise10,novoSpaRc
Ext_L56,6283.849473706749,1385.6348448790166,0.22050732607088552,mouse_brain_refined,mouse_brain_refined7_balanced_clustered_sim_missing_micro_oligo_2_fill_ext_l56_scnoise10,novoSpaRc
Ext_Thal_1,943.8409528470238,933.718368877453,0.9892751168096311,mouse_brain_refined,mouse_brain_refined7_balanced_clustered_sim_missing_micro_oligo_2_fill_ext_l56_scnoise10,novoSpaRc
Inh_Pvalb,946.3162679288729,811.5036803725931,0.8575396068680787,mouse_brain_refined,mouse_brain_refined7_balanced_clustered_sim_missing_micro_oligo_2_fill_ext_l56_scnoise10,novoSpaRc
Nb_1,84.89403888599378,80.24111252995198,0.9451913654115299,mouse_brain_refined,mouse_brain_refined7_balanced_clustered_sim_missing_micro_oligo_2_fill_ext_l56_scnoise10,novoSpaRc
Astro_CTX,210.09926663135994,179.91587064413795,0.8563374519522633,mouse_brain_refined,mouse_brain_refined7_balanced_clustered_sim_missing_micro_oligo_2_fill_ext_l56_scnoise10,SpaOTsc
Ext_L56,6283.849473706749,1835.5267516736506,0.29210227892217483,mouse_brain_refined,mouse_brain_refined7_balanced_clustered_sim_missing_micro_oligo_2_fill_ext_l56_scnoise10,SpaOTsc
Ext_Thal_1,943.8409528470238,902.0298759997103,0.9557011414675389,mouse_brain_refined,mouse_brain_refined7_balanced_clustered_sim_missing_micro_oligo_2_fill_ext_l56_scnoise10,SpaOTsc
Inh_Pvalb,946.3162679288729,838.05749814194,0.8855998005573017,mouse_brain_refined,mouse_brain_refined7_balanced_clustered_sim_missing_micro_oligo_2_fill_ext_l56_scnoise10,SpaOTsc
Nb_1,84.89403888599378,23.318689823667857,0.27467994372352905,mouse_brain_refined,mouse_brain_refined7_balanced_clustered_sim_missing_micro_oligo_2_fill_ext_l56_scnoise10,SpaOTsc
Astro_CTX,210.09926663135994,136.72263959456302,0.6507525789438213,mouse_brain_refined,mouse_brain_refined7_balanced_clustered_sim_missing_micro_oligo_2_fill_ext_l56_scnoise10,CellTrek
Ext_L56,6283.849473706749,2867.364605335572,0.4563070164766624,mouse_brain_refined,mouse_brain_refined7_balanced_clustered_sim_missing_micro_oligo_2_fill_ext_l56_scnoise10,CellTrek
Ext_Thal_1,943.8409528470238,225.41685395794713,0.23882927868089904,mouse_brain_refined,mouse_brain_refined7_balanced_clustered_sim_missing_micro_oligo_2_fill_ext_l56_scnoise10,CellTrek
Inh_Pvalb,946.3162679288729,637.0937660774845,0.6732355636999043,mouse_brain_refined,mouse_brain_refined7_balanced_clustered_sim_missing_micro_oligo_2_fill_ext_l56_scnoise10,CellTrek
Nb_1,84.89403888599378,84.37447847484012,0.9938798952438652,mouse_brain_refined,mouse_brain_refined7_balanced_clustered_sim_missing_micro_oligo_2_fill_ext_l56_scnoise10,CellTrek
